MeasureId,MeasureLocation,MeasureDate,County,Township,MeasureAddress,RadiatorTypeName,PowerDensityMax,ItemUnit,Legal
A01208,八德路四段610號無線網路電磁波量測,2017-07-24,臺北市,松山區,八德路四段610號,無線區域網路(Wi-Fi),0.001641,mW/cm<sup>2</sup>,True
A01204,南港路三段49號旁落地型變壓器量測,2017-07-24,臺北市,南港區,南港路三段49號,落地型變壓器,9.8,mG,True
A01203,忠孝東路與松信路口落地型變壓器量測,2017-07-24,臺北市,信義區,忠孝東路與松信路口,落地型變壓器,10.8,mG,True
A01202,忠孝東路五段289號旁落地型變壓器量測,2017-07-24,臺北市,信義區,忠孝東路五段289號,落地型變壓器,4.5,mG,True
U10479,海岸路199號對面落地型變壓器量測,2017-07-13,花蓮縣,吉安鄉,海岸路154號,落地型變壓器,75.5,mG,True
A01201,八德路四段827號對面,2017-07-24,臺北市,松山區,八德路四段827號對面,落地型變壓器,4.1,mG,True
A01199,八德路四段795號對面落地型變壓器量測,2017-07-24,臺北市,松山區,八德路四段795號對面,落地型變壓器,10.8,mG,True
U10478,北濱街2之2號對面落地型變壓器量測,2017-07-13,花蓮縣,花蓮市,北濱街2之2號對面,落地型變壓器,25,mG,True
E01134,HE106-07-001,2017-07-25,高雄市,苓雅區,高雄市苓雅區三多二路171號13F,手機基地臺,0.0451,mW/cm<sup>2</sup>,True
A01213,饒河街253號無線網路電磁波量測,2017-07-24,臺北市,松山區,饒河街253號,無線區域網路(Wi-Fi),0.000689,mW/cm<sup>2</sup>,True
A01212,舊宗路和新湖二路交岔口無線網路電磁波量測,2017-07-27,臺北市,內湖區,舊宗路和新湖二路交岔口,無線區域網路(Wi-Fi),0.001423,mW/cm<sup>2</sup>,True
A01211,南港路三段50巷口無線網路電磁波量測,2017-07-24,臺北市,南港區,南港路三段50巷口,無線區域網路(Wi-Fi),0.001629,mW/cm<sup>2</sup>,True
A01210,南港路三段9號無線網路電磁波量測,2017-07-24,臺北市,南港區,南港路三段9號,無線區域網路(Wi-Fi),0.000629,mW/cm<sup>2</sup>,True
A01209,行善路與舊宗路交叉口無線網路電磁波量測,2017-07-24,臺北市,內湖區,行善路與舊宗路交叉口,無線區域網路(Wi-Fi),0.000568,mW/cm<sup>2</sup>,True
A01200,八德路四段817號對面落地型變壓器量測,2017-07-24,臺北市,松山區,八德路四段817號,落地型變壓器,5.3,mG,True
U10477,北濱街8號對面落地型變壓器量測,2017-07-13,花蓮縣,花蓮市,北濱街9巷6號旁,落地型變壓器,8.5,mG,True
E01130,HE106-06-002 (FM金聲廣播電臺),2017-06-13,高雄市,苓雅區,高雄市苓雅區光華ㄧ路206號25樓附近,FM廣播電臺,0.0015,mW/cm<sup>2</sup>,True
U10475,林介公園門口落地型變壓器量測,2017-07-10,花蓮縣,花蓮市,介林九街17號對面,落地型變壓器,9.2,mG,True
A01194,信義區公所正門左側-落地型變壓器量測,2017-07-10,臺北市,信義區,信義區公所正門左側,落地型變壓器,18.8,mG,True
A01207,松山捷運站五號出口落地型變壓器量測,2017-07-25,臺北市,松山區,松山捷運站五號出口,落地型變壓器,10.8,mG,True
A01206,南港路三段149巷口落地型變壓器檢測,2017-07-24,臺北市,南港區,南港路三段149巷,落地型變壓器,12.6,mG,True
A01205,南港路三段204號對面落地型變壓器量測,2017-07-25,臺北市,南港區,南港路三段204號對面,落地型變壓器,10.1,mG,True
U10476,北濱街與五權街口落地型變壓器量測,2017-07-13,花蓮縣,花蓮市,五權街9之1號旁,落地型變壓器,13.2,mG,True
V00888,落地型變壓器量測,2017-07-03,臺東縣,台東市,臨海路一段38號凱旋星光酒店附近,落地型變壓器,3.85,mG,True
E01131,HE106-06-003 (FM南臺灣之聲廣播電臺),2017-06-13,高雄市,苓雅區,新光路38號38樓之1附近,FM廣播電臺,0.0007,mW/cm<sup>2</sup>,True
U10474,鳳仁國小旁落地型變壓器量測,2017-07-07,花蓮縣,鳳林鎮,光復路94號,落地型變壓器,5.5,mG,True
E01128,LE106-06-004,2017-06-27,高雄市,苓雅區,高雄市苓雅區輔仁路與武廟路交叉,落地型變壓器,14.196,mG,True
V00889,落地型變壓器量測,2017-07-03,臺東縣,台東市,臨海路一段183巷37號前路邊,落地型變壓器,4.45,mG,True
A01198,臺北市政府東門對面無線區域網路電磁波量測,2017-07-10,臺北市,信義區,臺北市政府東門對面,無線區域網路(Wi-Fi),0.00025,mW/cm<sup>2</sup>,True
A01197,信光三越A11前(松壽路上)-無線區域網路電磁波量測,2017-07-10,臺北市,信義區,信光三越A11前(松壽路上),無線區域網路(Wi-Fi),0.00063,mW/cm<sup>2</sup>,True
A01196,松智路與信義路口(101旁)-無線區域網路電磁波量測,2017-07-10,臺北市,信義區,松智路與信義路口(101旁),無線區域網路(Wi-Fi),0.00039,mW/cm<sup>2</sup>,True
A01195,松智路與信義路口-無線區域網路電磁波量測,2017-07-10,臺北市,信義區,松智路與信義路口,無線區域網路(Wi-Fi),0.00043,mW/cm<sup>2</sup>,True
E01129,LE106-06-005,2017-06-28,高雄市,小港區,高雄市小港區鳳陽路2號,落地型變壓器,110.63,mG,True
A01192,健康路與塔悠路交叉口(松山抽水站對面)-落地型變電箱電磁波量測,2017-05-02,臺北市,松山區,健康路與塔悠路235號,落地型變壓器,16.5,mG,True
A01191,健康路與三民路交叉口(西松公園前)-落地型變電箱電磁波量測,2017-03-13,臺北市,松山區,健康路與三民路交叉口(西松公園前),落地型變壓器,16.8,mG,True
A01193,健康路與寶清路交叉口-落地型變電箱電磁波量測,2017-03-13,臺北市,松山區,健康路與寶清路交叉口,落地型變壓器,22.6,mG,True
A01183,萬芳路萬芳三號公園前-落地型變壓器,2017-02-13,臺北市,文山區,萬芳路萬芳三號公園前,落地型變壓器,1,mG,True
A01182,萬利街9號對面-落地型變壓器,2017-02-13,臺北市,文山區,萬利街9號對面,落地型變壓器,1.7,mG,True
A01190,健康路塔悠路交岔口-落地型變電箱電磁波量測,2017-05-02,臺北市,松山區,健康路塔悠路交岔口,落地型變壓器,22.6,mG,True
A01186,八德路四段768巷1弄口-無線網路電磁波量測,2017-03-13,臺北市,南港區,八德路四段768巷1弄,無線區域網路(Wi-Fi),0.00017,mW/cm<sup>2</sup>,True
A01185,萬芳路64巷口前-站臺式變壓器,2017-02-13,臺北市,文山區,萬芳路64巷口前,站臺式變壓器,1.9,mG,True
A01181,萬利街5號對面-落地形變壓器,2017-02-13,臺北市,文山區,萬利街5號,落地型變壓器,1.6,mG,True
A01180,萬利街3號-落地形變壓器,2017-02-13,臺北市,文山區,萬利街3號,落地型變壓器,0.6,mG,True
A01187,健康路268號旁-落地型變電箱電磁波量測,2017-03-13,臺北市,松山區,健康路268號,落地型變壓器,21.3,mG,True
B01005,台中市北區華美街二段318號前(麻頭園溪旁),2017-06-25,臺中市,北區,臺中市北區華美街二段318號,落地型變壓器,0.105,mG,True
Q10259,義竹鄉嘉22線約6.3公里處,2017-06-16,嘉義縣,義竹鄉,義竹鄉嘉22線約6.3公里處,手機基地臺,0.00229,mW/cm<sup>2</sup>,True
Q10257,布袋鎮九司廟前約300公尺,2017-06-02,嘉義縣,布袋鎮,布袋鎮九司廟前約300公尺,手機基地臺,0.00207,mW/cm<sup>2</sup>,True
Q10256,東石鄉彩霞大道400號旁,2017-06-02,嘉義縣,東石鄉,東石鄉彩霞大道400號旁,落地型變壓器,2.883,mG,True
M10153,草屯鎮立人路158巷63號前,2017-06-13,南投縣,草屯鎮,草屯鎮立人路158巷63號,站臺式變壓器,2.09,mG,True
X10191,澎20鄉道湖西鄉隘門沙灘中華電信-基地台,2017-03-21,澎湖縣,湖西鄉,湖西鄉隘門村60號,手機基地臺,0.092,mW/cm<sup>2</sup>,True
X10188,澎7鄉道白沙鄉遠傳電信-基地台,2017-03-21,澎湖縣,白沙鄉,澎7鄉道白沙鄉遠傳電信基地台,手機基地臺,0.093,mW/cm<sup>2</sup>,True
X10184,馬公市鎖港里巨國企業-基地台,2017-03-20,澎湖縣,馬公市,馬公市鎖港里1923號,手機基地臺,0.129,mW/cm<sup>2</sup>,True
M10150,南投市彰南路三段(貓羅溪橋下),2017-06-13,南投縣,南投市,南投市彰南路三段(貓羅溪橋下),落地型變壓器,3.61,mG,True
X10180,西嶼鄉竹灣活動中心後落地型變電器,2017-03-16,澎湖縣,西嶼鄉,竹灣活動中心後,落地型變壓器,25.4,mG,True
V00886,台東市宏東世貿大樓A棟東側基地台量測,2017-06-12,臺東縣,台東市,四維路三段11~17號,手機基地臺,0.00938,mW/cm<sup>2</sup>,True
X10178,西嶼鄉西臺古堡落地型變電器,2017-03-16,澎湖縣,西嶼鄉,西臺古堡,落地型變壓器,0.9,mG,True
E01117,LE106-05-006,2017-05-12,高雄市,三民區,高雄市三民區十全ㄧ路46號附近,落地型變壓器,69.171,mG,True
M10148,南投市光華路與光華七路口(中興分局斜對面),2017-06-06,南投縣,南投市,南投市光華路與光華七路口(中興分局斜對面),落地型變壓器,16.35,mG,True
M10155,草屯鎮碧山南路185號(草屯消防隊前),2017-06-20,南投縣,草屯鎮,草屯鎮碧山南路185號,站臺式變壓器,17.52,mG,True
M10154,草屯鎮碧山路與復興路口(復興派出所旁),2017-06-20,南投縣,草屯鎮,草屯鎮碧山路與復興路口,站臺式變壓器,99.7,mG,True
M10156,草屯鎮復興路455號前(草屯鎮復興里集會所對面),2017-06-13,南投縣,草屯鎮,草屯鎮復興路455號,站臺式變壓器,3.16,mG,True
M10151,南投市彰南路三段1195號(富有天賞社區),2017-06-13,南投縣,南投市,南投市彰南路三段1195號,站臺式變壓器,0.71,mG,True
X10190,馬公市鎖港中華電信-基地台,2017-03-20,澎湖縣,馬公市,馬公市五德里37-1號,手機基地臺,0.045,mW/cm<sup>2</sup>,True
X10189,白沙鄉中華電信-基地台,2017-03-21,澎湖縣,白沙鄉,白沙鄉赤崁村357-2號,手機基地臺,0.019,mW/cm<sup>2</sup>,True
X10182,馬公市風櫃里基地台,2017-03-20,澎湖縣,馬公市,馬公市風櫃里基地台,手機基地臺,0.084,mW/cm<sup>2</sup>,True
V00887,台東市宏東世貿大樓A棟西側基地台量測,2017-06-12,臺東縣,台東市,四維路三段11~17號,手機基地臺,0.02122,mW/cm<sup>2</sup>,True
U10470,美妙藝觀光花園左側落地型變壓器量測-2,2017-06-16,花蓮縣,吉安鄉,北昌村中央路三段451號前,落地型變壓器,16.2,mG,True
U10469,美妙藝觀光花園左側落地型變壓器量測-1,2017-06-16,花蓮縣,吉安鄉,北昌村中央路三段451號前,落地型變壓器,39.5,mG,True
U10468,池南路一段116號對面落地型變壓器量測,2017-06-16,花蓮縣,壽豐鄉,池南村池南路一段116號對面,落地型變壓器,1.2,mG,True
M10145,南投市向陽路與向上路口,2017-06-06,南投縣,南投市,南投市向陽路與向上路口,落地型變壓器,20.61,mG,True
B01004,臺中市北屯區中清路二段896號(麥當勞旁工地前),2017-06-25,臺中市,北屯區,臺中市北屯區中清路二段896號,落地型變壓器,2.228,mG,True
X10175,白沙鄉赤崁活動中心前落地型變電器,2017-03-15,澎湖縣,白沙鄉,赤崁社區活動中心前,落地型變壓器,75.7,mG,True
E01113,LE106-05-002,2017-05-01,高雄市,苓雅區,高雄市苓雅區福德三路96號附近,落地型變壓器,92.501,mG,True
E01112,LE106-05-001,2017-05-01,高雄市,苓雅區,高雄市苓雅區明德街1號附近,落地型變壓器,53.193,mG,True
Q10261,鹿草鄉下潭提防0+700K處,2017-06-27,嘉義縣,鹿草鄉,鹿草鄉下潭提防0+700K處,手機基地臺,0.00286,mW/cm<sup>2</sup>,True
Q10260,鹿草鄉163線27公里處,2017-06-16,嘉義縣,鹿草鄉,鹿草鄉163線27公里處,手機基地臺,0.00237,mW/cm<sup>2</sup>,True
X10186,西嶼山麗山莊入口-基地台,2017-03-21,澎湖縣,西嶼鄉,西嶼山麗山莊入口前,手機基地臺,0.017,mW/cm<sup>2</sup>,True
E01119,LE106-05-008,2017-05-17,高雄市,楠梓區,高雄市楠梓區常德路20號附近,落地型變壓器,5.168,mG,True
E01118,LE106-05-007,2017-05-15,高雄市,鼓山區,高雄市鼓山區迪化街64號附近,落地型變壓器,45.591,mG,True
X10185,西嶼燈塔入口處,2017-03-21,澎湖縣,西嶼鄉,西嶼燈塔入口處,手機基地臺,0.065,mW/cm<sup>2</sup>,True
X10183,馬公市山水里-基地台,2017-03-20,澎湖縣,馬公市,馬公市山水里300號旁,手機基地臺,0.037,mW/cm<sup>2</sup>,True
X10173,白沙鄉白沙農會落地型變電器,2017-03-15,澎湖縣,白沙鄉,白沙農會,落地型變壓器,7.3,mG,True
X10170,湖西鄉隘門空軍基地旁落地型變電器,2017-03-14,澎湖縣,湖西鄉,隘門空軍基地旁,落地型變壓器,40,mG,True
X10187,湖西鄉公所前中華電信基地台,2017-03-21,澎湖縣,湖西鄉,湖西鄉湖西村77-16號,手機基地臺,0.095,mW/cm<sup>2</sup>,True
X10181,西嶼鄉合界村7-11前落地型變電器,2017-03-16,澎湖縣,西嶼鄉,合界村7-11前,落地型變壓器,27.7,mG,True
X10179,西嶼鄉二崁村落地型變電器,2017-03-16,澎湖縣,西嶼鄉,二崁村,落地型變壓器,5.5,mG,True
M10149,南投市南崗三路242號(台亞石油冠旭加油站前),2017-06-13,南投縣,南投市,南投市南崗三路242號(台亞石油冠旭加油站前),落地型變壓器,8.96,mG,True
V00885,台東市宏東世貿大樓B棟西側基地台量測,2017-06-12,臺東縣,台東市,四維路三段11~17號,手機基地臺,0.03033,mW/cm<sup>2</sup>,True
U10473,正義街與復興街交叉口旁落地型變壓器量測,2017-06-20,花蓮縣,花蓮市,正義街1號旁,落地型變壓器,21.6,mG,True
U10472,復興街126號對面落地型變壓器量測,2017-06-20,花蓮縣,花蓮市,復興街126號對面,落地型變壓器,10.9,mG,True
U10471,復興街130號對面落地型變壓器量測,2017-06-20,花蓮縣,花蓮市,復興街130號對面,落地型變壓器,55.7,mG,True
V00884,台東市宏東世貿大樓B棟東側基地台量測,2017-06-12,臺東縣,台東市,四維路三段11~17號,手機基地臺,0.02069,mW/cm<sup>2</sup>,True
M10147,南投市光華路(財政部國庫署旁),2017-06-06,南投縣,南投市,南投市光華路(財政部國庫署旁),落地型變壓器,8.9,mG,True
M10146,南投市省府路與營北路口,2017-06-06,南投縣,南投市,南投市省府路與營北路口,落地型變壓器,4.21,mG,True
E01116,LE106-05-005,2017-05-12,高雄市,苓雅區,高雄市苓雅區明德街157號附近,落地型變壓器,62.738,mG,True
E01115,LE106-05-004,2017-05-08,高雄市,前鎮區,高雄市前鎮區班超路93號附近,落地型變壓器,130.5,mG,True
E01114,LE106-05-003,2017-05-03,高雄市,前鎮區,高雄市前鎮區鎮中路115號附近,落地型變壓器,32.441,mG,True
X10177,西嶼鄉外垵溫王宮前落地型變電器,2017-03-16,澎湖縣,西嶼鄉,外垵溫王宮前,落地型變壓器,16.3,mG,True
X10176,白沙鄉歧頭遊憩區落地型變電器,2017-03-15,澎湖縣,白沙鄉,歧頭遊憩區,落地型變壓器,9.7,mG,True
X10171,隘門社區落地型變電器,2017-03-14,澎湖縣,湖西鄉,隘門社區,落地型變壓器,10.7,mG,True
X10167,林投公園停車場落地型變電器,2017-03-14,澎湖縣,湖西鄉,林投公園停車場,落地型變壓器,2.1,mG,True
F01299,七張變電所,2017-05-02,新北市,新店區,寶橋路101號,變電所,11.57,mG,True
X10174,白沙鄉北海遊客中心旁落地型變電器,2017-03-15,澎湖縣,白沙鄉,北海遊客中心旁,落地型變壓器,7.9,mG,True
X10172,白沙鄉民眾服務社前落地型變電器,2017-03-15,澎湖縣,白沙鄉,白沙鄉民眾服務社前,落地型變壓器,22.5,mG,True
E01111,LE106-04-004,2017-04-25,高雄市,苓雅區,高雄市苓雅區福安路473號附近,落地型變壓器,97.115,mG,True
X10169,湖西鄉全聯福利中心旁落地型變電器,2017-03-14,澎湖縣,湖西鄉,湖西全聯福利中心旁,落地型變壓器,67.7,mG,True
X10168,湖西鄉衛生所旁落地型變電器,2017-03-14,澎湖縣,湖西鄉,湖西鄉衛生所旁,落地型變壓器,17.3,mG,True
D00985,善化區茄拔派出所前落地型變壓器量測(N1219、BD82),2017-05-23,臺南市,善化區,茄拔派出所,落地型變壓器,209.1,mG,True
M10143,南投縣南投市光明一路67號光復國小大門口前,2017-05-25,南投縣,南投市,南投縣南投市光明一路67號,落地型變壓器,22.8,mG,True
M10142,南投市光明路1號國家文官學院大門旁,2017-05-22,南投縣,南投市,南投市光明路1號,落地型變壓器,2.89,mG,True
E01110,LE106-04-003,2017-04-21,高雄市,楠梓區,高雄市楠梓區後昌路599號附近,落地型變壓器,108.87,mG,True
F01298,大豐變電所,2017-05-02,新北市,新店區,建國路246號,變電所,16.52,mG,True
M10144,草屯鎮富林路一段320號全家便利商店前,2017-05-25,南投縣,草屯鎮,草屯鎮富林路一段320號,落地型變壓器,13.81,mG,True
M10141,南投市光明路35號光明派出所對面,2017-05-22,南投縣,南投市,光明路35號,落地型變壓器,7.1,mG,True
D00980,北區臺南公園西南側落地型變壓器量測(P9789、FE2201),2017-05-12,臺南市,北區,臺南公園,落地型變壓器,4.469,mG,True
U10460,中原國小前落地型變壓器量測,2017-05-11,花蓮縣,花蓮市,中原路531號,落地型變壓器,11.7,mG,True
U10459,和平路91號前落地型變壓器量測,2017-05-11,花蓮縣,花蓮市,和平路91號,落地型變壓器,25.3,mG,True
D00977,中西區孔廟文化園區南側落地型變壓器量測(P9687、HA32),2017-04-24,臺南市,中西區,孔廟文化園區,落地型變壓器,3.114,mG,True
D00972,安南區木工職業工會對面停車場落地型變壓器量測,2017-04-07,臺南市,安南區,安南區木工職業工會對面停車場,落地型變壓器,21.88,mG,True
D00979,北區兒童科學館西側對面落地型變壓器量測(P9790、GB24),2017-05-12,臺南市,北區,兒童科學館,落地型變壓器,6.115,mG,True
B00996,臺中市南區國光路261號(國光小學),2017-05-12,臺中市,南區,臺中市南區國光路261號,落地型變壓器,4.069,mG,True
B00995,臺中市西屯區重慶路1號(何厝國小),2017-05-12,臺中市,西屯區,臺中市西屯區重慶路1號,落地型變壓器,0.587,mG,True
V00883,台東市森林公園活水湖旁落地型變壓器量測,2017-04-19,臺東縣,台東市,森林公園活水湖,落地型變壓器,2.87,mG,True
U10458,永興路7號對面落地型變壓器量測,2017-04-27,花蓮縣,花蓮市,永興路7號對面,落地型變壓器,8.4,mG,True
U10457,府前路206號對面落地型變壓器量測,2017-04-27,花蓮縣,花蓮市,府前路206號對面,落地型變壓器,3.8,mG,True
U10456,玉里監理站前落地型變壓器量測,2017-04-26,花蓮縣,玉里鎮,中華路427號前,落地型變壓器,8.7,mG,True
U10455,台11丙15.9K處落地型變壓器量測,2017-04-26,花蓮縣,壽豐鄉,溪口村台11丙15.9K處,落地型變壓器,0.5,mG,True
U10454,台11丙15.8K處落地型變壓器量測,2017-04-26,花蓮縣,壽豐鄉,溪口村台11丙15.8K處,落地型變壓器,0.2,mG,True
D00978,中西區華南銀行台南分行西北側落地型變壓器量測(P9688、FB34),2017-04-24,臺南市,中西區,華南銀行台南分行,落地型變壓器,6.5,mG,True
D00976,中西區南門公園東南側落地型變壓器量測(P9686、HB65),2017-04-24,臺南市,中西區,南門公園,落地型變壓器,5.421,mG,True
D00975,佳里區佳里郵局門口旁落地型變壓器量測(M9325、GD2301),2017-04-20,臺南市,佳里區,佳里郵局,落地型變壓器,4.332,mG,True
D00974,佳里區-地政事務所對面落地型變壓器量測(M9325、FE5301),2017-04-20,臺南市,佳里區,地政事務所,落地型變壓器,54.48,mG,True
D00971,安平區公所東北側落地型變壓器量測(P9288、EC00),2017-03-30,臺南市,安平區,臺南市安平區育平路316號,落地型變壓器,20.61,mG,True
D00970,安平區府平公園東南側落地型變壓器量測(P9286、HC45),2017-03-30,臺南市,安平區,安平區府平公園,落地型變壓器,5.26,mG,True
D00969,安平區明和公園南側落地型變壓器量測(P9483、DC2901),2017-03-30,臺南市,安平區,安平區明和公園,落地型變壓器,4.682,mG,True
D00981,北區消防局第六大隊和緯分隊北側落地型變壓器量測(P9591、FD87),2017-05-12,臺南市,北區,消防局第六大隊和緯分隊,落地型變壓器,120.3,mG,True
V00878,基地台電磁波量測,2017-01-17,臺東縣,大武鄉,大鳥村大鳥路246號2樓樓頂,手機基地臺,0.00539,mW/cm<sup>2</sup>,True
D00973,佳里區-北門區社會福利中心落地型變壓器量測(M9325、FE67),2017-04-20,臺南市,佳里區,北門區社會福利中心,落地型變壓器,12.82,mG,True
V00882,台東區農業改良場豐里試驗地前變電箱量測,2017-03-30,臺東縣,台東市,成都南路427巷21號,落地型變壓器,5.83,mG,True
V00881,國有財產署北區分署台東辦事處對面落地型變壓器量測,2017-03-30,臺東縣,台東市,大同路59號對面,落地型變壓器,11.03,mG,True
D00982,北區孝德公園西側落地型變壓器量測(P9693、FA25),2017-05-12,臺南市,北區,孝德公園,落地型變壓器,103.2,mG,True
V00879,基地台電磁波量測,2017-01-17,臺東縣,大武鄉,大鳥村大鳥路264號,手機基地臺,0.00743,mW/cm<sup>2</sup>,True
D00984,善化區中華電信(興農路207號)東北側落地型變壓器量測(N0618、DC07),2017-05-23,臺南市,善化區,善化區中華電信(興農路207號),落地型變壓器,92.47,mG,True
U10466,建國路一段113號前落地型變壓器量測,2017-05-23,花蓮縣,吉安鄉,建國路一段113號,落地型變壓器,5.6,mG,True
U10465,建國路一段98-1號前落地型變壓器量測,2017-05-23,花蓮縣,吉安鄉,建國路一段98-1號,落地型變壓器,36.2,mG,True
U10464,建國路一段48號前落地型變壓器量測,2017-05-23,花蓮縣,吉安鄉,建國路一段48號,落地型變壓器,3.8,mG,True
D00983,善化區臺南市政府警察局善化分局西北側落地型變壓器量測(N0518、CA16),2017-05-23,臺南市,善化區,臺南市政府警察局善化分局,落地型變壓器,101.1,mG,True
U10467,建國路一段109號前落地型變壓器量測,2017-05-23,花蓮縣,吉安鄉,建國路一段109號,落地型變壓器,12.9,mG,True
U10463,中美路139號對面落地型變壓器量測,2017-05-22,花蓮縣,花蓮市,中美路139號對面,落地型變壓器,10.8,mG,True
U10462,中美路117號對面落地型變壓器量測,2017-05-22,花蓮縣,花蓮市,中美路117號對面,落地型變壓器,9.4,mG,True
U10461,東興路中油大樓前落地型變壓器量測,2017-05-22,花蓮縣,花蓮市,東興路285號前,落地型變壓器,7.8,mG,True
B00990,臺中市南屯區黎明路一段968號(南屯國小),2017-03-28,臺中市,南屯區,臺中市南屯區黎明路一段968號,落地型變壓器,2.779,mG,True
B00983,台中市中區三民路二段148號(光復國小),2017-02-08,臺中市,中區,台中市中區三民路二段148號,落地型變壓器,16.65,mG,True
B00991,臺中市北區三民路三段313號住宅頂樓,2017-03-24,臺中市,北區,臺中市北區三民路三段313號,手機基地臺,4.5E-05,mW/cm<sup>2</sup>,True
B00986,臺中市東區大公街100號(臺中國小附設自立幼稚園),2017-03-24,臺中市,東區,臺中市東區大公街100號,落地型變壓器,1.323,mG,True
U10446,民族路21號前落地型變壓器量測,2017-02-26,花蓮縣,花蓮市,民族路21號,落地型變壓器,10.4,mG,True
U10453,建國路二段與明仁一街51巷口落地型變壓器量測,2017-03-20,花蓮縣,吉安鄉,建國路二段與明仁一街51巷口,落地型變壓器,1.8,mG,True
U10452,建國路一段93號前落地型變壓器量測,2017-03-20,花蓮縣,吉安鄉,建國路一段93號,落地型變壓器,30.3,mG,True
U10448,民族路36號前落地型變壓器量測,2017-02-26,花蓮縣,花蓮市,民族路36號,落地型變壓器,39.2,mG,True
U10445,中興路83號前落地型變壓器量測,2017-02-26,花蓮縣,花蓮市,中興路83號,落地型變壓器,15.9,mG,True
B00989,臺中市南屯區永春東路885號(萬和國中),2017-03-24,臺中市,南屯區,臺中市南屯區永春東路885號,落地型變壓器,0.65,mG,True
U10447,中興路55號旁落地型變壓器量測,2017-02-26,花蓮縣,花蓮市,中興路55號,落地型變壓器,5.5,mG,True
U10444,忠義一街與吉林路口落地型變壓器量測,2017-02-26,花蓮縣,花蓮市,吉林路11之2號,落地型變壓器,22.2,mG,True
F01281,秀朗變電所,2016-12-30,新北市,永和區,永元里1鄰秀朗路二段40號,變電所,13.05,mG,True
F01276,中和變電所,2016-12-30,新北市,中和區,南工路1號,變電所,31.58,mG,True
F01275,淡水變電所,2016-12-29,新北市,淡水區,英專路122巷8 號,變電所,17.88,mG,True
F01272,隆恩變電所,2016-12-28,新北市,三峽區,隆恩街241號,變電所,6.641,mG,True
F01271,介壽變電所,2016-12-28,新北市,三峽區,介壽路一段422號,變電所,15.41,mG,True
U10443,永興路76號前落地型變壓器量測,2017-01-18,花蓮縣,花蓮市,永興路76號,落地型變壓器,14.1,mG,True
U10442,民權路169之3號前落地型變壓器量測,2017-01-18,花蓮縣,花蓮市,民權路169之3號,落地型變壓器,22.2,mG,True
U10441,民權路189之2號前落地型變壓器量測,2017-01-18,花蓮縣,花蓮市,民權路189之2號,落地型變壓器,36.8,mG,True
F01285,板橋變電所,2016-12-30,新北市,土城區,峰廷里1鄰延吉街111巷15號,變電所,18.15,mG,True
F01284,社后變電所,2016-12-30,新北市,板橋區,幸福里16鄰新海路135巷2號,變電所,5.121,mG,True
F01283,七張變電所,2016-12-30,新北市,新店區,寶橋路101號,變電所,2.811,mG,True
F01280,信南變電所,2016-12-30,新北市,中和區,景福里和平街33號,變電所,10.22,mG,True
F01274,興仁變電所,2016-12-29,新北市,淡水區,興仁路160號,變電所,12.44,mG,True
U10440,民權路195號前落地型變壓器量測,2017-01-18,花蓮縣,花蓮市,民權路195號,落地型變壓器,6.2,mG,True
F01282,大豐變電所,2016-12-30,新北市,新店區,建國路246號,變電所,6.7801,mG,True
F01270,三鶯變電所,2016-12-28,新北市,三峽區,中正路一段6 4 號,變電所,2.941,mG,True
F01269,樹林變電所,2016-12-02,新北市,樹林區,備前街130號,變電所,16.67,mG,True
F01268,鶯北變電所,2016-12-02,新北市,樹林區,民和巷13號,變電所,12.84,mG,True
U10439,美崙派出所前落地型變壓器量測,2017-01-18,花蓮縣,花蓮市,民權路209號,落地型變壓器,4.9,mG,True
B00988,臺中市東區仁和路330號(東峰中學),2017-03-24,臺中市,東區,臺中市東區仁和路330號,落地型變壓器,0.286,mG,True
A00912,臺北市仁愛國小電磁場量測,2014-06-23,臺北市,大安區,安和路一段60號,學校極低頻設施,7.6,mG,True
E00867,LE103-06-003 (二苓國民小學),2014-06-06,高雄市,小港區,高雄市小港區立群路6號,學校極低頻設施,5.091,mG,True
G00664,宜蘭市公園路變電箱量測,2014-06-13,宜蘭縣,宜蘭市,公園路369號旁,落地型變壓器,2.412,mG,True
G00663,宜蘭市建蘭北路變電箱量測,2014-06-13,宜蘭縣,宜蘭市,建蘭北路與縣政十街交叉口,落地型變壓器,1.283,mG,True
G00655,冬山鄉永興路一段變電箱量測,2014-06-13,宜蘭縣,冬山鄉,永興路一段22號前,落地型變壓器,9.203,mG,True
Q10123,新港鄉古民國小,2014-06-16,嘉義縣,新港鄉,古民村161號,學校極低頻設施,39.15,mG,True
H00858,桃園縣中壢市忠孝路331號旁落地型變壓器量測,2014-06-17,桃園市,中壢區,忠孝路331號,落地型變壓器,15.2,mG,True
H00857,桃園縣中壢市(復興宮)旁文化二路與元生三街交叉路口落地型變壓器量測,2014-06-17,桃園市,中壢區,中壢市(復興宮)旁文化二路與元生三街交叉路口,落地型變壓器,1.4,mG,True
A00910,內湖區民權東路六段30號旁-落地型變壓器檢測,2014-06-16,臺北市,內湖區,民權東路六段30號,落地型變壓器,1.6,mG,True
H00853,桃園市國豐六街227巷26號旁落地型變壓器量測,2014-06-11,桃園市,桃園區,國豐六街227巷26號旁,落地型變壓器,24.4,mG,True
G00657,羅東鎮光榮路變電箱量測,2014-06-13,宜蘭縣,羅東鎮,光榮路48號前,落地型變壓器,28.79,mG,True
G00656,冬山鄉冬山路五段變電箱量測,2014-06-13,宜蘭縣,冬山鄉,冬山路五段279號前,落地型變壓器,63.26,mG,True
G00652,蘇澳鎮頂強路變電箱量測,2014-06-12,宜蘭縣,蘇澳鎮,頂強路19號前,落地型變壓器,2.841,mG,True
H00851,桃園市國豐六街52號旁落地型變壓器量測,2014-06-11,桃園市,桃園區,國豐六街52號,落地型變壓器,14.6,mG,True
E00865,LE103-06-001 (民族國民中學),2014-06-03,高雄市,三民區,高雄市三民區覺民路363號,學校極低頻設施,5.507,mG,True
G00647,員山鄉復興路變電箱量測,2014-06-12,宜蘭縣,員山鄉,復興路(圓山公園前),落地型變壓器,3.788,mG,True
A00907,內湖區新明路143巷與潭美街口-落地型變壓,2014-06-04,臺北市,內湖區,新明路143巷與潭美街口,落地型變壓器,1.8,mG,True
A00911,臺北市博愛國小電磁場量測,2014-06-18,臺北市,信義區,松仁路95巷20號,學校極低頻設施,6.3,mG,True
H00855,桃園縣中壢市文化二路路與長春路交叉路口,2014-06-17,桃園市,桃園區,桃園縣中壢市文化二路路與長春路交叉路口,落地型變壓器,38.7,mG,True
H00854,桃園縣中壢市長春三路與吉林路55巷交叉口,2014-06-17,桃園市,桃園區,桃園縣中壢市長春三路與吉林路55巷交叉口,落地型變壓器,7.7,mG,True
E00866,LE103-06-002 (高雄高級工業職業學校),2014-06-04,高雄市,三民區,高雄市三民區建工路419號,學校極低頻設施,1.939,mG,True
G00662,宜蘭市建蘭南路變電箱量測,2014-06-13,宜蘭縣,宜蘭市,建蘭南路155號旁,落地型變壓器,10.3,mG,True
G00661,五結鄉利工三路變電箱量測,2014-06-13,宜蘭縣,五結鄉,利工三路與利寶路交叉口,落地型變壓器,2.582,mG,True
G00659,五結鄉自強路42巷變電箱量測,2014-06-13,宜蘭縣,五結鄉,自強路42巷20號前,落地型變壓器,11.48,mG,True
A00909,內湖區成功路二段與潭美街口-落地型變壓器檢測,2014-06-16,臺北市,內湖區,成功路二段與潭美街口,落地型變壓器,2.5,mG,True
G00654,冬山鄉成興路變電箱量測,2014-06-12,宜蘭縣,冬山鄉,成興路648號前,落地型變壓器,19.14,mG,True
G00651,蘇澳鎮自強路變電箱量測,2014-06-12,宜蘭縣,蘇澳鎮,自強路1號前,落地型變壓器,19.11,mG,True
G00648,員山鄉員山路一段變電箱量測,2014-06-12,宜蘭縣,員山鄉,員山路一段333號前,落地型變壓器,1.802,mG,True
A00898,內湖區安康路與安康路22巷口-落地型變壓器檢測,2014-05-24,臺北市,內湖區,安康路22巷口,落地型變壓器,4,mG,True
A00897,建國南路二段79巷口地下電纜量測,2014-05-14,臺北市,大安區,建國南路二段79巷口,輸配線路,4.89,mG,True
D00826,臺南市北區東豐路305巷11號_開元變電所,2015-05-06,臺南市,北區,東豐路305巷11號,變電所,9.808,mG,True
D00827,臺南市北區中華北路500號_安南變電所,2015-05-07,臺南市,北區,中華北路500號,變電所,27.83,mG,True
A00969,北投區同德街-落地型變壓器檢測,2015-04-23,臺北市,北投區,同德街,落地型變壓器,8.1,mG,True
E00915,LE104-04-002,2015-04-20,高雄市,小港區,高雄市小港區平和南路196號附近,落地型變壓器,8.291,mG,True
H00906,桃園區新和街10號旁-落地型變壓器量測,2015-02-11,桃園市,桃園區,新和街10號,落地型變壓器,23.2,mG,True
H00904,桃園區愛二街163號旁-落地型變壓器檢測,2015-02-11,桃園市,桃園區,愛二街163號,落地型變壓器,11.2,mG,True
H00903,桃園區北埔路173號旁-落地型變壓器量測,2015-02-11,桃園市,桃園區,北埔路173號,落地型變壓器,21.9,mG,True
H00900,桃園區信義街4號旁-落地型變壓器量測,2015-01-28,桃園市,桃園區,信義街4號,落地型變壓器,27.8,mG,True
E00914,LE104-04-001,2015-04-17,高雄市,三民區,高雄市三民區大昌路258號附近,落地型變壓器,6.795,mG,True
A00962,信義區光復南路451-453號之2前人行道-落地型變壓器檢測,2015-03-30,臺北市,信義區,光復南路451-號之2,落地型變壓器,46.6,mG,True
E00916,LE104-04-003,2015-04-23,高雄市,新興區,高雄市新興區忠孝一路95號附近,落地型變壓器,32.465,mG,True
G00746,宜蘭市中興路332號基地台量測,2015-11-26,宜蘭縣,宜蘭市,中興路332號,手機基地臺,0.00521,mW/cm<sup>2</sup>,True
F01097,八里國小,2015-09-17,新北市,八里區,中山路2段338號,學校極低頻設施,6.085,mG,True
F01106,文德國小,2015-09-22,新北市,板橋區,英士路179號,學校極低頻設施,20.21,mG,True
A00971,信義區永吉路120巷與永吉路30巷83弄交叉口人行道-落地型變壓器檢測,2015-04-24,臺北市,信義區,永吉路30巷83弄,落地型變壓器,4.5,mG,True
A00970,北投區石牌路與立農路2段交叉口人行道-落地型變壓器檢測,2015-04-24,臺北市,北投區,立農路2段,落地型變壓器,3.7,mG,True
A00967,松山區松信路雅祥公園人行道-落地型變壓器檢測,2015-04-15,臺北市,松山區,松山區松信路雅祥公園,落地型變壓器,9.6,mG,True
A00966,松山區松信路與永吉路交叉口人行道-落地型變壓器檢測,2015-04-15,臺北市,松山區,松信路與永吉路交叉口人行道,落地型變壓器,14.8,mG,True
H00905,桃園區愛二街170號旁-落地型變壓器檢測,2015-02-11,桃園市,桃園區,愛二街170號,落地型變壓器,2.4,mG,True
H00902,桃園區桃三街49號旁-落地型變壓器量測,2015-01-28,桃園市,桃園區,桃三街49號,落地型變壓器,16.4,mG,True
H00901,桃園區東央街34號旁-落地型變壓器量測,2015-01-28,桃園市,桃園區,中央街34號旁,落地型變壓器,26.5,mG,True
A00965,松山區光復北路32號前人行道落地型變壓器,2015-04-14,臺北市,松山區,光復北路32號,落地型變壓器,5.4,mG,True
E00911,LE104-03-001,2015-03-04,高雄市,鼓山區,高雄市鼓山區逢甲路32號附近,落地型變壓器,61.961,mG,True
A00964,內湖區康寧路3段75巷207弄-落地型變壓器檢測,2015-04-07,臺北市,內湖區,康寧路3段75巷207弄,落地型變壓器,5,mG,True
B00885,哈魚碼頭(900MHz),2015-05-31,臺中市,南屯區,環中路四段2號附近,手機基地臺,6.73E-10,mW/cm<sup>2</sup>,True
A00963,信義區基隆路與松壽路交叉口人行道-落地型變,2015-03-30,臺北市,信義區,基隆路與松壽路交叉口,落地型變壓器,2,mG,True
A00961,信義區光復南路420號之1前人行道-落地型變壓器檢測,2015-03-30,臺北市,松山區,信義區光復南路420號之1,落地型變壓器,6.3,mG,True
A00960,信義區仁愛路四段與光復南路交叉口,2015-03-30,臺北市,信義區,信義區仁愛路四段與光復南路交叉口,落地型變壓器,36.8,mG,True
B00871,西屯區永福路26號附近,2015-03-30,臺中市,西屯區,永福路26號附近,落地型變壓器,2.216,mG,True
B00870,太平區太平路726號附近,2015-03-30,臺中市,太平區,太平路726號附近,落地型變壓器,2.576,mG,True
E00913,LE104-03-002,2015-03-20,高雄市,前鎮區,高雄市前鎮區樹人路261號附近,落地型變壓器,33.189,mG,True
A00968,北投區行義路5巷對面人行道-落地型變壓器檢測,2015-04-23,臺北市,北投區,行義路5巷,落地型變壓器,7.6,mG,True
H00899,桃園區東國街12巷(東門國小前)-落地型變壓器量測,2015-01-28,桃園市,桃園區,東國街12巷,落地型變壓器,8.8,mG,True
B00886,哈魚碼頭(1800MHz),2015-05-31,臺中市,南屯區,環中路四段2號附近,手機基地臺,7.1E-11,mW/cm<sup>2</sup>,True
B00872,新社區興社街二段28-1號附近,2015-03-30,臺中市,新社區,興社街二段28-1號附近,落地型變壓器,2.193,mG,True
B00868,北屯區崇德路二段520號附近,2015-03-24,臺中市,北屯區,崇德路二段520號附近,落地型變壓器,2.066,mG,True
A00955,台北市政府TPF室外AP量測,2014-11-06,臺北市,信義區,仁愛路4段(台北市議會前),無線區域網路(Wi-Fi),3.13E-10,mW/cm<sup>2</sup>,True
A00954,台北市政府TPF室內AP量測,2014-11-06,臺北市,信義區,市府路1號,無線區域網路(Wi-Fi),3.66E-10,mW/cm<sup>2</sup>,True
E00905,LE104-02-001,2015-02-05,高雄市,苓雅區,高雄市苓雅區五權街78號附近,落地型變壓器,8.752,mG,True
E00899,LE104-01-002,2015-01-21,高雄市,左營區,高雄市左營區文府路399號附近,落地型變壓器,18.467,mG,True
E00898,LE104-01-001,2015-01-12,高雄市,小港區,高雄市小港區中山四路33號附近,落地型變壓器,18.887,mG,True
F01109,實踐國小,2015-09-22,新北市,板橋區,實踐路93巷51號,學校極低頻設施,62.56,mG,True
A00950,士林捷運站捷運軌道,2014-11-06,臺北市,士林區,區福德路1號,鐵路/捷運系統,0.621,mG,True
F01108,莒光國小,2015-09-21,新北市,板橋區,莒光路163號,學校極低頻設施,11.66,mG,True
A00951,士林區文林路落地型+桿式變壓器,2014-11-06,臺北市,士林區,士林區文林路162號,站臺式變壓器,42.68,mG,True
A00947,高壓電塔-松山週美線,2014-10-30,臺北市,內湖區,彩虹河濱公園,高壓電塔,3.188,mG,True
U10241,和工二路,2015-01-08,花蓮縣,花蓮市,和工二路,落地型變壓器,0.9,mG,True
A00946,高壓電塔-松山民權線,2014-10-30,臺北市,內湖區,彩虹河濱公園,高壓電塔,3.94,mG,True
F01078,永和區福和路基地台,2014-12-30,新北市,永和區,福和路99號,手機基地臺,0.001559,mW/cm<sup>2</sup>,True
C00653,東峰街13號,2014-12-30,基隆市,信義區,東峰街13號,射頻環境值,0.0003,mW/cm<sup>2</sup>,True
C00652,基金一路208巷32號前,2014-11-17,基隆市,中山區,基金一路208巷32號前,落地型變壓器,3.32,mG,True
C00649,基金一路208巷200號旁,2014-11-17,基隆市,中山區,基金一路208巷200號旁,落地型變壓器,3.54,mG,True
C00647,深溪路160號,2014-11-13,基隆市,信義區,深溪路160號,落地型變壓器,3.25,mG,True
C00645,深溪路1號,2014-11-13,基隆市,信義區,深溪路1號,落地型變壓器,2.72,mG,True
A00948,士林區中山北路五段落地型變壓器,2014-11-06,臺北市,士林區,中山北路五段(捷運劍潭站-士林站),落地型變壓器,1.89,mG,True
U10239,和仁一次配電所,2015-01-08,花蓮縣,秀林鄉,和平村1鄰和平30之5號,變電所,5.4,mG,True
F01081,電動機車電池交換站,2014-10-09,新北市,板橋區,漢生東路與縣民大道二段路口,極低頻環境值,2.715,mG,True
F01080,秀朗變電所,2014-12-30,新北市,永和區,永元里1鄰秀朗路二段40號,變電所,8.541,mG,True
F01079,興仁變電所,2014-12-29,新北市,淡水區,興仁路160號,變電所,5.138,mG,True
C00651,基金一路208巷86號前,2014-12-30,基隆市,中山區,基金一路208巷86號前,落地型變壓器,3.21,mG,True
C00648,深溪路98號,2014-11-13,基隆市,信義區,深溪路98號,落地型變壓器,2.88,mG,True
C00646,深溪路96號,2014-11-13,基隆市,信義區,深溪路96號,落地型變壓器,3.51,mG,True
C00644,教忠街85 巷口,2014-12-26,基隆市,信義區,教忠街85巷口,落地型變壓器,2.65,mG,True
F01076,永和變電所,2014-12-24,新北市,永和區,豫溪街193號,變電所,10.91,mG,True
F01075,新莊區中正路基地台,2014-12-24,新北市,新莊區,中正路1號,手機基地臺,0.000411,mW/cm<sup>2</sup>,True
F01074,新莊區化成路基地台,2014-12-24,新北市,新莊區,化成路354號,手機基地臺,0.001799,mW/cm<sup>2</sup>,True
F01066,汐止區大同路1段基地台,2014-11-27,新北市,汐止區,大同路1段423號,手機基地臺,0.005345,mW/cm<sup>2</sup>,True
F01065,蘆洲區中華街基地台,2014-11-27,新北市,蘆洲區,中華街7號,手機基地臺,0.000214,mW/cm<sup>2</sup>,True
F01064,林口區菁埔基地台,2014-11-27,新北市,林口區,菁埔1-1號,手機基地臺,0.001148,mW/cm<sup>2</sup>,True
F01062,土城變電所,2014-11-19,新北市,土城區,永寧路2號,變電所,10.85,mG,True
F01068,中和變電所,2014-12-01,新北市,中和區,南工路1號,變電所,15.88,mG,True
F01067,中和區板南路基地台,2014-12-01,新北市,中和區,板南路100號,手機基地臺,0.000637,mW/cm<sup>2</sup>,True
H00895,桃園市德豐街35號旁-落地型變壓器量測,2014-11-25,桃園市,桃園區,德豐街35號,落地型變壓器,3.8,mG,True
H00894,桃園市德豐街21號旁-落地型變壓器量測,2014-11-25,桃園市,桃園區,德豐街21號,落地型變壓器,2.7,mG,True
H00893,桃園市桃鶯路92巷2號旁-落地型變壓器量測,2014-11-25,桃園市,桃園區,桃鶯路92巷2號,落地型變壓器,40.8,mG,True
F01073,江翠變電所,2014-11-17,新北市,板橋區,雙十路3段25號,變電所,13.31,mG,True
F01072,二重變電所,2014-12-02,新北市,三重區,中興北街14之1號,變電所,13.58,mG,True
F01071,三重區新北大道基地台,2014-12-02,新北市,三重區,新北大道2段137號,手機基地臺,0.000242,mW/cm<sup>2</sup>,True
F01069,新店區安豐路基地台,2014-11-28,新北市,新店區,安豐路54-1號,手機基地臺,0.000641,mW/cm<sup>2</sup>,True
F01070,三重區光華路基地台,2014-12-02,新北市,三重區,光華路20號,手機基地臺,0.00045,mW/cm<sup>2</sup>,True
F01063,頂埔變電所,2014-11-19,新北市,土城區,沛陂里8鄰中興路1號,變電所,6.891,mG,True
F01061,中和區中和路基地台,2014-12-01,新北市,中和區,中和路102號,手機基地臺,0.000988,mW/cm<sup>2</sup>,True
D00824,臺南市永康區王行村興工路1號,2014-10-15,臺南市,永康區,王行村興工路1號,變電所,5.482,mG,True
K00677,后庄國小,2014-10-30,苗栗縣,頭份鎮,文化里文化街20號,學校極低頻設施,17.65,mG,True
K00676,頭份國小,2014-10-30,苗栗縣,頭份鎮,中正路219號,學校極低頻設施,48.72,mG,True
I00634,陶淵明大樓基地台,2014-10-15,嘉義市,東區,大雅路2段300號,手機基地臺,3E-07,mW/cm<sup>2</sup>,True
D00807,臺南市歸仁區中山路一段85號,2014-10-16,臺南市,歸仁區,看東村中山路一段85號,變電所,16.4,mG,True
N00882,大同國小,2014-11-11,彰化縣,伸港鄉,大同村彰新路七段724號,學校極低頻設施,16.579,mG,True
U10238,花市花崗街55號,2014-09-25,花蓮縣,花蓮市,花市花崗街55號,手機基地臺,0.0001342,mW/cm<sup>2</sup>,True
T00596,玉田國小落地型變壓器,2016-12-22,屏東縣,里港鄉,八德路91號,落地型變壓器,31.8,mG,True
X10166,湖西鄉沙港村基地台,2016-12-21,澎湖縣,湖西鄉,湖西鄉沙港村,手機基地臺,0.092,mW/cm<sup>2</sup>,True
X10165,湖西鄉湖東村基地台-2,2016-12-21,澎湖縣,湖西鄉,湖西鄉湖東村,手機基地臺,0.07,mW/cm<sup>2</sup>,True
M10133,南投縣南投市東山路408號7-11,2016-12-20,南投縣,南投市,南投市東山路408號,無線區域網路(Wi-Fi),1.45E-05,mW/cm<sup>2</sup>,True
M10134,南投市復興路38號7-11,2016-12-20,南投縣,南投市,南投市復興路38號,無線區域網路(Wi-Fi),1.66E-05,mW/cm<sup>2</sup>,True
H01072,松樹變電所量測,2016-08-09,桃園市,大溪區,仁善里松樹31號,變電所,12.4,mG,True
J00895,新豐鄉博學街與康泰路口_落地型變電箱量測,2016-12-14,新竹縣,新豐鄉,博學街,落地型變壓器,9.851,mG,True
J00889,新豐鄉保康街與博學街口_落地型變電箱量測,2016-12-14,新竹縣,新豐鄉,保康街,落地型變壓器,3.008,mG,True
T00588,和平國小落地型變壓器,2016-12-14,屏東縣,屏東市,屏東市華正路80號,落地型變壓器,20.3,mG,True
T00587,勝利國小落地型變壓器,2016-12-14,屏東縣,屏東市,蘭州街２號,落地型變壓器,5.8,mG,True
T00593,忠孝國小落地型變壓器,2016-12-20,屏東縣,屏東市,建豐路204號,落地型變壓器,33.1,mG,True
C00734,壽山路21-1號旁,2016-12-15,基隆市,信義區,壽山路21-1號,落地型變壓器,5.19,mG,True
C00733,壽山路轉彎處旁20公尺,2016-11-15,基隆市,信義區,壽山路轉彎處旁20公尺,落地型變壓器,7.34,mG,True
H01073,塘尾變電所量測,2016-08-23,桃園市,桃園區,桃科2路69號,變電所,2.3,mG,True
J00894,新豐鄉康泰路轉角_落地型變電箱量測,2016-12-14,新竹縣,新豐鄉,康泰路,落地型變壓器,5.531,mG,True
H01061,龍顯變電所量測,2016-09-21,桃園市,龍潭區,新和路328號,變電所,12.7,mG,True
H01060,聖亭變電所量測,2016-09-21,桃園市,龍潭區,龍科路235號,變電所,19.1,mG,True
H01059,高揚變電所量測,2016-09-21,桃園市,龍潭區,高揚北路80號,變電所,8.9,mG,True
H01058,五權變電所量測,2016-09-02,桃園市,中壢區,領航北路四段51號,變電所,4.7,mG,True
H01057,榮成變電所量測,2016-08-23,桃園市,觀音區,成功路一段501號,變電所,12.8,mG,True
H01056,保生變電所量測,2016-08-23,桃園市,觀音區,大潭11-9號,變電所,2.1,mG,True
H01055,笨港變電所量測,2016-08-23,桃園市,新屋區,榕樹下6鄰36-2號,變電所,25.3,mG,True
H01054,白玉變電所量測,2016-08-23,桃園市,桃園區,成功路2段941號,變電所,22.1,mG,True
C00731,復興路201巷10弄2號旁,2016-08-18,基隆市,中山區,復興路201巷10弄2號,落地型變壓器,3.52,mG,True
H01068,林中變電所量測,2016-10-31,桃園市,龜山區,文化一路51號,變電所,5.8,mG,True
H01067,坪頂變電所量測,2016-10-31,桃園市,龜山區,忠義路二段240巷1號,變電所,4.2,mG,True
H01053,龍潭變電所量測,2016-08-15,桃園市,龍潭區,中原路3段401號,變電所,45.9,mG,True
H01052,福安變電所量測,2016-08-15,桃園市,大溪區,復興路一段495號,變電所,31.2,mG,True
H01051,過嶺變電所量測,2016-08-15,桃園市,中壢區,福祥路310號,變電所,17.1,mG,True
H01050,新屋變電所量測,2016-08-15,桃園市,新屋區,新華路1段44號,變電所,53.5,mG,True
H01049,佳安變電所量測,2016-08-15,桃園市,龍潭區,十一分路11號,變電所,11.5,mG,True
H01048,東社變電所量測,2016-08-09,桃園市,平鎮區,東龍街1146號,變電所,37.3,mG,True
H01047,宋屋變電所量測,2016-08-09,桃園市,平鎮區,延平路三段226號,變電所,15.8,mG,True
H01046,平鎮變電所量測,2016-08-09,桃園市,平鎮區,工業五路1號,變電所,19.5,mG,True
H01045,嶺頂變電所量測,2016-08-05,桃園市,龜山區,茶專路42號,變電所,81,mG,True
C00739,立德路309-3號,2016-11-15,基隆市,中正區,立德路309-3號,落地型變壓器,9.83,mG,True
C00738,立德路208巷45-60號旁,2016-11-15,基隆市,中正區,立德路208巷45-60號,落地型變壓器,35.3,mG,True
C00737,立德路190號旁,2016-11-15,基隆市,中正區,立德路190號,落地型變壓器,2.17,mG,True
C00730,復興路201巷9弄16號旁,2016-08-18,基隆市,中山區,復興路201巷9弄16號,落地型變壓器,3.34,mG,True
C00729,復興路201巷9弄1號旁,2016-08-18,基隆市,中山區,復興路201巷9弄1號,落地型變壓器,1.12,mG,True
J00887,新豐鄉尚仁街90號對面人行道_落地型變電箱量測,2016-12-14,新竹縣,新豐鄉,尚仁街90號對面,落地型變壓器,35.31,mG,True
C00728,復興路201巷7弄52號旁,2016-08-18,基隆市,中山區,復興路201巷7弄52號,落地型變壓器,1.56,mG,True
J00883,全家便利商店_竹北成功店_無線區域網路(Wi-Fi)量測,2016-12-14,新竹縣,竹北市,成功八路160號,無線區域網路(Wi-Fi),2.07032E-06,mW/cm<sup>2</sup>,True
H01037,廣興變電所量測,2016-07-26,桃園市,八德區,建國路1000號,變電所,54.1,mG,True
J00897,新豐鄉忠孝路公園旁_落地型變電箱量測,2016-12-14,新竹縣,新豐鄉,忠孝路,落地型變壓器,7.571,mG,True
J00896,新豐鄉孝三街26號對面_落地型變電箱量測,2016-12-14,新竹縣,新豐鄉,孝三街26號,落地型變壓器,20.95,mG,True
J00892,新豐鄉博學街與泰安街口_落地型變電箱量測,2016-12-14,新竹縣,新豐鄉,泰安街,落地型變壓器,5.521,mG,True
J00888,新豐鄉尚仁街66號對面_落地型變電箱量測,2016-12-14,新竹縣,新豐鄉,尚仁街66號,落地型變壓器,2.813,mG,True
T00592,建國國小落地型變壓器,2016-12-15,屏東縣,屏東市,建興路36號,落地型變壓器,12.2,mG,True
T00591,大同高中落地型變壓器,2016-12-15,屏東縣,屏東市,和平路429號,落地型變壓器,6.2,mG,True
H01070,樂善變電所量測,2016-10-31,桃園市,龜山區,華亞一路70號,變電所,10.4,mG,True
H01069,桃園變電所量測,2016-10-31,桃園市,桃園區,桃鶯路133號,變電所,13.2,mG,True
H01036,大湳變電所量測,2016-07-26,桃園市,八德區,富榮街15號,變電所,108.1,mG,True
C00732,正信路181號,2016-11-15,基隆市,信義區,正信路181號,落地型變壓器,25.9,mG,True
C00727,復興路201巷7弄39號旁,2016-08-18,基隆市,中山區,復興路201巷10弄2號,落地型變壓器,6.92,mG,True
C00723,復興路201巷5弄55號旁,2016-08-18,基隆市,中山區,復興路201巷,落地型變壓器,0.58,mG,True
C00722,復興路201巷5弄48號旁,2016-08-18,基隆市,中山區,復興路201巷,落地型變壓器,2.45,mG,True
J00886,新豐鄉泰安街與尚仁街口_落地型變電箱量測,2016-12-14,新竹縣,新豐鄉,泰安街與尚仁街口,落地型變壓器,6.601,mG,True
C00721,復興路201巷5弄64號旁,2016-08-18,基隆市,中山區,復興路201巷,落地型變壓器,2.15,mG,True
C00720,復興路201巷1弄6號旁,2016-08-18,基隆市,中山區,復興路201巷,落地型變壓器,2.83,mG,True
C00719,復興路201巷1弄27號旁,2016-08-18,基隆市,中山區,復興路201巷,落地型變壓器,4.86,mG,True
C00718,復興路201巷1弄15號旁,2016-08-18,基隆市,中山區,復興路201巷,落地型變壓器,1.26,mG,True
J00885,全家便利商店_新豐宏達店_無線區域網路(Wi-Fi)量測,2016-12-14,新竹縣,新豐鄉,新興路80號,無線區域網路(Wi-Fi),1.893759E-06,mW/cm<sup>2</sup>,True
J00884,全家便利商店_竹北大河店_無線區域網路(Wi-Fi)量測,2016-12-14,新竹縣,竹北市,中華路2-51號,無線區域網路(Wi-Fi),1.924711E-06,mW/cm<sup>2</sup>,True
J00882,全家便利商店_竹北竹采店_無線區域網路(Wi-Fi)量測,2016-12-14,新竹縣,竹北市,成功一街82號,無線區域網路(Wi-Fi),1.9123E-06,mW/cm<sup>2</sup>,True
H01035,普仁變電所量測,2016-07-15,桃園市,中壢區,後興路二段525號,變電所,38.4,mG,True
B00833,太平區東村路107號附近,2015-06-26,臺中市,太平區,東村路107號附近,手機基地臺,0.003,mW/cm<sup>2</sup>,True
B00832,潭子區勝利一街41巷附近(吉祥富貴建設大樓),2015-06-22,臺中市,潭子區,勝利一街41巷2弄2號附近,手機基地臺,0.013,mW/cm<sup>2</sup>,True
B00831,東勢區豐勢路173號附近,2015-06-22,臺中市,東勢區,豐勢路173號附近,手機基地臺,0.015,mW/cm<sup>2</sup>,True
P10161,雲林縣西螺安定國小,2015-06-10,雲林縣,西螺鎮,埔心路210號,學校極低頻設施,3.644,mG,True
J00794,竹東鎮衛生所_無線區域網路(Wi-Fi)量測,2015-09-03,新竹縣,竹東鎮,中正路221號,無線區域網路(Wi-Fi),1.999E-09,mW/cm<sup>2</sup>,True
VCY0000023,台東縣台東市中興路三段102巷11號,2004-06-19,臺東縣,台東市,台東市中興路三段102巷11號,手機基地臺,0.0021,mW/cm<sup>2</sup>,True
VCY0000015,台東縣長濱鄉長濱村長濱4號3樓頂,2003-09-12,臺東縣,長濱鄉,長濱鄉長濱村長濱4號3樓頂,手機基地臺,0.0878,mW/cm<sup>2</sup>,True
VCY0000022,台東縣台東市中華路三段218號,2004-11-06,臺東縣,台東市,台東市中華路三段218號,手機基地臺,0.0045,mW/cm<sup>2</sup>,True
VCY0000021,台東縣成功鎮重安路50號教會,2003-09-13,臺東縣,成功鎮,成功鎮重安路50號教會,手機基地臺,0.0265,mW/cm<sup>2</sup>,True
VCY0000020,台東縣成功鎮重安路72號2樓頂,2003-09-13,臺東縣,成功鎮,成功鎮重安路72號2樓頂,手機基地臺,0.00483,mW/cm<sup>2</sup>,True
VCY0000018,台東縣長濱鄉膽鰻10號2樓頂,2003-07-18,臺東縣,長濱鄉,長濱鄉膽鰻10號2樓頂,手機基地臺,3.83E-05,mW/cm<sup>2</sup>,True
VCY0000014,台東縣長濱鄉長濱村長濱6號4樓頂,2003-09-12,臺東縣,長濱鄉,長濱鄉長濱村長濱6號4樓頂,手機基地臺,0.0116,mW/cm<sup>2</sup>,True
VCY0000013,台東縣長濱鄉長濱村25鄰長光142號,2003-09-12,臺東縣,長濱鄉,長濱鄉長濱村25鄰長光142號,手機基地臺,0.0878,mW/cm<sup>2</sup>,True
VCY0000012,台東縣長濱鄉樟原村六鄰13號,2003-09-12,臺東縣,長濱鄉,長濱鄉樟原村六鄰13號,手機基地臺,0.035,mW/cm<sup>2</sup>,True
VCY0000011,台東縣長濱鄉樟原村六鄰64號,2003-09-12,臺東縣,長濱鄉,長濱鄉樟原村六鄰64號,手機基地臺,0.00765,mW/cm<sup>2</sup>,True
VCY0000030,台東縣台東市知本大順路21號,2004-11-06,臺東縣,台東市,台東市知本大順路21號,手機基地臺,0.0092,mW/cm<sup>2</sup>,True
VCY0000029,台東縣台東市更生北路786號,2004-11-06,臺東縣,台東市,台東市更生北路786號,手機基地臺,0.0076,mW/cm<sup>2</sup>,True
VCY0000028,台東縣台東市更生北路695號,2004-06-19,臺東縣,台東市,台東市更生北路695號,手機基地臺,0.0129,mW/cm<sup>2</sup>,True
VCY0000026,台東縣台東市中興路六段828號,2004-06-19,臺東縣,台東市,台東市中興路六段828號,手機基地臺,0.0042,mW/cm<sup>2</sup>,True
VCY0000007,台東縣太麻里台九線420.46Kmm臨海案處,2005-08-04,臺東縣,太麻里鄉,太麻里台九線420.46Kmm臨海案處,手機基地臺,0.0005,mW/cm<sup>2</sup>,True
VCY0000017,台東縣長濱鄉烏石鼻3號2樓頂,2003-09-13,臺東縣,長濱鄉,長濱鄉烏石鼻3號2樓頂,手機基地臺,0.0167,mW/cm<sup>2</sup>,True
VCY0000010,台東縣長濱鄉八桑安48號2F頂,2003-09-13,臺東縣,長濱鄉,長濱鄉八桑安48號2F頂,手機基地臺,0.00201,mW/cm<sup>2</sup>,True
VCY0000009,台東市知本路二段21號,2005-08-04,臺東縣,台東市,知本路二段21號,手機基地臺,0.0026,mW/cm<sup>2</sup>,True
VCY0000008,台東市知本路二段23號,2005-08-04,臺東縣,台東市,知本路二段23號,手機基地臺,0.0024,mW/cm<sup>2</sup>,True
VCY0000006,台東縣太麻里大溪121號,2005-08-04,臺東縣,太麻里鄉,太麻里大溪121號,手機基地臺,0.0032,mW/cm<sup>2</sup>,True
VCY0000005,台東縣太麻里鄉大溪111號,2005-08-04,臺東縣,太麻里鄉,太麻里鄉大溪111號,手機基地臺,0.001,mW/cm<sup>2</sup>,True
VCY0000004,台東縣大武鄉大武村大武街3號,2005-08-04,臺東縣,大武鄉,大武鄉大武村大武街3號,手機基地臺,0.0016,mW/cm<sup>2</sup>,True
VCY0000003,台東縣大武鄉濱海路30號,2005-08-04,臺東縣,大武鄉,大武鄉濱海路30號,手機基地臺,0.0012,mW/cm<sup>2</sup>,True
VCY0000002,台東縣達仁鄉安塑村復興路90號,2005-08-04,臺東縣,達仁鄉,達仁鄉安塑村復興路90號,手機基地臺,0.0079,mW/cm<sup>2</sup>,True
VCY0000001,台東縣達仁鄉森永村陶然村莊1號,2005-08-04,臺東縣,達仁鄉,達仁鄉森永村陶然村莊1號,手機基地臺,0.0004,mW/cm<sup>2</sup>,True
V10020,民宅,2007-11-17,臺東縣,卑南鄉,富山村郡界70號,手機基地臺,0.00215,mW/cm<sup>2</sup>,True
V10019,鐵塔,2007-11-17,臺東縣,東河鄉,興隆5-3號旁鐵塔,手機基地臺,9E-05,mW/cm<sup>2</sup>,True
V10018,民宅,2007-11-17,臺東縣,鹿野鄉,富山村漁場84號,手機基地臺,0.00047,mW/cm<sup>2</sup>,True
V10017,鐵塔,2007-11-17,臺東縣,台東市,台東市往花蓮方向富岡縣圓和慈惠堂西北方100公尺處鐵塔,手機基地臺,0.00122,mW/cm<sup>2</sup>,True
X10009,鐵塔,2007-11-07,澎湖縣,馬公市,鎖港產業道路旁,手機基地臺,0.00029,mW/cm<sup>2</sup>,True
W10014,浯記一條根,2007-12-11,金門縣,金城鎮,后沙村路3-1號,無線區域網路(Wi-Fi),0.00025,mW/cm<sup>2</sup>,True
W10013,開瑄國小,2007-12-11,金門縣,金城鎮,中興崗路9-1號,手機基地臺,3E-05,mW/cm<sup>2</sup>,True
V10016,台東縣台東地區農會,2007-11-16,臺東縣,台東市,更生北路106號,手機基地臺,0.00143,mW/cm<sup>2</sup>,True
V10009,台東縣鹿野鄉瑞豐村中山路60號,2007-01-31,臺東縣,鹿野鄉,中山路60號,手機基地臺,0.00036,mW/cm<sup>2</sup>,True
V10008,花東縱谷公路中山路旁鐵塔,2007-01-31,臺東縣,鹿野鄉,中山路46號附近,手機基地臺,0.00058,mW/cm<sup>2</sup>,True
V10007,台東縣卑南鄉文泰路10號,2007-01-31,臺東縣,卑南鄉,文泰路10號,手機基地臺,0.00144,mW/cm<sup>2</sup>,True
V10006,台東縣鹿野鄉中山路59號,2007-01-31,臺東縣,鹿野鄉,中山路59號,手機基地臺,0.00104,mW/cm<sup>2</sup>,True
V10005,花東縱谷336km鐵塔,2007-01-31,臺東縣,關山鎮,台東縣月野農地重劃碑附近,手機基地臺,0.0008,mW/cm<sup>2</sup>,True
V10004,台東縣關山鎮蔬果集貨場旁鐵塔,2007-01-31,臺東縣,關山鎮,南橫公路關山鎮蔬果集貨場旁,手機基地臺,0.00094,mW/cm<sup>2</sup>,True
V10003,花東縱谷公路(臺9號)新興98-2號附近鐵塔,2007-01-31,臺東縣,池上鄉,花東縱谷公路(臺9號)新興98-2號附近,手機基地臺,0.00078,mW/cm<sup>2</sup>,True
V10002,台東縣池上鄉錦新2號道路旁鐵塔,2007-01-31,臺東縣,池上鄉,台東縣池上鄉錦新2號道路旁,手機基地臺,0.00198,mW/cm<sup>2</sup>,True
V10001,台東縣池上鄉中西二路72號,2007-01-31,臺東縣,池上鄉,中西二路72號,手機基地臺,0.0012,mW/cm<sup>2</sup>,True
V10000,台東縣池上鄉忠孝路212號,2007-01-31,臺東縣,池上鄉,忠孝路212號,手機基地臺,0.00295,mW/cm<sup>2</sup>,True
V00727,台東縣卑南鄉衛生所,2008-01-02,臺東縣,卑南鄉,和平路132號,其它(低頻),25.1,mG,True
UCY0000092,花蓮縣吉安鄉中山路三段445號5樓頂,2003-05-31,花蓮縣,吉安鄉,吉安鄉中山路三段445號5樓頂,手機基地臺,0.0201,mW/cm<sup>2</sup>,True
UCY0000091,花蓮縣吉安鄉中山路三段443號4樓頂,2003-05-31,花蓮縣,吉安鄉,吉安鄉中山路三段443號4樓頂,手機基地臺,0.0184,mW/cm<sup>2</sup>,True
UCY0000090,花蓮縣吉安鄉吉安路二段316號5樓頂,2003-05-31,花蓮縣,吉安鄉,吉安鄉吉安路二段316號5樓頂,手機基地臺,0.0153,mW/cm<sup>2</sup>,True
UCY0000085,花蓮縣富里鄉萬寧村鎮寧160號,2003-05-16,花蓮縣,富里鄉,富里鄉萬寧村鎮寧160號,變電所,4.835,mG,True
UCY0000079,花蓮縣豐濱鄉靜浦村三富橋21號2F頂,2003-09-13,花蓮縣,豐濱鄉,豐濱鄉靜浦村三富橋21號2F頂,手機基地臺,0.00666,mW/cm<sup>2</sup>,True
UCY0000070,花蓮縣吉安鄉台九線211Km與永吉路交叉路口,2005-03-26,花蓮縣,吉安鄉,吉安鄉台九線211Km與永吉路交叉路口,手機基地臺,0.0004,mW/cm<sup>2</sup>,True
UCY0000064,花蓮縣新城鄉嘉新尚志路86號,2003-05-15,花蓮縣,新城鄉,新城鄉嘉新尚志路86號,變電所,4.882,mG,True
UCY0000060,花蓮縣鳳林鎮中正路一段6號,2003-05-16,花蓮縣,鳳林鎮,鳳林鎮中正路一段6號,變電所,1.947,mG,True
UCY0000053,花蓮縣花蓮市海岸路15-1號,2003-10-16,花蓮縣,花蓮市,花蓮市海岸路15-1號,手機基地臺,0.0011,mW/cm<sup>2</sup>,True
UCY0000051,花蓮縣花蓮市花崗街50號6樓頂,2003-05-31,花蓮縣,花蓮市,花蓮市花崗街50號6樓頂,手機基地臺,0.0127,mW/cm<sup>2</sup>,True
UCY0000046,花蓮縣花蓮市自由街150號,2004-06-21,花蓮縣,花蓮市,花蓮市自由街150號,手機基地臺,0.0506,mW/cm<sup>2</sup>,True
UCY0000044,花蓮縣花蓮市水源街25號,2003-12-05,花蓮縣,花蓮市,花蓮市水源街25號,AM廣播電臺,37.17,V/m,True
UCY0000040,花蓮縣花蓮市中興路243號8樓頂,2003-06-02,花蓮縣,花蓮市,花蓮市中興路243號8樓頂,手機基地臺,0.0265,mW/cm<sup>2</sup>,True
UCY0000039,花蓮縣花蓮市國民七街51號8樓頂,2003-06-02,花蓮縣,花蓮市,花蓮市國民七街51號8樓頂,手機基地臺,0.0116,mW/cm<sup>2</sup>,True
UCY0000038,花蓮縣花蓮市富安路210號8樓頂,2003-05-31,花蓮縣,花蓮市,花蓮市富安路210號8樓頂,手機基地臺,0.00184,mW/cm<sup>2</sup>,True
UCY0000037,花蓮縣花蓮市中正路262號14樓頂,2003-06-01,花蓮縣,花蓮市,花蓮市中正路262號14樓頂,手機基地臺,0.00483,mW/cm<sup>2</sup>,True
UCY0000034,花蓮縣壽豐鄉池南村池南路二段21號2樓,2005-03-26,花蓮縣,壽豐鄉,壽豐鄉池南村池南路二段21號2樓,手機基地臺,0.0016,mW/cm<sup>2</sup>,True
UCY0000036,花蓮縣花蓮市中興路245號8樓頂,2003-06-02,花蓮縣,花蓮市,花蓮市中興路245號8樓頂,手機基地臺,0.00963,mW/cm<sup>2</sup>,True
UCY0000031,花蓮縣吉安鄉福興村吉安路三段143號,2005-03-26,花蓮縣,吉安鄉,吉安鄉福興村吉安路三段143號,手機基地臺,0.0016,mW/cm<sup>2</sup>,True
UCY0000030,花蓮縣吉安鄉南昌村南昌北路34號6樓頂,2005-03-25,花蓮縣,吉安鄉,吉安鄉南昌村南昌北路34號6樓頂,手機基地臺,0.0016,mW/cm<sup>2</sup>,True
UCY0000065,花蓮縣花蓮市民享夏華夏街16號7F,2004-06-21,花蓮縣,花蓮市,花蓮市民享夏華夏街16號7F,手機基地臺,0.0031,mW/cm<sup>2</sup>,True
V10021,踢到寶玉石館,2007-11-17,臺東縣,東河鄉,七里橋15號,手機基地臺,0.0015,mW/cm<sup>2</sup>,True
UCY0000067,花蓮縣吉安鄉南海五街220號2樓頂,2003-06-01,花蓮縣,吉安鄉,吉安鄉南海五街220號2樓頂,手機基地臺,0.00505,mW/cm<sup>2</sup>,True
UCY0000029,花蓮縣吉安鄉自立路二段144號5樓頂,2005-03-25,花蓮縣,吉安鄉,吉安鄉自立路二段144號5樓頂,手機基地臺,0.0183,mW/cm<sup>2</sup>,True
UCY0000041,花蓮縣花蓮市中正路643號,2003-12-05,花蓮縣,花蓮市,花蓮市中正路643號,AM廣播電臺,41.9,V/m,True
UCY0000028,"花蓮縣吉安鄉中華路534巷1,2號",2005-03-25,花蓮縣,吉安鄉,"吉安鄉中華路534巷1,2號",手機基地臺,0.0045,mW/cm<sup>2</sup>,True
UCY0000027,花蓮縣花蓮市民政里中美路117號,2005-03-25,花蓮縣,花蓮市,花蓮市民政里中美路117號,手機基地臺,0.0196,mW/cm<sup>2</sup>,True
UCY0000033,花蓮縣新城鄉嘉里路94號,2005-03-25,花蓮縣,新城鄉,新城鄉嘉里路94號,手機基地臺,0.0165,mW/cm<sup>2</sup>,True
UCY0000032,花蓮縣新城鄉嘉里路112號3樓,2005-03-25,花蓮縣,新城鄉,新城鄉嘉里路112號3樓,手機基地臺,0.0026,mW/cm<sup>2</sup>,True
UCY0000026,花蓮縣鳳林鎮長橋路83號,2004-06-20,花蓮縣,鳳林鎮,鳳林鎮長橋路83號,手機基地臺,0.0021,mW/cm<sup>2</sup>,True
UCY0000025,花蓮縣鳳林鎮長橋里長橋41號2F,2004-07-11,花蓮縣,鳳林鎮,鳳林鎮長橋里長橋41號2F,手機基地臺,0.0029,mW/cm<sup>2</sup>,True
UCY0000024,花蓮縣新城鄉新興75之1號,2004-06-21,花蓮縣,新城鄉,新城鄉新興75之1號,手機基地臺,0.0049,mW/cm<sup>2</sup>,True
UCY0000023,花蓮縣新城鄉北三棧57號,2004-07-10,花蓮縣,新城鄉,新城鄉北三棧57號,手機基地臺,0.0008,mW/cm<sup>2</sup>,True
UCY0000022,花蓮縣富里鄉富里村永安街79號,2004-06-21,花蓮縣,富里鄉,富里鄉富里村永安街79號,手機基地臺,0.0046,mW/cm<sup>2</sup>,True
UCY0000021,花蓮縣富里鄉吳江村安通16號,2004-07-10,花蓮縣,富里鄉,富里鄉吳江村安通16號,手機基地臺,0.0052,mW/cm<sup>2</sup>,True
UCY0000020,花蓮縣富里鄉石牌村中興路72號,2004-06-21,花蓮縣,富里鄉,富里鄉石牌村中興路72號,手機基地臺,0.0098,mW/cm<sup>2</sup>,True
UCY0000019,花蓮縣秀林鄉和平村和平34之55號2F,2004-07-10,花蓮縣,秀林鄉,秀林鄉和平村和平34之55號2F,手機基地臺,0.0032,mW/cm<sup>2</sup>,True
UCY0000013,花蓮縣玉里鎮中城里中山路一段96號7F,2004-07-11,花蓮縣,玉里鎮,玉里鎮中城里中山路一段96號7F,手機基地臺,0.0052,mW/cm<sup>2</sup>,True
UCY0000014,花蓮縣玉里鎮泰昌里新興街46號3F,2004-07-11,花蓮縣,玉里鎮,玉里鎮泰昌里新興街46號3F,手機基地臺,0.0087,mW/cm<sup>2</sup>,True
UCY0000017,花蓮縣秀林鄉和平村和中12號,2004-07-12,花蓮縣,秀林鄉,秀林鄉和平村和中12號,手機基地臺,0.0127,mW/cm<sup>2</sup>,True
UCY0000015,花蓮縣光復鄉中正路一段28號,2004-06-21,花蓮縣,光復鄉,光復鄉中正路一段28號,手機基地臺,0.0025,mW/cm<sup>2</sup>,True
UCY0000012,花蓮縣花蓮市國聯里中山路438號4樓,2004-06-22,花蓮縣,花蓮市,花蓮市國聯里中山路438號4樓,手機基地臺,0.0024,mW/cm<sup>2</sup>,True
UCY0000011,花蓮縣花蓮市林森路53巷25號,2004-06-22,花蓮縣,花蓮市,花蓮市林森路53巷25號,手機基地臺,0.0027,mW/cm<sup>2</sup>,True
UCY0000009,花蓮縣花蓮市民享里華夏街20號,2004-06-21,花蓮縣,花蓮市,花蓮市民享里華夏街20號,手機基地臺,0.0021,mW/cm<sup>2</sup>,True
UCY0000008,花蓮縣花蓮市民享里華夏街18號,2004-06-21,花蓮縣,花蓮市,花蓮市民享里華夏街18號,手機基地臺,0.0032,mW/cm<sup>2</sup>,True
UCY0000007,花蓮縣花蓮市中華路368號4F,2004-07-12,花蓮縣,花蓮市,花蓮市中華路368號4F,手機基地臺,0.0028,mW/cm<sup>2</sup>,True
UCY0000006,花蓮縣吉安鄉仁里九街23號,2003-06-01,花蓮縣,吉安鄉,吉安鄉仁里九街23號,手機基地臺,0.0265,mW/cm<sup>2</sup>,True
UCY0000005,花蓮縣壽豐鄉鹽寮村大坑35號2樓頂,2003-06-01,花蓮縣,壽豐鄉,壽豐鄉鹽寮村大坑35號2樓頂,手機基地臺,0.00608,mW/cm<sup>2</sup>,True
UCY0000004,花蓮縣吉安鄉建國路一段16號6樓頂,2003-05-31,花蓮縣,吉安鄉,吉安鄉建國路一段16號6樓頂,手機基地臺,0.0127,mW/cm<sup>2</sup>,True
UCY0000003,花蓮縣吉安鄉吉安村中山路三段78號5樓頂,2003-05-31,花蓮縣,吉安鄉,吉安鄉吉安村中山路三段78號5樓頂,手機基地臺,0.00878,mW/cm<sup>2</sup>,True
UCY0000002,花蓮縣吉安鄉干城村干城路7-5號3樓,2005-03-26,花蓮縣,吉安鄉,吉安鄉干城村干城路7-5號3樓,手機基地臺,0.0004,mW/cm<sup>2</sup>,True
UCY0000001,花蓮市光復街136號8樓,2005-03-25,花蓮縣,光復鄉,光復街136號8樓,手機基地臺,0.0643,mW/cm<sup>2</sup>,True
U10039,富祥大廈,2008-11-18,花蓮縣,花蓮市,富祥路78號,手機基地臺,0.00236,mW/cm<sup>2</sup>,True
J00675,六家變電所,2011-09-22,新竹縣,竹北市,自強一路25號,變電所,4.11,mG,True
U10035,明義國小,2008-11-17,花蓮縣,花蓮市,明義路107號,其它(低頻),19.3,mG,True
U10034,花蓮縣新城鄉台9縣旁鐵塔,2008-11-17,花蓮縣,新城鄉,台9縣旁鐵塔,手機基地臺,0.00012,mW/cm<sup>2</sup>,True
U10033,花蓮縣秀林鄉加灣128-10號後方鐵塔,2008-11-17,花蓮縣,秀林鄉,花蓮縣秀林鄉加灣128-10號後方鐵塔,手機基地臺,4E-05,mW/cm<sup>2</sup>,True
U10032,台9線大華小米酒巷內三座鐵塔,2008-11-17,花蓮縣,新城鄉,花蓮縣新城鄉台9線大華小米酒巷內三座鐵塔,手機基地臺,0.00026,mW/cm<sup>2</sup>,True
UCY0000018,花蓮縣秀林鄉和平村和中14號,2004-07-10,花蓮縣,秀林鄉,秀林鄉和平村和中14號,手機基地臺,0.0012,mW/cm<sup>2</sup>,True
UCY0000016,花蓮縣吉安鄉自強路129號,2004-06-21,花蓮縣,吉安鄉,吉安鄉自強路129號,手機基地臺,0.0067,mW/cm<sup>2</sup>,True
UCY0000010,花蓮縣花蓮市民享里華夏街22號,2004-06-22,花蓮縣,花蓮市,花蓮市民享里華夏街22號,手機基地臺,0.0026,mW/cm<sup>2</sup>,True
U10031,台9線中油加油站,2008-11-17,花蓮縣,新城鄉,花蓮縣新城鄉台9線中油加油站,手機基地臺,9E-05,mW/cm<sup>2</sup>,True
U10030,永富展示中心南方鐵塔,2008-11-17,花蓮縣,新城鄉,永富展示中心南方鐵塔,手機基地臺,0.00013,mW/cm<sup>2</sup>,True
U10029,和平車站旁鐵塔,2008-11-17,花蓮縣,秀林鄉,和平車站旁鐵塔,手機基地臺,3E-05,mW/cm<sup>2</sup>,True
U10028,鐵塔,2007-11-18,花蓮縣,秀林鄉,加灣128-42後門鐵塔,手機基地臺,0.00045,mW/cm<sup>2</sup>,True
U10027,民宅,2007-11-18,花蓮縣,花蓮市,府前路188號,手機基地臺,0.0304,mW/cm<sup>2</sup>,True
U10024,花蓮縣花蓮市中華路534巷2號,2007-02-02,花蓮縣,花蓮市,中華路534巷2號,手機基地臺,0.00358,mW/cm<sup>2</sup>,True
U10023,娜魯灣飯店,2007-02-02,花蓮縣,花蓮市,國聯五路7-3號,手機基地臺,0.00678,mW/cm<sup>2</sup>,True
U10022,藍天麗池酒店,2007-02-02,花蓮縣,花蓮市,中正路590號,手機基地臺,0.0337,mW/cm<sup>2</sup>,True
U10021,花蓮縣吉安鄉東海8街52號,2007-02-02,花蓮縣,吉安鄉,東海八街52號,手機基地臺,0.00633,mW/cm<sup>2</sup>,True
U10020,花蓮縣吉安鄉東里一街156號,2007-02-02,花蓮縣,吉安鄉,東里一街156號,手機基地臺,0.00316,mW/cm<sup>2</sup>,True
U10019,花蓮縣吉安鄉南埔八街104號,2007-02-02,花蓮縣,吉安鄉,南埔八街104號,手機基地臺,0.0021,mW/cm<sup>2</sup>,True
U10018,花蓮縣吉安鄉吉興一街372巷10號,2007-02-02,花蓮縣,吉安鄉,吉興一街372巷10號,手機基地臺,0.00231,mW/cm<sup>2</sup>,True
U10017,花蓮縣花蓮市慈惠二街72巷8號,2007-02-02,花蓮縣,花蓮市,慈惠二街72巷8號,手機基地臺,0.00381,mW/cm<sup>2</sup>,True
U10016,花蓮縣花蓮市和平路550號,2007-02-02,花蓮縣,花蓮市,和平路550號,手機基地臺,0.00856,mW/cm<sup>2</sup>,True
U10015,花蓮縣花蓮市中華路368號,2007-02-02,花蓮縣,花蓮市,中華路368號,手機基地臺,0.00547,mW/cm<sup>2</sup>,True
U10014,花蓮縣花蓮市德安一街291號,2007-02-01,花蓮縣,花蓮市,德安一街291號,手機基地臺,0.00568,mW/cm<sup>2</sup>,True
U10013,統帥飯店,2007-02-01,花蓮縣,花蓮市,公園路36號,手機基地臺,0.0101,mW/cm<sup>2</sup>,True
U10012,NoNoHouse,2007-02-01,花蓮縣,花蓮市,中華路88號,手機基地臺,0.00525,mW/cm<sup>2</sup>,True
U10011,遠東百貨,2007-02-01,花蓮縣,花蓮市,中華路125號,手機基地臺,0.0227,mW/cm<sup>2</sup>,True
U10010,花蓮縣花蓮市光復街136號,2007-02-01,花蓮縣,花蓮市,光復街136號,手機基地臺,0.0221,mW/cm<sup>2</sup>,True
U10009,花蓮郵局,2007-02-01,花蓮縣,花蓮市,中山路408號,手機基地臺,0.0136,mW/cm<sup>2</sup>,True
U10008,花蓮縣花蓮市中山路1段109巷5號,2007-02-01,花蓮縣,花蓮市,中山路1段109巷5號,手機基地臺,0.00174,mW/cm<sup>2</sup>,True
U10007,花蓮縣花蓮市富強路22號,2007-02-01,花蓮縣,花蓮市,富強路22號,手機基地臺,0.00289,mW/cm<sup>2</sup>,True
U10006,麥可自助餐,2007-02-01,花蓮縣,花蓮市,中山路1段71號,手機基地臺,0.00214,mW/cm<sup>2</sup>,True
U10005,花蓮縣花蓮市中山路231號,2007-02-01,花蓮縣,花蓮市,中山路231號,手機基地臺,0.0188,mW/cm<sup>2</sup>,True
U10004,中華電信,2007-02-01,花蓮縣,花蓮市,中正路595號,手機基地臺,0.00577,mW/cm<sup>2</sup>,True
U10003,美侖大飯店,2007-02-01,花蓮縣,花蓮市,林園路1-1號,手機基地臺,0.00062,mW/cm<sup>2</sup>,True
U10002,中信飯店,2007-02-01,花蓮縣,花蓮市,永興路2號,手機基地臺,0.0173,mW/cm<sup>2</sup>,True
U10001,花蓮縣花蓮市民權路117號,2007-02-01,花蓮縣,花蓮市,民權路117號,手機基地臺,0.00389,mW/cm<sup>2</sup>,True
U10000,中華電信,2007-02-01,花蓮縣,花蓮市,民權路143號,手機基地臺,0.00301,mW/cm<sup>2</sup>,True
TCY0000057,屏東縣獅子鄉新路村,2003-05-19,屏東縣,獅子鄉,獅子鄉新路村,變電所,3.095,mG,True
TCY0000056,屏東縣枋山鄉豐港村舊庄,2003-05-19,屏東縣,枋山鄉,枋山鄉豐港村舊庄,變電所,4.909,mG,True
TCY0000054,屏東縣林邊鄉榮樂村中山路268號,2003-05-19,屏東縣,林邊鄉,林邊鄉榮樂村中山路268號,變電所,3.841,mG,True
TCY0000053,屏東縣枋寮鄉永翔路23號,2003-05-19,屏東縣,枋寮鄉,枋寮鄉永翔路23號,變電所,35.16,mG,True
TCY0000052,屏東縣枋寮鄉隆山村中山路36號,2003-05-19,屏東縣,枋寮鄉,枋寮鄉隆山村中山路36號,變電所,3.357,mG,True
TCY0000051,屏東縣枋寮鄉玉泉路82號,2003-05-19,屏東縣,枋寮鄉,枋寮鄉玉泉路82號,變電所,5.895,mG,True
TCY0000050,屏東縣內埔鄉東寧村北寧路107號,2003-06-08,屏東縣,內埔鄉,內埔鄉東寧村北寧路107號,變電所,14.716,mG,True
TCY0000049,屏東縣內埔鄉豐田村建國路30號,2003-06-08,屏東縣,內埔鄉,內埔鄉豐田村建國路30號,變電所,3.1,mG,True
TCY0000048,屏東縣鹽埔鄉新圍村新高路38號,2003-06-08,屏東縣,鹽埔鄉,鹽埔鄉新圍村新高路38號,變電所,2.401,mG,True
TCY0000047,屏東縣里港鄉春林村里中路22號,2003-06-08,屏東縣,里港鄉,里港鄉春林村里中路22號,變電所,5.868,mG,True
TCY0000046,屏東縣長治鄉榮華村信義路,2003-06-08,屏東縣,長治鄉,長治鄉榮華村信義路,變電所,9.733,mG,True
TCY0000045,屏東縣萬丹鄉磚仔瑤寮51之49號,2003-10-06,屏東縣,萬丹鄉,萬丹鄉磚仔瑤寮51之49號,手機基地臺,0.000133,mW/cm<sup>2</sup>,True
TCY0000044,屏東縣萬丹鄉社口61之17號,2003-10-06,屏東縣,萬丹鄉,萬丹鄉社口61之17號,手機基地臺,8.01E-06,mW/cm<sup>2</sup>,True
TCY0000043,屏東縣萬丹鄉萬丹路一段256號6樓,2003-10-06,屏東縣,萬丹鄉,萬丹鄉萬丹路一段256號6樓,手機基地臺,2.42E-05,mW/cm<sup>2</sup>,True
TCY0000039,屏東縣恆春鎮燈塔路51巷33號,2003-10-18,屏東縣,恆春鎮,恆春鎮燈塔路51巷33號,手機基地臺,0.0075,mW/cm<sup>2</sup>,True
TCY0000038,屏東縣恆春鎮城西里復興路86號,2003-05-19,屏東縣,恆春鎮,恆春鎮城西里復興路86號,變電所,5.106,mG,True
TCY0000037,屏東縣潮州鎮潮義路382巷95號,2003-05-11,屏東縣,潮州鎮,潮州鎮潮義路382巷95號,變電所,12.321,mG,True
TCY0000036,屏東縣潮州鎮五塊里太平路274號,2003-05-11,屏東縣,潮州鎮,潮州鎮五塊里太平路274號,變電所,20.932,mG,True
TCY0000035,屏東縣屏東市自由路450號13樓樓頂,2003-10-08,屏東縣,屏東市,屏東市自由路450號13樓樓頂,FM廣播電臺,0.0855,mW/cm<sup>2</sup>,True
TCY0000033,屏東縣屏東市工業路16號,2003-05-11,屏東縣,屏東市,屏東市工業路16號,變電所,16.844,mG,True
TCY0000032,屏東縣屏東市成功路德春巷2號,2003-05-10,屏東縣,屏東市,屏東市成功路德春巷2號,變電所,7.674,mG,True
TCY0000031,屏東縣屏東市林森路2之2號,2003-05-10,屏東縣,屏東市,屏東市林森路2之2號,變電所,4.96,mG,True
TCY0000029,屏東縣屏東市中山路187號12樓樓頂,2003-11-08,屏東縣,屏東市,屏東市中山路187號12樓樓頂,FM廣播電臺,0.0181,mW/cm<sup>2</sup>,True
TCY0000028,屏東縣潮州鎮光復路一段31號,2004-09-03,屏東縣,潮州鎮,潮州鎮光復路一段31號,手機基地臺,0.0053,mW/cm<sup>2</sup>,True
TCY0000027,屏東縣屏東市廣東路1516號,2004-09-26,屏東縣,屏東市,屏東市廣東路1516號,手機基地臺,0.0065,mW/cm<sup>2</sup>,True
TCY0000026,屏東縣屏東市建國路253號,2004-09-25,屏東縣,屏東市,屏東市建國路253號,手機基地臺,0.0166,mW/cm<sup>2</sup>,True
TCY0000025,屏東縣屏東市自立路287號,2004-09-26,屏東縣,屏東市,屏東市自立路287號,手機基地臺,0.0062,mW/cm<sup>2</sup>,True
TCY0000024,屏東縣屏東市自立路280號,2004-09-26,屏東縣,屏東市,屏東市自立路280號,手機基地臺,0.0055,mW/cm<sup>2</sup>,True
TCY0000023,屏東縣屏東市民族路148號,2004-09-25,屏東縣,屏東市,屏東市民族路148號,手機基地臺,0.0137,mW/cm<sup>2</sup>,True
R10072,變電箱,2009-05-05,臺南市,七股區,七股氣象雷達站外側,落地型變壓器,13.6,mG,True
R10071,變電箱,2009-05-05,臺南市,七股區,七股氣象站附近桿上變電箱,落地型變壓器,1.3,mG,True
R10070,新生醫院,2009-05-05,臺南市,佳里區,新生路301號,電梯,1.2,mG,True
F10239,五分山氣象站,2009-05-08,新北市,瑞芳區,106縣道74.5km,雷達站,0.0003899,mW/cm<sup>2</sup>,True
C10060,變電箱,2009-05-08,基隆市,仁愛區,愛六路仁一路臨河步道旁,落地型變壓器,47.8,mG,True
C10059,變電箱,2009-05-08,基隆市,仁愛區,信一路義五路臨河步道旁,落地型變壓器,31,mG,True
C10058,何嘉仁英語教室,2009-05-08,基隆市,仁愛區,劉銘傳路1號,電梯,1.2,mG,True
F10238,變電箱,2009-05-08,新北市,三峽區,中山郵局前,落地型變壓器,33.6,mG,True
A10154,寶藏嚴,2007-03-03,臺北市,中正區,汀州路三段230巷23號,手機基地臺,1.62749071559817E-05,mW/cm<sup>2</sup>,True
A10153,台科大國際大樓,2007-03-03,臺北市,大安區,基隆路四段43號,手機基地臺,2.23399034532694E-06,mW/cm<sup>2</sup>,True
A10152,台北市內湖區北安路,2007-04-05,臺北市,內湖區,北安路,手機基地臺,0.0002,mW/cm<sup>2</sup>,True
A10151,雅莊HOTEL,2007-03-23,臺北市,中山區,民族東路438號,手機基地臺,0.000113454778468724,mW/cm<sup>2</sup>,True
A10150,NISSAN維修廠,2007-03-23,臺北市,中山區,濱江街213號,手機基地臺,5.82057000379254E-05,mW/cm<sup>2</sup>,True
A10149,車之屋汽車專業美容,2007-03-23,臺北市,中山區,濱江街199巷6號,手機基地臺,0.000151611436721326,mW/cm<sup>2</sup>,True
A10148,台北市中山區民族東路480號,2007-03-23,臺北市,中山區,民族東路480號,手機基地臺,0.00030252089682229,mW/cm<sup>2</sup>,True
A10147,信義郵局,2007-03-23,臺北市,信義區,松廉路76號,手機基地臺,3.11E-07,mW/cm<sup>2</sup>,True
A10146,聯合醫院松德院區,2007-03-23,臺北市,信義區,松德路309號,手機基地臺,5.02E-06,mW/cm<sup>2</sup>,True
A10145,仁康醫院,2007-03-23,臺北市,信義區,基隆路二段131-24號,手機基地臺,7.98283245490349E-06,mW/cm<sup>2</sup>,True
A10144,國泰人壽,2007-03-23,臺北市,中山區,民生東路二段178號,手機基地臺,2.85447345443922E-05,mW/cm<sup>2</sup>,True
A10143,台北市中山區建國南路一段14號,2007-03-01,臺北市,中山區,建國南路一段14號,手機基地臺,8.69257301270853E-05,mW/cm<sup>2</sup>,True
A10142,台北市中山區松江路2號,2007-03-24,臺北市,中山區,松江路2號,手機基地臺,4.49704891914441E-06,mW/cm<sup>2</sup>,True
A10141,六福客棧,2007-03-24,臺北市,中山區,長春路168號,手機基地臺,3.47674187351483E-05,mW/cm<sup>2</sup>,True
A10140,台北市松山區松信路61~63號,2007-03-24,臺北市,松山區,松信路61~63號,手機基地臺,1.29186025563889E-05,mW/cm<sup>2</sup>,True
A10139,長榮桂冠酒店,2007-03-24,臺北市,中山區,松江路63號,手機基地臺,7.15593773308631E-08,mW/cm<sup>2</sup>,True
A10113,永豐銀行企銀大樓,2007-03-29,臺北市,中山區,南京東路三段36號,手機基地臺,0.00157,mW/cm<sup>2</sup>,True
A10112,台北市中山區南京東路三段26號,2007-03-29,臺北市,中山區,南京東路三段26號,手機基地臺,0.0124,mW/cm<sup>2</sup>,True
A10111,達美大樓,2007-03-29,臺北市,中山區,南京東路二段50號,手機基地臺,0.0107,mW/cm<sup>2</sup>,True
A10110,錢櫃KTV,2007-03-29,臺北市,中山區,南京東路二段3號,手機基地臺,0.0141,mW/cm<sup>2</sup>,True
A10109,祥寶驛立體停車場,2007-03-12,臺北市,大安區,和平東路二段107巷13號,手機基地臺,0.00414,mW/cm<sup>2</sup>,True
A10108,中華電信國際分公司,2007-03-14,臺北市,大安區,愛國東路31號,手機基地臺,0.00719,mW/cm<sup>2</sup>,True
A10107,中華電信,2007-03-14,臺北市,大安區,愛國東路35號,手機基地臺,0.00422,mW/cm<sup>2</sup>,True
A10106,敦南凱撒,2007-03-13,臺北市,大安區,敦化南路二段1號,手機基地臺,0.00153,mW/cm<sup>2</sup>,True
A10105,SOGO百貨,2007-03-13,臺北市,大安區,忠孝東路四段45號,手機基地臺,0.00772,mW/cm<sup>2</sup>,True
A10104,統領百貨B棟,2007-03-13,臺北市,大安區,忠孝東路四段209號,手機基地臺,0.00627,mW/cm<sup>2</sup>,True
A10103,統領百貨A棟,2007-03-13,臺北市,大安區,忠孝東路四段197~201號,手機基地臺,0.00272,mW/cm<sup>2</sup>,True
A10102,神旺大飯店,2007-03-13,臺北市,大安區,忠孝東路四段172號,手機基地臺,0.00268,mW/cm<sup>2</sup>,True
A10099,陽光商業大樓,2007-03-12,臺北市,中正區,信義路二段251號,手機基地臺,0.00651,mW/cm<sup>2</sup>,True
A10098,台灣固網公司,2007-03-12,臺北市,大安區,敦化南路二段206號,手機基地臺,0.00485,mW/cm<sup>2</sup>,True
A10097,中華電信,2007-03-12,臺北市,大安區,基隆路三段329號,手機基地臺,0.00844,mW/cm<sup>2</sup>,True
A10096,世貿財訊大樓,2007-03-02,臺北市,大安區,基隆路二段110-112號,手機基地臺,1.61322678035405E-05,mW/cm<sup>2</sup>,True
A10095,大安學府華廈,2007-03-02,臺北市,大安區,復興南路二段35號,手機基地臺,4.90781811486251E-06,mW/cm<sup>2</sup>,True
A10094,消防局,2007-03-02,臺北市,大安區,復興南路二段92號,手機基地臺,1.05293299254952E-06,mW/cm<sup>2</sup>,True
A10093,老哥水煎包,2007-03-02,臺北市,大安區,復興南路二段59號,手機基地臺,7.30329249935331E-05,mW/cm<sup>2</sup>,True
A10092,富豪大飯店,2007-03-02,臺北市,大安區,復興南路二段9號,手機基地臺,2.89819640574499E-05,mW/cm<sup>2</sup>,True
A10091,豪城大飯店,2007-03-02,臺北市,大安區,復興南路二段275號,手機基地臺,5.85268612949957E-06,mW/cm<sup>2</sup>,True
A10090,哈佛名門,2007-03-02,臺北市,大安區,信義路三段109號,手機基地臺,3.19194091085069E-05,mW/cm<sup>2</sup>,True
A10089,彰化銀行,2007-03-02,臺北市,中正區,金山南路一段47號,手機基地臺,2.05144644515099E-05,mW/cm<sup>2</sup>,True
A10088,台北市大安區羅斯福路四段21弄119號,2007-03-02,臺北市,大安區,羅斯福路四段21弄119號,手機基地臺,4.41400994868436E-08,mW/cm<sup>2</sup>,True
A10063,台北市松山區松山抽水站,2007-03-11,臺北市,松山區,松山抽水站塔悠路南京東路交叉口附近,手機基地臺,5.54584239558486E-06,mW/cm<sup>2</sup>,True
A10062,紐約紐約百貨公司,2007-03-10,臺北市,信義區,松壽路12號,手機基地臺,4.29890915910677E-06,mW/cm<sup>2</sup>,True
A10061,台北瓦斯八德大樓,2007-03-12,臺北市,松山區,光復北路11巷33號,手機基地臺,0.00030183126431884,mW/cm<sup>2</sup>,True
A10060,台北市信義區成福路227號,2007-03-10,臺北市,信義區,成福路227號,手機基地臺,1.52933835100663E-06,mW/cm<sup>2</sup>,True
A10059,台北市信義區福德街335號,2007-03-10,臺北市,信義區,福德街335號,手機基地臺,1.06075880900249E-05,mW/cm<sup>2</sup>,True
A10058,開屏機構財經年代,2007-03-12,臺北市,松山區,光復北路11巷44~46號,手機基地臺,3.24044660107533E-06,mW/cm<sup>2</sup>,True
A10057,大千大樓,2007-03-12,臺北市,松山區,南京東路5段108號,手機基地臺,3.38938090256542E-05,mW/cm<sup>2</sup>,True
A10056,長城松山,2007-03-10,臺北市,信義區,松山路132號,手機基地臺,5.69584226254153E-06,mW/cm<sup>2</sup>,True
A10055,SOGO忠孝復興館,2007-03-05,臺北市,大安區,忠孝東路4段45號,手機基地臺,5.68775035408009E-06,mW/cm<sup>2</sup>,True
A10054,北市中正區愛國東路18號,2007-03-05,臺北市,中正區,愛國東路18號,手機基地臺,1.27105268586682E-06,mW/cm<sup>2</sup>,True
A10053,NCC,2007-03-05,臺北市,中正區,濟南路二段16號,手機基地臺,1.27516309627013E-05,mW/cm<sup>2</sup>,True
A10052,台北郵局,2007-03-05,臺北市,中正區,金山南路二段55號,手機基地臺,0.000199508252599471,mW/cm<sup>2</sup>,True
A10051,中國信託,2007-03-12,臺北市,信義區,永吉路18號,手機基地臺,1.84338107661291E-05,mW/cm<sup>2</sup>,True
A10050,台北市政府,2007-03-12,臺北市,信義區,市府路1號,手機基地臺,2.69836129926488E-07,mW/cm<sup>2</sup>,True
A10049,世貿一館,2007-03-12,臺北市,信義區,信義路5段5號,手機基地臺,7.48005348651712E-05,mW/cm<sup>2</sup>,True
A10048,華固世貿大樓,2007-03-12,臺北市,信義區,基隆路一段380號,手機基地臺,8.27216043372117E-06,mW/cm<sup>2</sup>,True
A10047,統一集團(C棟),2007-03-12,臺北市,信義區,基隆路一段71號,手機基地臺,5.99156958310492E-07,mW/cm<sup>2</sup>,True
A10046,統一集團(B棟),2007-03-12,臺北市,信義區,基隆路一段69號,手機基地臺,8.22589803407696E-06,mW/cm<sup>2</sup>,True
A10045,力霸皇冠大飯店,2007-03-12,臺北市,松山區,南京東路五段32號,手機基地臺,1.44676842048073E-05,mW/cm<sup>2</sup>,True
A10044,華爾街大樓,2007-03-01,臺北市,中正區,重慶南路一段43號,手機基地臺,0.000215849380935966,mW/cm<sup>2</sup>,True
A10043,凱撒飯店,2007-03-01,臺北市,中正區,忠孝西路一段38號,手機基地臺,5.19521314638853E-07,mW/cm<sup>2</sup>,True
A10042,台企大樓,2007-03-01,臺北市,中正區,重慶南路一段10號,手機基地臺,8.94473656906595E-06,mW/cm<sup>2</sup>,True
A10041,華美大飯店,2007-03-01,臺北市,中正區,重慶南路一段1號,手機基地臺,0.000186184280669201,mW/cm<sup>2</sup>,True
A10040,台北市中正區重慶南路一段86號,2007-03-01,臺北市,中正區,重慶南路一段86號,手機基地臺,1.0206636819146E-07,mW/cm<sup>2</sup>,True
A10277,台北市羅斯福路二段81巷18號,2007-10-27,臺北市,文山區,羅斯福路二段81巷18號,手機基地臺,0.00138,mW/cm<sup>2</sup>,True
A10276,統帥天廈大樓,2007-10-27,臺北市,萬華區,長沙街二段50號,手機基地臺,0.00368,mW/cm<sup>2</sup>,True
A10275,台北市中正區博愛路185號,2007-10-27,臺北市,中正區,博愛路185號,手機基地臺,0.00352,mW/cm<sup>2</sup>,True
A10274,台北銀座大樓,2007-10-27,臺北市,萬華區,廣州街32號,手機基地臺,0.00318,mW/cm<sup>2</sup>,True
A10273,桂林天下,2007-10-27,臺北市,萬華區,桂林路120號,手機基地臺,0.00091,mW/cm<sup>2</sup>,True
A10272,萬歲大樓,2007-10-27,臺北市,萬華區,昆明街306號,手機基地臺,0.0015,mW/cm<sup>2</sup>,True
A10271,台北市萬華區廣州街78號,2007-10-27,臺北市,萬華區,廣州街78號,手機基地臺,0.00152,mW/cm<sup>2</sup>,True
A10270,民宅,2007-10-27,臺北市,萬華區,廣州街59號,手機基地臺,0.00328,mW/cm<sup>2</sup>,True
A10269,鑽石大樓,2007-10-27,臺北市,萬華區,康定路232號,手機基地臺,0.00361,mW/cm<sup>2</sup>,True
A10268,台北市萬華區和平西路三段384號,2007-10-27,臺北市,萬華區,和平西路三段384號,手機基地臺,0.00103,mW/cm<sup>2</sup>,True
A10267,龍門星鑽大樓,2007-10-27,臺北市,萬華區,西園路一段200號,手機基地臺,0.00429,mW/cm<sup>2</sup>,True
A10266,民宅,2007-10-27,臺北市,萬華區,萬大路385號,手機基地臺,0.00065,mW/cm<sup>2</sup>,True
A10265,萬澤內科診所,2007-10-27,臺北市,萬華區,萬大路425-1號,手機基地臺,0.00272,mW/cm<sup>2</sup>,True
A10264,民宅公寓,2007-10-21,臺北市,中正區,寧波西街221號,手機基地臺,0.0073,mW/cm<sup>2</sup>,True
A10263,民宅,2007-10-21,臺北市,士林區,延平北路六段185號,手機基地臺,0.00728,mW/cm<sup>2</sup>,True
A10262,陽明電機,2007-10-21,臺北市,士林區,延平北路六段482號,手機基地臺,0.00123,mW/cm<sup>2</sup>,True
A10261,民宅,2007-10-21,臺北市,大同區,環河北路二段293號,手機基地臺,0.0135,mW/cm<sup>2</sup>,True
A10260,民宅,2007-10-21,臺北市,大同區,民生西路425-5號,手機基地臺,0.00158,mW/cm<sup>2</sup>,True
A10259,貴族名門,2007-10-21,臺北市,大同區,延平北路一段92號,手機基地臺,0.00095,mW/cm<sup>2</sup>,True
A10258,民宅(路易斯菲力普襯衫),2007-10-21,臺北市,大同區,長安西路198號,手機基地臺,0.00218,mW/cm<sup>2</sup>,True
A10257,東源承德大樓,2007-10-21,臺北市,大同區,承德路一 段8號,手機基地臺,0.00593,mW/cm<sup>2</sup>,True
A10256,大興商業大樓,2007-10-20,臺北市,大同區,重慶北路一段30號,手機基地臺,0.00133,mW/cm<sup>2</sup>,True
A10255,豪華大樓,2007-10-20,臺北市,大同區,民權西路91號,手機基地臺,0.0121,mW/cm<sup>2</sup>,True
A10254,台北市大同區重慶北路二段223號,2007-10-20,臺北市,大同區,重慶北路二段223號,手機基地臺,0.0268,mW/cm<sup>2</sup>,True
A10013,北市大安區建國南路一段266號,2007-03-05,臺北市,大安區,建國南路一段266號,手機基地臺,1.2724751920848E-05,mW/cm<sup>2</sup>,True
H10133,桃園縣立光明國中,2009-06-03,桃園市,蘆竹區,光明路1段123號,配電設施,18,mG,True
H10132,桃園縣立光明國中,2009-06-08,桃園市,蘆竹區,光明路1段123號,無線區域網路(Wi-Fi),0.001214,mW/cm<sup>2</sup>,True
H10131,桃園縣立建德國小,2009-06-01,桃園市,桃園區,延平路265號,配電設施,4.6,mG,True
H10130,桃園縣立建國國小,2009-06-01,桃園市,桃園區,昆明路95號,配電設施,33.4,mG,True
H10129,桃園縣立建國國中,2009-06-01,桃園市,桃園區,介新街20號,落地型變壓器,1.9,mG,True
H10128,民宅(PHS),2009-06-01,桃園市,八德區,天祥街63號,手機基地臺,0.00126,mW/cm<sup>2</sup>,True
H10127,變電箱,2009-06-01,桃園市,八德區,東勇街東勇一街交叉處,落地型變壓器,4,mG,True
D10052,台南市立億載國小,2009-05-27,臺南市,安平區,郡平路310號,配電設施,6.3,mG,True
D10051,台南市立後甲國中,2009-05-27,臺南市,東區,東平路260號,配電設施,13.2,mG,True
H10138,民宅,2009-09-28,桃園市,龜山區,萬壽路2段571巷11號,手機基地臺,0.000155,mW/cm<sup>2</sup>,True
F10243,台北縣立正德國中,2009-09-29,新北市,淡水區,北新路109號,配電設施,4.6,mG,True
D10055,台南市立民德國中,2009-10-01,臺南市,北區,西門路3段223號,配電設施,41,mG,True
D10054,國立台南一中,2009-10-01,臺南市,東區,民族一路1段1號,配電設施,7,mG,True
D10053,台南市立東光國小,2009-10-01,臺南市,東區,東光路1段39號,配電設施,8.7,mG,True
R10081,台南縣立大灣國小,2009-10-01,臺南市,永康區,大灣路283號,配電設施,15,mG,True
R10080,台南縣立永信國小,2009-10-01,臺南市,永康區,復華7街166號,配電設施,8.9,mG,True
R10079,台南縣立南新國中,2009-10-02,臺南市,新營區,民治路65號,配電設施,3,mG,True
R10078,台南縣立新進國小,2009-10-02,臺南市,新營區,中正路41號,配電設施,27,mG,True
A10436,台灣自來水公司,2009-10-09,臺北市,松山區,光復北路266號,配電設施,10,mG,True
L10074,民宅,2009-10-14,臺中市,霧峰區,自強路81巷45號,配電設施,10.3,mG,True
F10242,台北縣立廣福國小,2009-06-04,新北市,土城區,學府路1段127號,配電設施,26.9,mG,True
F10241,台北縣立海山高中,2009-06-04,新北市,板橋區,漢生東路215號,配電設施,10.1,mG,True
F10240,台北縣立安和國小,2009-06-04,新北市,土城區,延和路23號,配電設施,19.5,mG,True
C10064,基隆市立七堵國小,2009-06-05,基隆市,七堵區,明德一路184號,配電設施,4.5,mG,True
A10138,台北市中山區松江路95號,2007-03-24,臺北市,中山區,松江路95號,手機基地臺,1.35103571203606E-05,mW/cm<sup>2</sup>,True
A10137,東元明台松江大樓,2007-03-24,臺北市,中山區,松江路156號,手機基地臺,0.000121576500668791,mW/cm<sup>2</sup>,True
A10136,大同大樓,2007-03-24,臺北市,中山區,南京東路三段225號,手機基地臺,0.000348345732319437,mW/cm<sup>2</sup>,True
A10135,第一銀行,2007-03-24,臺北市,中山區,南京東路三段103號,手機基地臺,1.88609785742978E-06,mW/cm<sup>2</sup>,True
A10134,百樂大廈B座,2007-03-23,臺北市,松山區,民生東路五段138巷3號,手機基地臺,0.000244115145107244,mW/cm<sup>2</sup>,True
A10133,台北市中山區民生東路二段1~3號,2007-04-08,臺北市,中山區,民生東路二段1~3號,手機基地臺,0.0014,mW/cm<sup>2</sup>,True
A10132,愛馬屋停車場,2007-04-08,臺北市,中山區,松江路204巷26號,手機基地臺,8E-05,mW/cm<sup>2</sup>,True
A10131,錢櫃KTV,2007-04-08,臺北市,中山區,松江路199號,手機基地臺,0.00049,mW/cm<sup>2</sup>,True
A10130,台北市中山區民生東路二段168號,2007-04-08,臺北市,中山區,民生東路二段168號,手機基地臺,0.00216,mW/cm<sup>2</sup>,True
A10129,中興大樓,2007-04-08,臺北市,中山區,民生東路三段69~71號,手機基地臺,0.00197,mW/cm<sup>2</sup>,True
A10128,台北市中山區松江路338號,2007-04-08,臺北市,中山區,松江路338號,手機基地臺,0.00309,mW/cm<sup>2</sup>,True
A10127,台灣聯通停車場,2007-04-08,臺北市,中山區,松江路175巷11號,手機基地臺,0.0003,mW/cm<sup>2</sup>,True
A10126,台北市中山區吉林路286 號,2007-04-08,臺北市,中山區,吉林路286號,手機基地臺,0.00306,mW/cm<sup>2</sup>,True
A10125,長頸鹿車棧,2007-04-08,臺北市,中山區,民生東路二段51號,手機基地臺,0.00031,mW/cm<sup>2</sup>,True
A10124,翡冷翠大樓,2007-04-08,臺北市,中山區,民生東路二段84號,手機基地臺,0.0062,mW/cm<sup>2</sup>,True
A10123,國賓大廈,2007-04-08,臺北市,中山區,新生北路二段74號,手機基地臺,0.00309,mW/cm<sup>2</sup>,True
A10122,金山惠安大樓,2007-04-08,臺北市,中山區,民生東路一段25號,手機基地臺,0.00993,mW/cm<sup>2</sup>,True
A10121,大統大樓,2007-04-06,臺北市,中山區,建國北路三段42號,手機基地臺,0.00133,mW/cm<sup>2</sup>,True
A10120,聯強大樓,2007-04-06,臺北市,中山區,民生東路二段75~77號,手機基地臺,0.00285,mW/cm<sup>2</sup>,True
A10119,中山企業大樓,2007-04-06,臺北市,中山區,民權西路35號,手機基地臺,0.00351,mW/cm<sup>2</sup>,True
A10118,慶祥大樓,2007-04-06,臺北市,中山區,民權東路一段67號,手機基地臺,0.00097,mW/cm<sup>2</sup>,True
A10117,首都大廈,2007-04-06,臺北市,中山區,新生北路三段1號,手機基地臺,0.00621,mW/cm<sup>2</sup>,True
A10116,台北市中山區民權東路二段169號,2007-04-16,臺北市,中山區,民權東路二段169號,手機基地臺,0.00218,mW/cm<sup>2</sup>,True
A10115,大同電器,2007-04-06,臺北市,中山區,復興北路12號,手機基地臺,0.0208,mW/cm<sup>2</sup>,True
A10037,中油行銷部-莒光大樓,2007-02-28,臺北市,中正區,莒光路2號,手機基地臺,9.76433102371898E-07,mW/cm<sup>2</sup>,True
A10036,三軍總醫院,2007-02-28,臺北市,中正區,汀州路三段40號,手機基地臺,4.11493025360026E-05,mW/cm<sup>2</sup>,True
A10035,厚生大樓,2007-02-23,臺北市,中正區,仁愛路二段1號,手機基地臺,1.6081913850539E-05,mW/cm<sup>2</sup>,True
A10034,中國菱電大樓,2007-02-23,臺北市,大安區,臥龍街188巷45號,手機基地臺,3.22421587166889E-06,mW/cm<sup>2</sup>,True
A10033,台北市大安區臥龍街151巷25號,2007-02-23,臺北市,大安區,臥龍街151巷25號,手機基地臺,1.3517109341641E-05,mW/cm<sup>2</sup>,True
A10032,台北市中正區仁愛路二段3號,2007-02-22,臺北市,中正區,仁愛路二段3號,手機基地臺,4.11932722447727E-05,mW/cm<sup>2</sup>,True
A10031,台北市大安區新生南路三段7號9號,2007-02-22,臺北市,大安區,新生南路三段7&9號,手機基地臺,1.45329364252855E-05,mW/cm<sup>2</sup>,True
A10030,敦化通商大樓,2007-02-22,臺北市,大安區,和平東路二段295-297號,手機基地臺,6.24200509970056E-05,mW/cm<sup>2</sup>,True
A10029,金品天廈,2007-02-22,臺北市,大安區,復興南路二段283號,手機基地臺,1.15968272522066E-05,mW/cm<sup>2</sup>,True
A10028,利陽實業大廈,2007-02-22,臺北市,大安區,復興南路二段270號,手機基地臺,1.1211173743784E-06,mW/cm<sup>2</sup>,True
A10027,明曜百貨,2007-02-16,臺北市,大安區,忠孝東路四段200號,手機基地臺,4.90813182577651E-06,mW/cm<sup>2</sup>,True
A10026,台北市大安區復興南路一段126巷1號,2007-02-16,臺北市,大安區,復興南路一段126巷1號,手機基地臺,4.28600538311789E-05,mW/cm<sup>2</sup>,True
A10025,萬象大廈,2007-02-15,臺北市,大安區,安東街45號,手機基地臺,7.88903246024891E-07,mW/cm<sup>2</sup>,True
A10024,大興智慧大樓,2007-02-15,臺北市,大安區,羅斯福路三段171號,手機基地臺,5.41321108082122E-05,mW/cm<sup>2</sup>,True
A10023,民和大樓,2007-02-14,臺北市,中正區,和平西路二段143號,手機基地臺,0.000136810452289938,mW/cm<sup>2</sup>,True
A10022,郵政博物館,2007-02-14,臺北市,中正區,重慶南路二段45號,手機基地臺,3.39146817949165E-06,mW/cm<sup>2</sup>,True
A10021,金鼎大廈,2007-02-14,臺北市,中正區,羅斯福路一段25號,手機基地臺,6.16040187265637E-06,mW/cm<sup>2</sup>,True
A10020,建業大樓,2007-02-10,臺北市,大安區,羅斯福路三段261號,手機基地臺,0.000205209636552741,mW/cm<sup>2</sup>,True
A10019,太平洋SOGO百貨-敦南新館,2007-02-09,臺北市,大安區,敦化南路一段246號,手機基地臺,0.000273602045982269,mW/cm<sup>2</sup>,True
A10018,芝麻大樓,2007-02-09,臺北市,大安區,安和路一段153號,手機基地臺,6.73871179664128E-05,mW/cm<sup>2</sup>,True
A10017,敦南甲天廈,2007-02-10,臺北市,大安區,敦化南路二段164號,手機基地臺,9.28497942766364E-06,mW/cm<sup>2</sup>,True
A10016,泊客萊停車塔,2007-02-08,臺北市,大安區,安和路二段86號,手機基地臺,3.42782672034603E-07,mW/cm<sup>2</sup>,True
A10015,台北市大安區和平東路三段408巷5號,2007-02-08,臺北市,大安區,和平東路三段408巷5號,手機基地臺,9.55708337828636E-08,mW/cm<sup>2</sup>,True
A10087,漢陽大樓,2007-03-02,臺北市,大安區,光復南路672號,手機基地臺,0.000166903718383882,mW/cm<sup>2</sup>,True
A10086,光復大樓,2007-03-02,臺北市,大安區,忠孝東路四段330號,手機基地臺,0.000302566165459504,mW/cm<sup>2</sup>,True
A10085,華翠亭園,2007-03-11,臺北市,松山區,"富錦街546,546-1,548,548-1號",手機基地臺,2.91897715090843E-05,mW/cm<sup>2</sup>,True
A10084,朝日HOTEL,2007-03-12,臺北市,松山區,八德路四段213號,手機基地臺,1.3574019833569E-05,mW/cm<sup>2</sup>,True
A10083,聯合世紀,2007-03-10,臺北市,信義區,基隆路二段163號,手機基地臺,4.12433183060732E-05,mW/cm<sup>2</sup>,True
A10082,華大HOTEL,2007-03-10,臺北市,信義區,永吉路30巷150號,手機基地臺,3.66954499698053E-06,mW/cm<sup>2</sup>,True
A10081,康翔青年總裁,2007-03-10,臺北市,信義區,基隆路一段111號,手機基地臺,0.000331578981198498,mW/cm<sup>2</sup>,True
A10080,台北市信義區忠孝東路五段59巷19號,2007-03-10,臺北市,信義區,忠孝東路五段59巷19號,手機基地臺,3.45711019596525E-07,mW/cm<sup>2</sup>,True
A10079,新德大西藥房,2007-03-11,臺北市,松山區,饒河街204號,手機基地臺,9.98592084228425E-07,mW/cm<sup>2</sup>,True
A10078,台北市松山區松河街112號,2007-03-11,臺北市,松山區,松河街112號,手機基地臺,1.93650208258605E-06,mW/cm<sup>2</sup>,True
A10077,台北市松山區民生東路5段256號,2007-03-11,臺北市,松山區,民生東路5段256號,手機基地臺,5.19734632451695E-07,mW/cm<sup>2</sup>,True
A10076,新亞松山大樓,2007-03-11,臺北市,松山區,八德路四段760~762號,手機基地臺,1.16061002985839E-05,mW/cm<sup>2</sup>,True
A10075,佳華建設合麗大樓,2007-03-11,臺北市,松山區,光復南路63~71號,手機基地臺,0.000196349307604166,mW/cm<sup>2</sup>,True
A10074,台北市信義區中坡北路68號,2007-03-10,臺北市,信義區,中坡北路68號,手機基地臺,3.10650795278064E-06,mW/cm<sup>2</sup>,True
A10073,台北市信義區永吉路434號,2007-03-10,臺北市,信義區,永吉路434號,手機基地臺,2.27346931276146E-05,mW/cm<sup>2</sup>,True
A10072,台北市消防局,2007-03-10,臺北市,信義區,松仁路1號,手機基地臺,3.34127632572481E-07,mW/cm<sup>2</sup>,True
A10071,亞太會館,2007-03-10,臺北市,信義區,松高路68號,手機基地臺,0.00028822565403121,mW/cm<sup>2</sup>,True
A10070,年貴大樓,2007-03-11,臺北市,松山區,基隆路一段32號,手機基地臺,1.32205586358294E-05,mW/cm<sup>2</sup>,True
A10069,海霸王,2007-03-11,臺北市,松山區,南京東路五段411號,手機基地臺,7.59142145562111E-06,mW/cm<sup>2</sup>,True
A10068,南京東路商務中心,2007-03-11,臺北市,松山區,南京東路五段397~399號,手機基地臺,0.000407522105944748,mW/cm<sup>2</sup>,True
A10067,台北市松山區八德路四段507號,2007-03-11,臺北市,松山區,八德路四段507號,手機基地臺,4.04032998717377E-06,mW/cm<sup>2</sup>,True
A10066,台北市松山區塔悠路105號,2007-03-11,臺北市,松山區,塔悠路105號,手機基地臺,3.3011542294318E-05,mW/cm<sup>2</sup>,True
A10065,台北市松山區撫遠街405巷1之1號,2007-03-11,臺北市,松山區,撫遠街405巷1-1號,手機基地臺,2.41050517174546E-05,mW/cm<sup>2</sup>,True
I10038,民宅,2009-07-31,嘉義市,東區,興業東路285號,手機基地臺,0.1313,mW/cm<sup>2</sup>,True
I10037,南田公園,2009-07-31,嘉義市,東區,興業東路巷內,其它(低頻),1.1,mG,True
I10036,南田公園,2009-07-31,嘉義市,東區,興業東路巷內,AM廣播電臺,0.009052,V/m,True
E10071,南榮中正大樓,2009-07-31,高雄市,前金區,中正四路148號,手機基地臺,0.00115,mW/cm<sup>2</sup>,True
E10070,遠東商業大樓,2009-07-31,高雄市,前金區,中正四路136號,手機基地臺,0.004615,mW/cm<sup>2</sup>,True
E10069,民宅,2009-07-31,高雄市,左營區,華夏路256號,手機基地臺,0.001297,mW/cm<sup>2</sup>,True
E10068,維多利亞鎮大樓,2009-07-31,高雄市,左營區,文府路356號,手機基地臺,0.07951,mW/cm<sup>2</sup>,True
E10067,港都電台FM98.3,2009-07-31,高雄市,三民區,民族一路80-50號,FM廣播電臺,0.08813,mW/cm<sup>2</sup>,True
R10092,民宅,2009-08-01,臺南市,佳里區,佳東路55號,手機基地臺,0.000119,mW/cm<sup>2</sup>,True
R10091,民宅,2009-08-01,臺南市,佳里區,佳東路47號,手機基地臺,0.000434,mW/cm<sup>2</sup>,True
R10090,愛鄉華廈,2009-08-01,臺南市,佳里區,安富路191號,手機基地臺,0.000822,mW/cm<sup>2</sup>,True
R10089,中華電信,2009-08-01,臺南市,佳里區,進學路路256號,手機基地臺,0.000182,mW/cm<sup>2</sup>,True
R10088,以琳內科,2009-08-01,臺南市,佳里區,建南街161號,手機基地臺,0.01216,mW/cm<sup>2</sup>,True
R10087,新生醫院,2009-08-01,臺南市,佳里區,新生路301號,手機基地臺,0.001167,mW/cm<sup>2</sup>,True
R10086,中華電信,2009-08-01,臺南市,七股區,大埕村路396號,手機基地臺,0.000359,mW/cm<sup>2</sup>,True
R10085,喜多林西點麵包,2009-08-01,臺南市,七股區,玉成村路5-3號,手機基地臺,0.000154,mW/cm<sup>2</sup>,True
R10084,鐵塔,2009-08-01,臺南市,七股區,台17線東小路250公尺,手機基地臺,0.000575,mW/cm<sup>2</sup>,True
R10083,鐵塔,2009-08-01,臺南市,七股區,台17號158KM東邊,手機基地臺,0.000727,mW/cm<sup>2</sup>,True
R10082,台灣水產實試驗所台南分所,2009-08-01,臺南市,七股區,三股村海埔路4號,手機基地臺,0.000674,mW/cm<sup>2</sup>,True
P10024,民宅,2009-07-31,雲林縣,西螺鎮,公正一路36號,配電設施,11.9,mG,True
G10044,宜蘭縣立蘇澳國小,2009-08-12,宜蘭縣,蘇澳鎮,中山路1段366號,配電設施,10.18,mG,True
A10438,喆里,2009-08-31,臺北市,大安區,永康街30-3號,手機基地臺,9.2E-05,mW/cm<sup>2</sup>,True
A10012,台北市中正區延平南路189號,2007-03-05,臺北市,中正區,延平南路189號,手機基地臺,9.29181229065802E-06,mW/cm<sup>2</sup>,True
A10011,永豐銀行,2007-03-02,臺北市,中正區,博愛路17號,手機基地臺,7.36258935637922E-07,mW/cm<sup>2</sup>,True
A10010,仁愛派出所,2007-03-05,臺北市,中正區,仁愛路一段19號,手機基地臺,1.93003233857207E-05,mW/cm<sup>2</sup>,True
A10009,台北市中正區衡陽路5號,2007-03-02,臺北市,中正區,衡陽路5號,手機基地臺,2.83949550037179E-09,mW/cm<sup>2</sup>,True
A10008,國立教育廣播電台,2007-03-02,臺北市,中正區,南海路43號,手機基地臺,6.11266079730487E-05,mW/cm<sup>2</sup>,True
A10007,富邦大樓,2007-03-05,臺北市,中正區,杭州南路19號,手機基地臺,1.07836529085881E-05,mW/cm<sup>2</sup>,True
A10006,遠東聯合診所,2007-03-02,臺北市,中正區,永綏街8號,手機基地臺,1.04129605107548E-06,mW/cm<sup>2</sup>,True
A10005,張榮發基金會,2007-03-05,臺北市,中正區,中山南路11號,手機基地臺,1.17236016269807E-06,mW/cm<sup>2</sup>,True
A10004,多朗明哥飯店,2007-03-05,臺北市,大安區,信義路三段73號,手機基地臺,0.000391794616998689,mW/cm<sup>2</sup>,True
A10003,中國大廈,2007-03-05,臺北市,中正區,愛國東路60號,手機基地臺,5.59701630758963E-05,mW/cm<sup>2</sup>,True
A10002,台北市中正區八德路一段46號,2007-03-02,臺北市,中正區,八德路一段46號,手機基地臺,7.13098778836058E-07,mW/cm<sup>2</sup>,True
A10001,信任快餐,2007-03-05,臺北市,中正區,林森南路143號,手機基地臺,1.85609970254184E-06,mW/cm<sup>2</sup>,True
A10000,台北國軍英雄館,2007-03-05,臺北市,中正區,長沙街一段20號,手機基地臺,4.77832861717631E-05,mW/cm<sup>2</sup>,True
A00727,內湖國小,2007-10-23,臺北市,內湖區,內湖路二段41號,配電設施,61.9,mG,True
A00726,民宅,2007-12-28,臺北市,中正區,廈門街段71巷7號之2,小型用電設備,197,mG,True
A00725,四平花園大樓,2007-12-28,臺北市,中山區,四平街136號,配電設施,68.4,mG,True
A00722,聖荷西花園社區,2007-12-04,臺北市,中山區,堤頂大道路2段336-360號,其它(低頻),3,mG,True
A00719,民宅,2007-09-27,臺北市,文山區,景華街段121巷12弄16號,配電設施,177,mG,True
A00717,民宅,2007-10-22,臺北市,中山區,南京東路3段256巷28弄9號之3,小型用電設備,190,mG,True
A00716,民宅,2007-10-22,臺北市,中山區,松江路段25巷3號之2,大型用電設備,38,mG,True
A00715,民宅,2007-10-22,臺北市,中山區,松江路段164巷9號之2,配電設施,14.6,mG,True
A00714,民宅,2007-10-22,臺北市,中山區,林森北路438號之5,配電設施,42,mG,True
A00713,泰伯大樓,2007-10-05,臺北市,中山區,南京東路3段215號之6,其它(低頻),6.5,mG,True
A00538,仁愛國中,2007-02-03,臺北市,大安區,仁愛路四段130號,配電設施,52.9,mG,True
A00537,北投國小,2007-02-02,臺北市,北投區,中央北路ㄧ段73號,配電設施,15.3,mG,True
A00536,石牌國小,2007-02-01,臺北市,北投區,致遠二路80號,配電設施,28,mG,True
A00535,石牌國中,2007-01-31,臺北市,北投區,石牌路ㄧ段139號,配電設施,48.3,mG,True
A00516,公館站,2007-01-12,臺北市,中正區,羅斯福路四段74號,電氣軌道,5.8,mG,True
A00514,劍潭站,2007-01-10,臺北市,士林區,中山北路五段65號,電氣軌道,2.4,mG,True
A00513,忠孝復興站,2007-01-09,臺北市,大安區,忠孝東路四段47號,電氣軌道,20,mG,True
A00511,萬芳醫院站,2007-01-07,臺北市,文山區,興隆路三段113號,電氣軌道,49,mG,True
ACY0000023,台北市大南路429號,2004-06-15,臺北市,士林區,大南路429號,手機基地臺,0.0118,mW/cm<sup>2</sup>,True
ACY0000022,台北市八德路二段298號,2004-05-04,臺北市,中山區,八德路二段298號,手機基地臺,0.0654,mW/cm<sup>2</sup>,True
ACY0000021,台北市仁愛路一段17號12樓,2003-07-29,臺北市,中正區,仁愛路一段17號12樓,手機基地臺,0.334,mW/cm<sup>2</sup>,True
ACY0000020,台北市新生南路一段125號,2003-05-22,臺北市,大安區,新生南路一段125號,手機基地臺,4.2E-05,mW/cm<sup>2</sup>,True
ACY0000019,台北市興隆路三段85~90號8樓,1999-10-15,臺北市,文山區,興隆路三段85~90號8樓,手機基地臺,2.4E-05,mW/cm<sup>2</sup>,True
ACY0000018,台北市興隆路三段69~73號11樓頂,1999-12-14,臺北市,文山區,興隆路三段69~73號11樓頂,手機基地臺,2.4E-05,mW/cm<sup>2</sup>,True
ACY0000017,台北市重慶南路三段180號,1999-12-28,臺北市,中正區,重慶南路三段180號,手機基地臺,6.5E-06,mW/cm<sup>2</sup>,True
ACY0000016,台北市建國南路一段10號12樓,2000-01-27,臺北市,中山區,建國南路一段10號12樓,手機基地臺,2.31E-06,mW/cm<sup>2</sup>,True
ACY0000015,台北市松山區東興路8號,2000-10-04,臺北市,松山區,松山區東興路8號,手機基地臺,2E-05,mW/cm<sup>2</sup>,True
H01034,忠福變電所量測,2016-07-15,桃園市,中壢區,吉林路14號,變電所,21.4,mG,True
V00869,台東縣關山鎮觀光碾米加工廠附近基地台量測,2016-11-29,臺東縣,關山鎮,德高里東庄路30-3號,手機基地臺,0.00112,mW/cm<sup>2</sup>,True
T00567,民和國小旁落地型變壓器,2016-12-12,屏東縣,屏東市,屏東市自立路213號,落地型變壓器,20,mG,True
M10129,南投市南崗一路300號(南投縣立體育館南投縣環境保護局空污收費中心辦公室),2016-12-08,南投縣,南投市,南投市南崗一路300號,無線區域網路(Wi-Fi),6.3E-05,mW/cm<sup>2</sup>,True
T00566,民貴四街29號斜對面萬年溪畔落地型變壓器,2016-12-12,屏東縣,屏東市,民貴四街29號,落地型變壓器,4.2,mG,True
T00564,屏東市勝利東路41號對面公園內落地型變壓器,2016-12-12,屏東縣,屏東市,勝利東路41號,落地型變壓器,10.8,mG,True
M10128,南投市南崗一路300號(南投縣立體育館南投縣環境保護局空保科辦公室),2016-12-08,南投縣,南投市,南投市南崗一路300號,無線區域網路(Wi-Fi),3.4E-05,mW/cm<sup>2</sup>,True
H01032,中工變電所量測,2016-07-15,桃園市,中壢區,中壢工業區東園路25號,變電所,33.6,mG,True
H01031,南崁變電所量測,2016-07-12,桃園市,蘆竹區,南山路三段13號,變電所,25.2,mG,True
H01030,中壢變電所量測,2016-07-15,桃園市,中壢區,合定路17號,變電所,28.4,mG,True
H01038,幼獅變電所量測,2016-07-29,桃園市,楊梅區,獅二路2之1號,變電所,3.6,mG,True
H01029,長安變電所量測,2016-07-12,桃園市,蘆竹區,南工路一段20號,變電所,16,mG,True
H01028,汴園變電所量測,2016-07-12,桃園市,桃園區,鹽庫街94號,變電所,23.9,mG,True
X10162,白沙鄉後寮村基地台,2016-11-14,澎湖縣,西嶼鄉,白沙鄉後寮村,手機基地臺,0.144,mW/cm<sup>2</sup>,True
H01026,大華變電所量測,2016-07-12,桃園市,蘆竹區,大竹里大新路166號,變電所,38.6,mG,True
X10161,西嶼鄉內垵村基地台,2016-11-14,澎湖縣,馬公市,西嶼鄉內垵村,手機基地臺,0.089,mW/cm<sup>2</sup>,True
X10160,西嶼鄉竹灣村1-3號後基地台,2016-11-14,澎湖縣,西嶼鄉,西嶼鄉竹灣村1-3號後,手機基地臺,0.037,mW/cm<sup>2</sup>,True
X10159,湖西鄉公所前中華電信基地台,2016-11-11,澎湖縣,湖西鄉,湖西鄉湖西43-11號,手機基地臺,0.037,mW/cm<sup>2</sup>,True
M10139,南投市中興路201號南投監理站,2016-12-20,南投縣,南投市,南投市中興路201號,無線區域網路(Wi-Fi),5.2E-06,mW/cm<sup>2</sup>,True
J00880,全家便利商店_竹北自強店_無線區域網路(Wi-Fi)量測,2016-12-09,新竹縣,竹北市,自強南路52號,無線區域網路(Wi-Fi),6.19377E-07,mW/cm<sup>2</sup>,True
J00879,全家便利商店_竹北六家店_無線區域網路(Wi-Fi)量測,2016-12-09,新竹縣,竹北市,文興路二段529號,無線區域網路(Wi-Fi),6.37132E-07,mW/cm<sup>2</sup>,True
P10286,古坑鄉公所前,2016-12-07,雲林縣,古坑鄉,古坑鄉公所前,落地型變壓器,51.14,mG,True
P10283,古坑中華電信側門前,2016-12-07,雲林縣,古坑鄉,中華電信側門前,落地型變壓器,26.61,mG,True
M10124,南投市府南二路165巷口,2016-12-07,南投縣,南投市,南投市府南二路165巷,站臺式變壓器,1.81,mG,True
M10123,南投市府南二路148號前,2016-12-07,南投縣,南投市,南投市府南二路148號前,站臺式變壓器,0.52,mG,True
P10280,古坑國小側門前,2016-12-07,雲林縣,古坑鄉,古坑國小側門前,落地型變壓器,34.71,mG,True
M10122,南投市府南二路106巷1號前,2016-12-07,南投縣,南投市,南投市府南二路106巷1號前,站臺式變壓器,0.38,mG,True
P10278,莿桐永和診所左側前,2016-12-05,雲林縣,莿桐鄉,永和診所左側前,落地型變壓器,2.216,mG,True
P10277,莿桐永和診所右側前,2016-12-05,雲林縣,莿桐鄉,永和診所右側前,落地型變壓器,1.654,mG,True
P10276,莿桐中華電信右側前,2016-12-05,雲林縣,莿桐鄉,中華電信右側前,落地型變壓器,7.45,mG,True
P10279,農田水利會莿桐工作站前,2016-12-05,雲林縣,莿桐鄉,農田水利會莿桐工作站前,落地型變壓器,2.029,mG,True
X10164,湖西鄉湖東村基地台-1,2016-12-21,澎湖縣,湖西鄉,湖西鄉湖東村,手機基地臺,0.445,mW/cm<sup>2</sup>,True
A01163,信義路國家音樂廳對面-站臺式變壓器量測,2016-11-17,臺北市,中正區,信義路國家音樂廳對面,站臺式變壓器,1.8,mG,True
P10274,莿桐中華電信左側前,2016-12-05,雲林縣,莿桐鄉,中華電信左側前,落地型變壓器,22.15,mG,True
X10151,馬公市馬公國中旁落地型變電器,2016-11-29,澎湖縣,馬公市,馬公國中旁,落地型變壓器,113.6,mG,True
X10150,馬公市馬公高中旁落地型變電器,2016-11-29,澎湖縣,馬公市,馬公高中旁,落地型變壓器,9.6,mG,True
M10120,南投市南崗一路333號前,2016-12-06,南投縣,南投市,南投市南崗一路333號前,站臺式變壓器,5.48,mG,True
M10119,南投市文化路135-1號前,2016-12-06,南投縣,南投市,南投市文化路135-1號前,站臺式變壓器,2.61,mG,True
M10118,南投市文化路133巷口,2016-12-06,南投縣,南投市,南投市文化路133巷口,站臺式變壓器,2.25,mG,True
D00964,臺南市美學館東北側停車場 落地型變壓器量測(P02165、P34464),2016-11-16,臺南市,中西區,臺南市中西區中華西路二段34號,落地型變壓器,57.72,mG,True
E00922,LE104-06-001 (市立明華國中),2015-06-05,高雄市,鼓山區,高雄市鼓山區明誠三路582號,學校極低頻設施,1.901,mG,True
J00789,新竹縣政府環保局交誼廳_無線區域網路(Wi-Fi)量測,2015-06-30,新竹縣,竹北市,光明五街62號,無線區域網路(Wi-Fi),2.98E-10,mW/cm<sup>2</sup>,True
J00788,新竹縣政府大廳_無線區域網路(Wi-Fi)量測,2015-06-30,新竹縣,竹北市,光明六路10號,無線區域網路(Wi-Fi),7.8E-11,mW/cm<sup>2</sup>,True
Q10162,嘉義縣六腳鄉北美國小,2015-06-25,嘉義縣,六腳鄉,崙陽村122號,學校極低頻設施,1.12,mG,True
D00834,臺南市立復興國民中學,2015-06-17,臺南市,東區,臺南市東區裕文路62號,學校極低頻設施,12.61,mG,True
J00787,竹北市福興一路_落地型變電箱量測,2015-06-26,新竹縣,竹北市,竹北市福興一路,落地型變壓器,1.208,mG,True
J00783,竹北市光明一路480號前_落地型變電箱量測,2015-06-26,新竹縣,竹北市,光明一路480號前,落地型變壓器,1.534,mG,True
J00782,新豐鄉泰安街35號對面_落地型變電箱量測,2015-06-25,新竹縣,新豐鄉,泰安街35號對面,落地型變壓器,1.101,mG,True
J00781,新豐鄉保愛街32號旁_落地型變電箱量測,2015-06-25,新竹縣,新豐鄉,保愛街32號旁,落地型變壓器,20.66,mG,True
J00778,新豐鄉康樂路與德昌街路口_落地型變電箱量測,2015-06-25,新竹縣,新豐鄉,康樂路與德昌街路口,落地型變壓器,4.495,mG,True
A00986,大安區仁愛路4段與仁愛路4段300巷交叉口人行道-落地型變壓器檢測,2015-05-18,臺北市,大安區,仁愛路4段300巷,落地型變壓器,9.5,mG,True
RCY0000014,台南縣麻豆鎮麻學路一段9號,2005-06-10,臺南市,麻豆區,麻豆鎮麻學路一段9號,手機基地臺,0.0019,mW/cm<sup>2</sup>,True
RCY0000012,台南縣新市鄉復興路62巷9號8樓頂B棟,2005-09-30,臺南市,新市區,新市鄉復興路62巷9號8樓頂B棟,手機基地臺,0.0017,mW/cm<sup>2</sup>,True
RCY0000010,台南縣新市鄉復興路62巷9號8樓頂F棟,2005-09-30,臺南市,新市區,新市鄉復興路62巷9號8樓頂F棟,手機基地臺,0.0007,mW/cm<sup>2</sup>,True
RCY0000009,台南縣新市鄉復興路62巷9號8樓頂G棟,2005-09-30,臺南市,新市區,新市鄉復興路62巷9號8樓頂G棟,手機基地臺,0.0004,mW/cm<sup>2</sup>,True
R00683,歸仁國中,2007-11-05,臺南市,歸仁區,文化街二段2號,配電設施,27.1,mG,True
OCY0000035,新竹市東大路二段732號3樓頂,2003-07-26,新竹市,北區,東大路二段732號3樓頂,手機基地臺,8.01E-05,mW/cm<sup>2</sup>,True
KCY0000093,苗栗縣竹南鎮環市路一段138巷2弄6-7號16樓頂,2003-08-01,苗栗縣,竹南鎮,竹南鎮環市路一段138巷2弄6-7號16樓頂,FM廣播電臺,0.0848,mW/cm<sup>2</sup>,True
KCY0000046,苗栗縣苗栗市南勢里坪頂西46號4樓頂,2003-08-30,苗栗縣,苗栗市,苗栗市南勢里坪頂西46號4樓頂,手機基地臺,1.06E-05,mW/cm<sup>2</sup>,True
KCY0000045,苗栗縣苗栗市南勢里坪頂西86之2號3樓頂,2003-08-30,苗栗縣,苗栗市,苗栗市南勢里坪頂西86之2號3樓頂,手機基地臺,3.92E-05,mW/cm<sup>2</sup>,True
KCY0000041,苗栗縣銅鑼鄉中平70份13鄰13號3樓頂,2003-08-30,苗栗縣,銅鑼鄉,銅鑼鄉中平70份13鄰13號3樓頂,手機基地臺,0.000878,mW/cm<sup>2</sup>,True
LCY0000177,台中縣大里市文心南路1271號,2004-09-24,臺中市,大里區,大里市文心南路1271號,手機基地臺,0.0034,mW/cm<sup>2</sup>,True
LCY0000031,台中縣沙鹿鎮中棲路202-8號6樓,2003-07-19,臺中市,沙鹿區,沙鹿鎮中棲路202-8號6樓,手機基地臺,7.31E-06,mW/cm<sup>2</sup>,True
KCY0000005,苗栗縣苗栗市勝利里國福路2號,2005-06-28,苗栗縣,苗栗市,苗栗市勝利里國福路2號,變電所,6.72,mG,True
KCY0000004,苗栗縣造橋鄉大西村二坪4-6號,2005-06-28,苗栗縣,造橋鄉,造橋鄉大西村二坪4-6號,變電所,7.4,mG,True
KCY0000096,苗栗縣頭份鎮中華路458號,2004-05-26,苗栗縣,頭份鎮,頭份鎮中華路458號,手機基地臺,0.0041,mW/cm<sup>2</sup>,True
R10020,台南縣永康市中華路764號,2007-01-22,臺南市,永康區,中華路764號,手機基地臺,3.01217976649504E-09,mW/cm<sup>2</sup>,True
R10019,台南縣仁德鄉中山路671號,2007-01-13,臺南市,仁德區,中山路671號,手機基地臺,3.42745188153675E-09,mW/cm<sup>2</sup>,True
N10030,彰化縣立福興國中,2008-06-16,彰化縣,福興鄉,員鹿路2段270號,配電設施,9,mG,True
KCY0000003,苗栗縣通宵鎮五北里68-2號,2005-07-06,苗栗縣,通霄鎮,通宵鎮五北里68-2號,變電所,10.8,mG,True
KCY0000002,苗栗縣後龍鎮北龍里中華路54號,2005-07-06,苗栗縣,後龍鎮,後龍鎮北龍里中華路54號,變電所,16.42,mG,True
KCY0000001,苗栗縣竹南鎮公館里公館仔6號,2005-06-28,苗栗縣,竹南鎮,竹南鎮公館里公館仔6號,變電所,5.56,mG,True
K10039,苗栗縣竹南鎮公義路241號,2008-09-27,苗栗縣,竹南鎮,公義路241號,手機基地臺,0.00024,mW/cm<sup>2</sup>,True
K10038,苗栗縣竹南鎮中華路236號,2008-08-07,苗栗縣,竹南鎮,中華路２３６號,手機基地臺,7E-05,mW/cm<sup>2</sup>,True
K10037,苗栗縣竹南鎮中華路238號,2008-08-07,苗栗縣,竹南鎮,中華路238號,手機基地臺,0.00261,mW/cm<sup>2</sup>,True
K10036,行政院衛生署苗栗醫院醫療大樓,2008-06-13,苗栗縣,苗栗市,為公路747號,其它(低頻),7.2,mG,True
K10034,苗栗縣苑裡鎮山柑里社柑三路與社柑36路交叉處鐵塔,2007-03-25,苗栗縣,苑裡鎮,苗栗縣苑裡鎮山柑里社柑三路與社柑36路交叉處鐵塔,手機基地臺,0.0007,mW/cm<sup>2</sup>,True
K10035,為恭紀念醫院信義院區,2008-06-13,苗栗縣,頭份鎮,信義路128號,其它(低頻),16.1,mG,True
K10033,苗栗縣三義鄉雙草湖169號,2007-03-24,苗栗縣,三義鄉,雙草湖路169號,手機基地臺,0.00024,mW/cm<sup>2</sup>,True
K10032,桂林藝品,2007-03-24,苗栗縣,三義鄉,水美路192號,手機基地臺,0.0512,mW/cm<sup>2</sup>,True
K10031,百吉行,2007-03-24,苗栗縣,三義鄉,中正路112號,手機基地臺,4.64E-06,mW/cm<sup>2</sup>,True
K10030,苗栗縣頭份鎮光復路6-1號,2007-03-21,苗栗縣,頭份鎮,光復路6-1號,手機基地臺,0.0009,mW/cm<sup>2</sup>,True
K10029,苗栗縣濫坑里活動中心旁高鐵隧道上方,2007-03-18,苗栗縣,頭份鎮,苗栗縣濫坑里活動中心旁高鐵隧道上方,手機基地臺,0.0001,mW/cm<sup>2</sup>,True
K10028,崇佛寺,2007-03-18,苗栗縣,頭份鎮,苗栗縣頭份鎮七鄰濫坑里65號,手機基地臺,0.0138,mW/cm<sup>2</sup>,True
K10027,苗栗縣頭份鎮七鄰濫坑里65號旁鐵塔,2007-03-18,苗栗縣,頭份鎮,苗栗縣頭份鎮七鄰濫坑里65號旁鐵塔,手機基地臺,0.00021,mW/cm<sup>2</sup>,True
K10026,苗栗縣頭屋鄉象山村象山路186號,2007-03-18,苗栗縣,頭屋鄉,象山路186號,手機基地臺,0.00511,mW/cm<sup>2</sup>,True
K10025,牛肚大王,2007-03-18,苗栗縣,苗栗市,至公路440號,手機基地臺,0.00112,mW/cm<sup>2</sup>,True
K10024,苗栗縣苗栗市為公路309~311號,2007-03-18,苗栗縣,苗栗市,為公路309~311號,手機基地臺,0.00191,mW/cm<sup>2</sup>,True
K10023,君悅大樓,2007-03-18,苗栗縣,苗栗市,中正路204號,手機基地臺,0.00191,mW/cm<sup>2</sup>,True
K10022,三統大飯店,2007-03-18,苗栗縣,苗栗市,中正路617號,手機基地臺,0.00422,mW/cm<sup>2</sup>,True
RCY0000041,台南縣仁德鄉中山路136號,2004-06-26,臺南市,仁德區,仁德鄉中山路136號,手機基地臺,1.234E-05,mW/cm<sup>2</sup>,True
RCY0000040,台南縣仁德鄉中山路125號,2004-06-26,臺南市,仁德區,仁德鄉中山路125號,手機基地臺,1.5E-05,mW/cm<sup>2</sup>,True
RCY0000039,台南縣關廟鄉埤頭村92之12號,2005-07-02,臺南市,關廟區,關廟鄉埤頭村92之12號,手機基地臺,0.0023,mW/cm<sup>2</sup>,True
RCY0000038,台南縣新化鎮信義街173之5號,2005-07-02,臺南市,新化區,新化鎮信義街173之5號,手機基地臺,0.009,mW/cm<sup>2</sup>,True
RCY0000037,台南縣新化鎮信義街171號,2005-07-01,臺南市,新化區,新化鎮信義街171號,手機基地臺,0.0058,mW/cm<sup>2</sup>,True
RCY0000036,台南縣官田鄉中山路一段120號,2005-07-01,臺南市,官田區,官田鄉中山路一段120號,手機基地臺,0.023,mW/cm<sup>2</sup>,True
RCY0000035,台南縣官田鄉勝利路81號,2005-07-01,臺南市,官田區,官田鄉勝利路81號,手機基地臺,0.017,mW/cm<sup>2</sup>,True
RCY0000034,台南縣官田鄉中華路二段190號,2005-07-01,臺南市,官田區,官田鄉中華路二段190號,手機基地臺,0.0032,mW/cm<sup>2</sup>,True
RCY0000033,台南縣官田鄉南廓村南廓82號,2005-07-01,臺南市,官田區,官田鄉南廓村南廓82號,手機基地臺,0.0032,mW/cm<sup>2</sup>,True
RCY0000032,台南縣山上鄉明和村195-5號,2005-07-01,臺南市,山上區,山上鄉明和村195-5號,手機基地臺,0.0213,mW/cm<sup>2</sup>,True
RCY0000031,台南縣山上鄉明和村19-3號,2005-07-01,臺南市,山上區,山上鄉明和村19-3號,手機基地臺,0.0025,mW/cm<sup>2</sup>,True
RCY0000030,台南縣山上鄉山上村238號,2005-07-01,臺南市,山上區,山上鄉山上村238號,手機基地臺,0.0027,mW/cm<sup>2</sup>,True
RCY0000029,台南縣山上鄉南洲村381號1樓頂加鐵架,2005-07-01,臺南市,山上區,山上鄉南洲村381號1樓頂加鐵架,手機基地臺,0.0018,mW/cm<sup>2</sup>,True
RCY0000028,台南縣官田鄉文化街31號,2005-06-26,臺南市,官田區,官田鄉文化街31號,手機基地臺,0.0229,mW/cm<sup>2</sup>,True
PCY0000021,雲林縣西螺鎮國道一229.8公里旁之鐵塔基地台,2005-08-23,雲林縣,西螺鎮,西螺鎮國道一229.8公里旁之鐵塔基地台,手機基地臺,0.0001,mW/cm<sup>2</sup>,True
PCY0000020,雲林縣西螺鎮國道一230公里旁之鐵塔基地台,2005-08-23,雲林縣,西螺鎮,西螺鎮國道一230公里旁之鐵塔基地台,手機基地臺,0.0002,mW/cm<sup>2</sup>,True
RCY0000027,台南縣官田鄉文化街33號,2005-06-26,臺南市,官田區,官田鄉文化街33號,手機基地臺,0.0221,mW/cm<sup>2</sup>,True
RCY0000026,台南縣善化鎮牛莊里27號,2005-06-26,臺南市,善化區,善化鎮牛莊里27號,手機基地臺,0.0039,mW/cm<sup>2</sup>,True
RCY0000025,台南縣善化鎮民生路277號,2005-06-25,臺南市,善化區,善化鎮民生路277號,手機基地臺,0.1418,mW/cm<sup>2</sup>,True
RCY0000024,台南縣善化鎮民生路283號,2005-06-25,臺南市,善化區,善化鎮民生路283號,手機基地臺,0.1067,mW/cm<sup>2</sup>,True
RCY0000022,台南縣新市鄉大營村130之8號,2005-06-25,臺南市,新市區,新市鄉大營村130之8號,手機基地臺,0.0014,mW/cm<sup>2</sup>,True
NCY0000092,彰化縣秀水鄉安溪村彰秀路82號,2003-07-20,彰化縣,秀水鄉,秀水鄉安溪村彰秀路82號,變電所,17.091,mG,True
NCY0000091,彰化縣福興鄉萬豐村興業路19號,2003-07-20,彰化縣,福興鄉,福興鄉萬豐村興業路19號,變電所,10.202,mG,True
NCY0000090,彰化縣伸港鄉溪底村工一路2號,2003-07-19,彰化縣,伸港鄉,伸港鄉溪底村工一路2號,變電所,7.394,mG,True
NCY0000089,彰化縣伸港鄉海尾村中興路740號,2003-07-19,彰化縣,伸港鄉,伸港鄉海尾村中興路740號,變電所,8.545,mG,True
NCY0000088,彰化縣線西鄉濱東三路2號,2003-07-19,彰化縣,線西鄉,線西鄉濱東三路2號,變電所,5.177,mG,True
NCY0000079,彰化縣彰化市中山路三段162巷22號,2003-06-27,彰化縣,彰化市,彰化市中山路三段162巷22號,手機基地臺,1.84E-05,mW/cm<sup>2</sup>,True
NCY0000081,彰化縣彰化市中山路三段414號,2003-06-27,彰化縣,彰化市,彰化市中山路三段414號,手機基地臺,2.65E-05,mW/cm<sup>2</sup>,True
NCY0000080,彰化縣彰化市中山路三段412號,2003-06-27,彰化縣,彰化市,彰化市中山路三段412號,手機基地臺,0.000265,mW/cm<sup>2</sup>,True
NCY0000078,彰化縣彰化市永芳路346號4樓,2003-07-20,彰化縣,彰化市,彰化市永芳路346號4樓,手機基地臺,2.11E-06,mW/cm<sup>2</sup>,True
NCY0000077,彰化縣彰化市虎崗路5之1號,2003-09-01,彰化縣,彰化市,彰化市虎崗路5之1號,AM廣播電臺,4.19,V/m,True
NCY0000076,彰化縣彰化市彰南路三段85號4樓,2003-07-20,彰化縣,彰化市,彰化市彰南路三段85號4樓,手機基地臺,1.67E-06,mW/cm<sup>2</sup>,True
NCY0000075,彰化縣彰化市中山路三段160號,2003-06-27,彰化縣,彰化市,彰化市中山路三段160號,手機基地臺,0.000153,mW/cm<sup>2</sup>,True
NCY0000074,彰化縣彰化市孝德街24巷1之18號,2004-10-31,彰化縣,彰化市,彰化市孝德街24巷1之18號,手機基地臺,0.0267,mW/cm<sup>2</sup>,True
NCY0000073,彰化縣彰化市石牌庄60之3號,2003-09-01,彰化縣,彰化市,彰化市石牌庄60之3號,FM廣播電臺,0.1076,mW/cm<sup>2</sup>,True
NCY0000072,彰化縣彰化市石牌段石牌巷60之5號,2003-09-01,彰化縣,彰化市,彰化市石牌段石牌巷60之5號,FM廣播電臺,0.1273,mW/cm<sup>2</sup>,True
NCY0000071,彰化縣彰化市石牌莊58之6號,2003-09-01,彰化縣,彰化市,彰化市石牌莊58之6號,FM廣播電臺,0.0049,mW/cm<sup>2</sup>,True
NCY0000070,彰化縣彰化市中山路三段456號,2003-06-26,彰化縣,彰化市,彰化市中山路三段456號,手機基地臺,0.000963,mW/cm<sup>2</sup>,True
NCY0000069,彰化縣彰化市中山路三段630號,2003-06-26,彰化縣,彰化市,彰化市中山路三段630號,手機基地臺,6.08E-06,mW/cm<sup>2</sup>,True
E00707,屏北D/S,2010-12-08,高雄市,左營區,華夏路1550 號,變電所,7.4082,mG,True
J00663,隘口變電所D/S,2010-11-03,新竹縣,竹北市,隘口里2鄰興隆路2段319號,變電所,9.55,mG,True
J00661,新工變電所D/S,2010-11-03,新竹縣,湖口鄉,鳳凰村1 7 鄰仁興路1 5 0號,變電所,18.06,mG,True
J00660,湖北變電所D/S,2010-11-03,新竹縣,湖口鄉,光復北路62號,變電所,21.25,mG,True
B00678,中華D/S,2010-11-20,臺中市,北區,錦平里中華路二段171號,變電所,13.33,mG,True
J00658,梅湖變電所P/S,2010-11-03,新竹縣,湖口鄉,湖口村羊喜窩52號,變電所,46.36,mG,True
J00657,松林變電所S/S,2010-11-03,新竹縣,新豐鄉,松林村康樂路一段393巷13號,變電所,12.64,mG,True
U10046,和仁D/S變電所電磁場量測紀錄,2010-11-29,花蓮縣,秀林鄉,和平村1鄰和平30之15號,變電所,7.1,mG,True
U10045,玉里變電所D/S電磁場量測紀錄,2010-12-01,花蓮縣,玉里鎮,中華路299號,變電所,5.6,mG,True
K00631,糖科D/S變電所,2010-09-14,苗栗縣,竹南鎮,科北六路4號,變電所,7.989,mG,True
Q10059,變電箱,2011-07-15,嘉義縣,朴子市,朴子市四維路上近東石高中,落地型變壓器,4.929,mG,True
K00625,苑裡S/S變電所,2010-09-20,苗栗縣,苑裡鎮,福田里五鄰53-5號,變電所,41.578,mG,True
Q10058,變電箱,2011-07-14,嘉義縣,中埔鄉,中埔鄉忠義路58號前,落地型變壓器,2.866,mG,True
K00623,房裡D/S變電所,2010-09-20,苗栗縣,苑裡鎮,房裡里7鄰南房75~5號,變電所,25.137,mG,True
B00680,嶺東S/S,2010-11-23,臺中市,西屯區,協和里工業區五路16號,變電所,29.18,mG,True
B00679,東海S/S,2010-11-20,臺中市,西屯區,福中里工業區一路1號,變電所,16.66,mG,True
U10052,光華S/S變電所電磁場量測紀錄,2010-11-26,花蓮縣,吉安鄉,南濱路一段542號,變電所,9.3,mG,True
U10051,光復S/S變電所電磁場量測紀錄,2010-11-29,花蓮縣,光復鄉,大華村大華街80 號,變電所,49.5,mG,True
U10050,北埔S/S變電所電磁場量測紀錄,2010-11-29,花蓮縣,秀林鄉,景美村加灣6之1號,變電所,15.5,mG,True
U10049,瑞穗S/S變電所電磁場量測紀錄,2010-11-29,花蓮縣,瑞穗鄉,瑞祥村溫泉路一段268號,變電所,1.5,mG,True
U10048,勝安D/S變電所電磁場量測紀錄,2010-11-26,花蓮縣,吉安鄉,勝安村北安街85號,變電所,7.9,mG,True
U10047,花蓮P/S變電所電磁場量測紀錄,2010-11-29,花蓮縣,吉安鄉,太昌村明義七街151號,變電所,43.5,mG,True
E00703,LE-99-09-16,2010-09-16,高雄市,鼓山區,富農路2號,變電所,10.597,mG,True
P10032,台電虎科變電所,2010-09-06,雲林縣,虎尾鎮,墾地里科虎三路29 號,變電所,7.477,mG,True
R00688,柳營變電所量測,2010-09-15,臺南市,柳營區,太康村義士路3段53號,變電所,9.18,mG,True
J00655,五華變電所S/S,2010-11-03,新竹縣,橫山鄉,大肚村大肚67號,變電所,10.9,mG,True
J00656,六家變電所D/S,2010-11-02,新竹縣,竹北市,自強一路25號,變電所,20.17,mG,True
O00712,新竹市潭後變電所電磁場量側,2010-11-03,新竹市,東區,新光路66號,變電所,3.09,mG,True
K00633,營盤D/S變電所,2010-09-14,苗栗縣,竹南鎮,中港里11鄰新生路77號,變電所,20.521,mG,True
K00632,山佳D/S變電所,2010-09-14,苗栗縣,竹南鎮,山佳里光復路405號,變電所,9.127,mG,True
K00628,蟠桃D/S變電所,2010-09-16,苗栗縣,頭份鎮,山下里8鄰信東路2段130號,變電所,26.133,mG,True
K00627,頭份P/S變電所,2010-09-16,苗栗縣,頭份鎮,民族路370號,變電所,40.56,mG,True
S00716,仕豐D/S,2010-09-21,高雄市,橋頭區,新莊村10鄰橋新6路482號,變電所,1.949,mG,True
Q10040,新塭變電所,2010-09-13,嘉義縣,布袋鎮,復興里新塭24-186號,變電所,6.234,mG,True
K00626,南湖P/S變電所,2010-09-16,苗栗縣,頭份鎮,興隆里7鄰興埔街364號,變電所,20.186,mG,True
O00710,新竹市龍梅變電所電磁場量測,2010-10-25,新竹市,東區,新竹市力行四路1之7號,變電所,10.15,mG,True
O00709,新竹市龍山變電所電磁場量測,2010-10-25,新竹市,東區,新竹市工業東二路4號,變電所,42.8,mG,True
S00722,蚵港S/S,2010-09-29,高雄市,梓官區,信蚵村通港路161號,變電所,8.919,mG,True
S00721,美濃S/S,2010-09-28,高雄市,美濃區,復興街一段315號,變電所,4.957,mG,True
S00720,大湖S/S,2010-09-29,高雄市,路竹區,甲南村天祐路33號,變電所,33.44,mG,True
Q10044,嘉義變電所,2010-09-30,嘉義縣,竹崎鄉,灣橋村崎腳281號,變電所,17.88,mG,True
A00743,天母變電所(S/S)電磁波檢測結果報告,2010-07-19,臺北市,北投區,行義路37號,變電所,15.2,mG,True
S00715,林園P/S,2010-09-17,高雄市,林園區,溪洲二路1號,變電所,38.59,mG,True
S00711,岡工D/S,2010-08-17,高雄市,岡山區,本工西一路11 號,變電所,5.348,mG,True
S00710,過埤D/S,2010-08-13,高雄市,鳳山區,過埤里7鄰溪濱路118 號,變電所,2.221,mG,True
B00677,昌平變電所,2010-07-23,臺中市,北屯區,仁和里豐樂一街77號,變電所,13.1,mG,True
B00676,水湳變電所量測報告,2010-07-16,臺中市,西屯區,文心路三段251號,變電所,3.872,mG,True
B00672,工甲變電所量測報告,2010-07-30,臺中市,西屯區,協和里工業30路7號,變電所,9.762,mG,True
B00671,中科變電所量測報告,2010-08-13,臺中市,西屯區,科園一路1號,變電所,6.232,mG,True
S00719,嘉峰D/S,2010-09-29,高雄市,岡山區,嘉峰里興隆街572號,變電所,40.81,mG,True
S00718,凱旋D/S,2010-09-28,高雄市,鳳山區,武昌路161號,變電所,16.53,mG,True
R00689,新市鄉辨點所量測,2010-09-15,臺南市,新市區,豐華村堤塘港路12號,變電所,1.1,mG,True
C00558,大武崙變電所,2010-09-28,基隆市,安樂區,武訓街41號,變電所,11.18,mG,True
C00556,中山三路變電所,2010-09-28,基隆市,中山區,中山三路103巷2號,變電所,9.484,mG,True
A00736,週美變電所(D/S)電磁波檢測結果報告,2010-09-10,臺北市,內湖區,行愛路1號,變電所,12.8,mG,True
S00708,鳳山D/S,2010-08-13,高雄市,鳳山區,文華里文雅東街102號,變電所,33.66,mG,True
B00673,工乙變電所,2010-08-30,臺中市,西屯區,工業區37路50號,變電所,6.208,mG,True
Q10043,嘉民變電所,2010-09-29,嘉義縣,民雄鄉,三興村陳厝寮60號,變電所,27.41,mG,True
P10030,台電斗六變電所,2010-06-29,雲林縣,斗六市,保長路52-3號,變電所,21.19,mG,True
P10029,台電北勢變電所,2010-06-17,雲林縣,斗六市,科工七路9號,變電所,7.888,mG,True
P10037,台電口湖變電所,2010-07-01,雲林縣,口湖鄉,湖東村湖東104之號,變電所,1.494,mG,True
S00717,竹嶺D/S,2010-09-21,高雄市,路竹區,北嶺村北嶺五路1號,變電所,9.147,mG,True
S00713,仁武E/S,2010-08-25,高雄市,仁武區,烏林村24鄰仁安二巷85號,變電所,31.88,mG,True
S00712,北嶺D/S,2010-08-17,高雄市,岡山區,本工西路31 號,變電所,2.861,mG,True
C00555,仁二路33號變電所,2010-09-27,基隆市,仁愛區,仁二路133號,變電所,21.91,mG,True
P10036,台電斗南變電所,2010-09-25,雲林縣,斗南鎮,延平路一段10號,變電所,25.05,mG,True
I00529,嘉義市北回變電所,2010-09-23,嘉義市,西區,劉厝里大富路5號,變電所,28.3,mG,True
P10035,台電濁水變電所,2010-09-25,雲林縣,林內鄉,烏塗村100號,變電所,34.35,mG,True
P10034,台電虎菁變電所,2010-09-25,雲林縣,虎尾鎮,新興里新生路119-6號,變電所,10.09,mG,True
P10033,台電四湖變電所,2010-08-27,雲林縣,四湖鄉,三姓村中興路7 6 號,變電所,18.49,mG,True
A00741,石牌變電所(S/S)電磁波檢測結果報告,2010-07-05,臺北市,北投區,石牌路2段201號,變電所,43,mG,True
Q10039,東石鄉台電變電所,2010-09-10,嘉義縣,東石鄉,圍潭村九鄰雙連潭9號之10,變電所,37.15,mG,True
A00739,百齡變電所(D/S)電磁波檢測結果報告,2010-06-28,臺北市,士林區,通河東街二段160號,變電所,29.6,mG,True
A00737,成都變電所(D/S)電磁波檢測結果報告,2010-06-23,臺北市,萬華區,成都路112號,變電所,13.8,mG,True
A00735,民權變電所(D/S)電磁波檢測結果報告,2010-06-17,臺北市,內湖區,民權東路六段123巷34弄31號,變電所,22.6,mG,True
P10031,台電台西變電所,2010-08-27,雲林縣,台西鄉,中央路272號,變電所,7.235,mG,True
B00668,國安變電所量測報告,2010-08-06,臺中市,西屯區,永安里西屯路三段170之12號,變電所,30.48,mG,True
N00683,鹿西變電所,2010-07-08,彰化縣,鹿港鎮,鹿工南7路1號,變電所,4.9,mG,True
B00675,文心變電所量測報告,2010-07-23,臺中市,北屯區,北屯路365號,變電所,8.646,mG,True
B00674,南屯變電所,2010-08-30,臺中市,西區,美村路一段484號,變電所,30.9,mG,True
A00734,北資變電所(D/S)電磁波檢測結果報告,2010-06-17,臺北市,南港區,港東街200號,變電所,16.8,mG,True
