西藥製劑廠	(AP)0077131號 	107年6月24日	正長生化學製藥股份有限公司	彰化縣和美鎮詔安里彰美路二段6號	04-7354976#7	非無菌製劑：  液體劑型：溶液劑。  固體劑型：錠劑（含顆粒劑、散劑）。                     				切結不生產「”正長生”咳肯寧糖漿」（衛署藥製字第026831號）。	
西藥製劑廠	(AP)0448130號 	108年2月19日	詠大製藥股份有限公司	彰化縣和美鎮塗厝里和頭路777號	04-7551850	非無菌製劑：  液體劑型：溶液劑。                     					
西藥製劑廠	(AP)0450129號	108年9月25日	定源生技股份有限公司	雲林縣斗六市長安里科加六路32號	05-5517817	硬空膠囊劑。                      					
西藥製劑廠	(AP)0054128號	106年3月18日	成大藥品股份有限公司	臺南市麻豆區南勢里關帝廟80號	(06)5724030	非無菌製劑：  液體劑型：懸液劑(含溶液劑)。  半固體劑型：軟膏劑（含乳膏劑）。  固體劑型：膜衣錠(含錠劑、顆粒劑)、膠囊劑。                     					
西藥製劑廠	(AP)0311127號	106年4月17日	久松化學企業股份有限公司 	彰化縣秀水鄉彰水路一段340號	04-7695106	非無菌製劑：  液體製劑：溶液劑。               					
西藥製劑廠	(AP)0075126號	105年8月16日	仙台藥品工業股份有限公司	臺南市新營區嘉芳里新工路35號	(06)652-9887	非無菌製劑：  液體劑型：懸液劑(含溶液劑)。  半固體劑型：軟膏劑（乳膏劑）。  固體劑型：錠劑（含散劑）及膠囊劑。                     					
西藥製劑廠	(AP)0064125號	109年3月18日	永吉製藥股份有限公司	屏東縣萬丹鄉廣安村萬丹路3段91號	08-7772291	非無菌製劑：  半固體劑型：軟膏劑（乳膏劑）。  固體劑型：糖衣錠（膜衣錠、錠劑、顆粒劑）及膠囊劑。                     					
西藥製劑廠	(AP)0183124號	105年9月13日	尼斯可股份有限公司新莊廠	新北市新莊區中正路715號	02-29081616	非無菌製劑：  液體劑型：懸液劑（溶液劑）。  半固體劑型：軟膏劑（乳膏劑）。  固體劑型：錠劑（散劑）、膠囊劑。                            					
西藥製劑廠	(AP)0105123號	105年9月7日	信隆藥品工業股份有限公司	台南市仁德區一甲里中正路3段269號	(06)-2705711	非無菌製劑：  半固體劑型：軟膏劑(含乳膏劑)。  固體劑型：糖衣錠(含膜衣錠、錠劑、散劑)及膠囊劑。                     					
西藥製劑廠	(AP)0355122號	106年9月18日	台灣陽生製藥工業股份有限公司	屏東縣屏東市龍華里龍華路381號	08-7524112	非無菌製劑：  液體劑型：溶液劑。  半固體劑型：乳膏劑。  固體劑型：錠劑(含散劑)、膠囊劑。              					
西藥製劑廠	(AP)0067121號	108年12月19日	長安化學工業股份有限公司	彰化縣福興鄉萬豊村福工路19號、19-1號	(04)7693875	非無菌製劑：  液體劑型：溶液劑。  半固體劑型：軟膏劑(含乳膏劑)。  固體劑型：糖衣錠(含錠劑、顆粒劑、散劑)及膠囊劑。                     					
西藥製劑廠	(AP)0013120號	105年11月22日	五福化學製藥股份有限公司	宜蘭縣蘇澳鎮龍德里德興八路9號	03-9901470	眼用液劑(無菌製備)。              					
西藥製劑廠	(AP)0107119號	106年3月26日	威力化學製藥股份有限公司	台南市北區中樓里開元路60號	06-2372732	非無菌製劑：液體劑型：溶液劑。              					
西藥製劑廠	(AP)0153118號	108年9月27日	健民製藥股份有限公司	台中市西屯區協和里工業區34路52號	04-2350-0663	非無菌製劑：   固體劑型:棒劑。              					
西藥製劑廠	(AP)0445117號	107年2月11日	竟天生物科技製藥工廠	新竹科學工業園區新竹縣竹北市生醫路2段18、20、22號6樓	03-6581866	非無菌製劑：   液體劑型：溶液劑。   半固體劑型：乳膏劑。					
西藥製劑廠	(AP)0249116號	107年10月23日	龍杏生技製藥股份有限公司	台南市佳里區嘉福里下廍115之1號A棟	06-7220666	非無菌製劑：  液體劑型：溶液劑。  半固體劑型：軟膏劑（乳膏劑）。  固體劑型：錠劑(顆粒劑、散劑）及膠囊劑。              					
西藥製劑廠	(AP)0052112號	105年4月26日	利達製藥股份有限公司	台中市大甲區岷山里中山路1段906號	04-26872345	非無菌製劑：  液體劑型：溶液劑。  半固體劑型：軟膏劑（含乳膏劑）。  固體劑型：糖衣錠（含膜衣錠、錠劑、顆粒劑、散劑）、膠囊劑。              					
西藥製劑廠	(AP)0052111號	108年11月22日 	世達藥品工業股份有限公司	台中市西屯區協和里工業區十五路2號	04-23593862	非無菌製劑：  固體劑型：膜衣錠(含錠劑、顆粒劑、散劑)、膠囊劑。					
西藥製劑廠	(AP)0035001號	107年7月24日	永信藥品工業股份有限公司台中幼獅廠	 台中市大甲區日南里工九路27號、工七路9號 	04-26815181	•無菌製劑：  滅菌懸液注射劑（無菌製備）、乾粉注射劑（無菌製備）、注射液劑（無菌製備、最終滅菌）、凍晶注射劑(無菌製備)。  •非無菌製劑：  液體劑型：懸液劑（溶液劑）。  半固體劑型：軟膏劑（乳膏劑）。  固體劑型：糖衣錠（膜衣錠、錠劑、顆粒劑、散劑）、膠囊劑、栓劑。  •除生產一般製劑外，另生產細胞毒類製劑（注射液劑）。  					
西藥製劑廠	(AP)0023002號	106年9月30日	政德製藥股份有限公司	雲林縣大埤鄉嘉興村豐田路2號	05-5911101	•無菌製劑： 乾粉注射劑(無菌製備)、注射液劑（無菌製備及最終滅菌）、無菌眼用液劑（無菌製備）。 •非無菌製劑：  液體劑型：懸液劑（溶液劑）。 半固體劑型：軟膏劑（乳膏劑）。 固體劑型：錠劑（含顆粒劑、散劑）、膠囊劑 •除生產一般製劑外，另生產青黴素類製劑「乾粉注射劑(無菌製備)、顆粒劑、散劑及膠囊劑」及頭孢子菌素類製劑「乾粉注射劑(無菌製備)、顆粒劑及膠囊劑」及碳青黴烯類製劑「乾粉注射劑(無菌製備)」。 				 該廠於98年8月4日切結暫不生產下列產品（依98年8月10日署授食字第0981401290號函）： 愛仕達錠(衛署藥製字第039599號)、普樂錠(衛署藥製字第039578號)、愛仕達凝膠(衛署藥製字第036969號)、持效睪丸素注射液(衛署藥製字第15216號)、長效性兩性仕得保注射液(衛署藥製字第15031號)、特補愛斯太蒙針(衛署藥製字第002920號)、特補美福樂針(衛署藥製字第002922號)、保樂嬌針(衛署藥製字第003283號)、特補黃體素針(衛署藥製字第003052號)、特補鐵士得朗針(衛署藥製字第003053號)、鐵士得朗針(衛署藥製字第003266號)。	
西藥製劑廠	(AP)0032003號	106年9月30日	台灣東洋藥品工業股份有限公司中壢廠	桃園市中壢區中華路一段838 號	03-4522160	非無菌製劑： 半固體劑型：軟膏劑（含乳膏劑）。  除生產一般製劑外，另生產細胞毒類製劑［注射液劑（無菌製備、最終滅菌）及膠囊劑］。  					
西藥製劑廠	(AP)0410004號	107年12月11日	生達化學製藥股份有限公司二廠	台南市新營區開元路154號	06-6361516	非無菌製劑： 液體劑型：懸液劑（溶液劑）。 半固體劑型：軟膏劑（乳膏劑）。 固體劑型：糖衣錠（膜衣錠、錠劑、顆粒劑）、膠囊劑及栓劑。 其他：紗布劑（含抗生素）。					
西藥製劑廠	(AP)0081005號	107年12月23日	健喬信元醫藥生技股份有限公司健喬廠	新竹縣湖口鄉中興村工業一路6號 	03-5982811	非無菌製劑： 液體劑型：懸液劑（溶液劑）、氣化噴霧劑。 固體劑型：糖衣錠（膜衣錠、錠劑、散劑）、膠囊劑。 除生產一般製劑外，另生產女性荷爾蒙類製劑（膜衣錠）。					
西藥製劑廠	(AP)0409006號	107年5月12日	中國化學製藥股份有限公司台中工廠	台中市西屯區工業15路10號	04-23596818	無菌製劑（青黴素類）： 乾粉注射劑（無菌製備）、凍晶注射劑（無菌製備）。 非無菌製劑（青黴素類）： 固體劑型：膜衣錠（錠劑、顆粒劑、散劑）、膠囊劑。			儲存作業		
西藥製劑廠	(AP)0043007號	107年6月25日	強生化學製藥廠股份有限公司	新北市三重區三和路四段77號2-3樓、79號1-6樓	02-22878405	非無菌製劑： 液體劑型：溶液劑。 固體劑型：糖衣錠（含膜衣錠、錠劑、顆粒劑、散劑）、膠囊劑。					
西藥製劑廠	(AP)0256008號	107年12月23日	晟德大藥廠股份有限公司新竹廠	新竹縣湖口鄉實踐路2號	03-5981829	非無菌製劑： 液體劑型：懸液劑（溶液劑）。 固體劑型：膜衣錠(含錠劑)及膠囊劑。					
西藥製劑廠	(AP)0411009號	107年4月14日	永信藥品工業股份有限公司台中幼獅三廠	台中市大甲區日南里工六路26號、工十路12之1號	04-26815181 	無菌製劑（頭孢子菌素、青黴素類）：  乾粉注射劑（無菌製備）、凍晶注射劑(無菌製備)。 非無菌製劑（頭孢子菌素、青黴素類）： 固體劑型：膜衣錠（顆粒劑、散劑）、膠囊劑。					
西藥製劑廠	(AP)0372010號	108年1月21日	瑞安大藥廠股份有限公司觀音廠	桃園縣觀音鄉草漯村大同一路26號	03-4839641	非無菌製劑： 液體劑型：溶液劑。 半固體劑型：軟膏劑（乳膏劑）。 固體劑型：膜衣錠（錠劑、顆粒劑、散劑）、膠囊劑。				依103年11月5日部授食字第1031105481號函，瑞安大藥廠股份有限公司觀音廠聲明停止生產「注射液劑（無菌製備）」、「無菌眼耳鼻用液劑（無菌製備）」及「頭孢子菌素類乾粉注射劑」等劑型產品。	
西藥製劑廠	(AP)0371011號	107年6月30日	聯亞藥業股份有限公司新竹廠	新竹縣湖口鄉光復北路45號	03-5984151	無菌製劑：  注射液劑（無菌製備、最終滅菌）。 滅菌懸液注射劑（無菌製備）─疫苗（明礬沉澱破傷風類毒素及日本腦炎疫苗）之充填至包裝作業。 非無菌製劑： 液體劑型：懸液劑（含溶液劑）。 半固體劑型：軟膏劑（含乳膏劑）。 固體劑型：糖衣錠（含膜衣錠、錠劑、散劑）、膠囊劑。					
西藥製劑廠	(AP)0416012號	107年2月17日	台灣東洋藥品工業股份有限公司	台北市內湖區行善路118號5樓、5樓之1、5樓之2、5樓之3、124號5樓、5樓之1、5樓之2、5樓之3	02-27967383	無菌製劑： 注射液劑（最終滅菌）。 凍晶注射劑（無菌製備）。 注射液劑(無菌製備)。					
西藥製劑廠	(AP)0021013號	107年6月11日	南光化學製藥股份有限公司	台南市新化區全興里中山路1001號、1001之1號	06-5984121	無菌製劑：   注射液劑（最終滅菌及無菌製備)、灌洗用液劑(最終滅菌)、乾粉注射劑（無菌製備）、凍晶注射劑（無菌製備）。 非無菌製劑：  液體劑型：溶液劑。  半固體劑型：軟膏劑（乳膏劑）。  固體劑型：膜衣錠（含錠劑、顆粒劑、散劑）、膠囊劑。 除生產一般製劑外，另生產細胞毒類製劑之注射液劑（無菌製備）及凍晶注射劑（無菌製備）。 					
西藥製劑廠	(AP)0060014號	108年1月22日	培力藥品工業股份有限公司	台中市西屯區協和里工業區六路11號	04-23592576	非無菌製劑： 半固體劑型：軟膏劑（乳膏劑）。 固體劑型：糖衣錠（膜衣錠、錠劑、顆粒劑）、膠囊劑、栓劑。 除生產一般製劑外，另生產女性荷爾蒙類製劑（膜衣錠、錠劑、膠囊劑、軟膠囊劑、乳膏劑）。					
西藥製劑廠	(AP)0119015號	107年11月5日	美時化學製藥股份有限公司南投廠	南投縣南投市成功一路30號	049-2250411	非無菌製劑： 液體劑型：溶液劑。 半固體劑型：軟膏劑（乳膏劑）。 固體劑型：膜衣錠（錠劑）、膠囊劑、軟膠囊劑。 除生產一般製劑外，另生產女性荷爾蒙類製劑（錠劑）及細胞毒類製劑（膠囊劑、膜衣錠）。				該廠於99年8月9日切結暫不生產下列產品（依99年8月18日署授食字第0990002373號函）："美時"復癒膠囊（衛署藥製字第049563號）。 前述切結暫不生產之〝美時〞復癒膠囊產品，生產區業經本署100年9月19至22日實地查核，並以101年5月9日署授食字第1011100234號函認定符合PIC/S GMP。  	
西藥製劑廠	(AP)0423016號	 108年9月10日 	益邦製藥股份有限公司	苗栗縣竹南鎮科東三路1號	037-586268	非無菌製劑： 固體劑型：膜衣錠（錠劑、顆粒劑、散劑）及膠囊劑。					
西藥製劑廠	(AP)0298017號	107年11月13日	健亞生物科技股份有限公司	新竹縣湖口鄉中興村工業一路1號	035-982221	無菌製劑： 注射液劑(無菌製備、最終滅菌)、無菌眼耳鼻用液劑（眼用液劑/無菌製備）。  非無菌製劑： 半固體劑型：乳膏劑。 固體劑型：糖衣錠（膜衣錠、錠劑、散劑）、膠囊劑。 除生產一般製劑外，另生產細胞毒類製劑（注射液劑/無菌製備）。					
西藥製劑廠	(AP)0018018號	107年5月27日	信東生技股份有限公司觀音廠	桃園縣觀音鄉國建一路1號	(03)483-7600	無菌製劑(頭孢子菌素類)：   乾粉注射液劑（無菌製備）。  非無菌製劑(頭孢子菌素類)：  固體劑型：膜衣錠（顆粒劑）、膠囊劑。  				該廠於99年8月27日切結不生產下列產品(依99年8月31日署授食字第0991100291號函) : "信東"沛能注射劑(衛署藥製字第048751號)及"信東"滅平寧靜脈乾粉注射劑(衛署藥製字第049735號)。	
西藥製劑廠	(AP)0408019號	107年10月9日	中國化學製藥股份有限公司新豐工廠	新竹縣新豐鄉坑子口182-1號	03-5599866	無菌製劑：  乾粉注射劑（無菌製備）、注射液劑（無菌製備、最終滅菌）、凍晶注射劑（無菌製備）。  非無菌製劑： 液體劑型：懸液劑（溶液劑）。  半固體劑型：軟膏劑（乳膏劑）。 固體劑型：糖衣錠（膜衣錠、錠劑、顆粒劑、散劑）、膠囊劑、栓劑。					
西藥製劑廠	(AP)0011020號	107年5月12日	台灣大塚製藥股份有限公司中壢工廠 	桃園縣中壢市忠福里吉林路15號	03-4524104	無菌製劑：  注射液劑（最終滅菌）。 溶液劑(最終滅菌)。 灌洗用液劑(最終滅菌)。 非無菌製劑： 半固體劑型：軟膏劑。  固體劑型：錠劑（含散劑）。					
西藥製劑廠	(AP)0421021號	107年10月23日	詮達股份有限公司新竹廠	新竹縣湖口鄉勝利村光復路50號	03-5983150	非無菌製劑： 液體劑型：溶液劑。					
西藥製劑廠	(AP)0033022號	 107年6月25日 	濟生化學製藥廠股份有限公司	新竹縣湖口鄉勝利村26鄰實踐路3號	03-5983811	無菌製劑： 注射液劑(最終滅菌)、乾粉注射劑(無菌製備)、灌洗用液劑(最終滅菌)、腹膜透析用液劑(最終滅菌)。 非無菌製劑： 液體劑型：溶液劑。 固體劑型：散劑。 除生產一般製劑外，另生產頭孢子菌素類製劑「乾粉注射劑（無菌製備）」。					
西藥製劑廠	(AP)0399023號	108年5月04日	中國化學製藥股份有限公司台南二廠	台南市官田區二鎮里工業路39號	06-6991110	非無菌製劑： 固體劑型：膜衣錠(含錠劑、散劑)。					
西藥製劑廠	(AP)0049024號	107年11月14日	杏輝藥品工業股份有限公司	宜蘭縣冬山鄉中山村中山路84、84-4、84-6、84-7號及新寮路95、95-1、100-7、100-13、100-15、100-16、103、136號	03-9581101	無菌製劑：  眼用液劑（無菌製備）。 非無菌製劑：  液體劑型：懸液劑（溶液劑）。  半固體劑型：軟膏劑（乳膏劑）。  固體劑型：糖衣錠（膜衣錠、錠劑、顆粒劑、散劑）、膠囊劑、軟膠囊劑、栓劑。 除生產一般製劑外，另生產女性荷爾蒙類製劑「乳膏劑」及細胞毒類製劑「膜衣錠、膠囊劑、注射液劑（無菌製備及最終滅菌）」。			儲存、供應作業(均含冷鏈藥品)		
西藥製劑廠	(AP)0426026號	106年4月28日	友霖生技醫藥股份有限公司	雲林縣虎尾鎮墾地里科虎一路8號	(05)631-1331	非無菌製劑： 固體劑型：膜衣錠（錠劑）、膠囊劑。					
西藥製劑廠	(AP)0143027號	109年2月19日	盈盈生技製藥股份有限公司三峽廠	新北市三峽區紫新路26巷6號	02-26726032	非無菌製劑： 固體劑型：錠劑及膠囊劑。			儲存、供應作業(含冷鏈產品)。		
西藥製劑廠	(AP)0014028號	107年11月26日	輝瑞生技股份有限公司新竹廠	新竹縣新豐鄉中崙村中崙290-1號	03-5901988	非無菌製劑：  固體劑型： (1)膜衣錠（含錠劑及散劑）及膠囊劑。 (2)軟膠囊劑之分/包裝作業  除生產一般製劑外，另生產青黴素類製劑「凍晶注射劑（無菌製備）」。  					
西藥製劑廠	(AP)0163029號	105年3月26日	十全實業股份有限公司	南投縣南投市平山里仁和路27號	049-2254221	非無菌製劑： 液體劑型：溶液劑。  半固體劑型：軟膏劑(乳膏劑)。  固體劑型：糖衣錠(膜衣錠、腸衣錠、錠劑、顆粒劑、散劑)、膠囊劑。 除生產一般製劑外，另生產女性荷爾蒙類錠劑。				該廠於99年3月26日及100年1月17日切結暫不生產下列產品（依100年8月16日署授食字第1001101303號函）： 淑寶糖衣錠1.25公絲（伊得蒙）（衛署藥製字第038458號）、婦佳乳膏0.1公絲/公克（氫偶素）（衛署藥製字第042193號）。	
西藥製劑廠	(AP)0425030號	108年03月25日	中國化學製藥股份有限公司台南三廠	台南巿官田區二鎮里工業西路46號之8	06-6935637	無菌製劑（頭孢子菌素類）： 乾粉注射劑（無菌製備）。					
西藥製劑廠	(AP)0025031號	106年03月11日	生達化學製藥股份有限公司	臺南市新營區土庫里土庫6之20號	06-6361516	無菌製劑： 注射液劑(無菌製備、最終滅菌) 、凍晶注射劑(無菌製備)、滅菌懸液注射劑(無菌製備)。  非無菌製劑： 液體劑型：溶液劑。 固體劑型：糖衣錠(膜衣錠、錠劑、顆粒劑、散劑)、膠囊劑。 除生產一般製劑外，另生產頭孢子菌素類製劑(乾粉注射劑，無菌製備)。				依103年10月31日部授食字第1031100401號函，生達化學製藥股份有限公司切結不生產下列品項：（一）眼用液劑產品:眼滴爽0.1%眼用懸液（膚樂美爽）（衛署藥製字第034957號）及可敵炎點眼液（衛署藥製字第014024號）;（二）乾粉注射劑產品："生達"舒信注射液900公絲（來欣阿斯匹林）（衛署藥製字第039169號）;（三）性荷爾蒙類產品：女寧膠囊200公絲（單那若）（衛署藥製字第041418號）及伊使蒙糖衣錠（衛署藥製字第004423號）;（四）細胞毒類注射液劑："生達"依妥派注射液20公絲/公撮（伊妥普賽）（衛署藥製字第036593號）;（五）丸劑產品：喜滿佳軟甜球丸（衛署藥製字第039664號）;（六）頭孢子菌素類產品：希華克膠囊250公絲（衛署藥製字第039630號）、賜華力膠囊500公絲（西華杜西）（衛署藥製字第027093號）、"生達"速信膜衣錠125公絲（頭孢福辛）（衛署藥製字第042433號）、"生達"速信膜衣錠250公絲（頭孢福辛）（衛署藥製字第042439號）、舒維速保膠囊250公絲（賜福力欣）（衛署藥製字第040102號）、舒維速保膠囊500公絲（賜福力欣）（衛署藥製字第040103號）、賜華定膠囊500公絲（西華定）（衛署藥製字第032295號）及賜華定懸液用粉500公絲/5公撮（西華定）（衛署藥製字第032269號）。	
西藥製劑廠	(AP)0058032號	106年09月22日	華興化學製藥廠股份有限公司	彰化縣田尾鄉饒平村四維巷128號	04-8832121	非無菌製劑： 液體劑型：溶液劑。 固體劑型：膜衣錠(錠劑、顆粒劑)、膠囊劑。				該廠於100年11月9日切結書切結暫不生產下列產品： 司化菌膠囊500公絲（西華卓西）（衛署藥製字第035542號）、利內特膜衣錠250公絲〝華興〞（衛署藥製字第044652號）、優婦錠5公絲（兩烯伊士純隆）〝華興〞（衛署藥製字第043049號）。	
西藥製劑廠	(AP)0413033號	106年8月26日	得生製藥股份有限公司二廠	台南市永康區王行里環工路42-1號	06-2311636	非無菌製劑-貼劑(含藥膠布)。					
西藥製劑廠	(AP)0031034號	106年6月30日	保瑞藥業股份有限公司	台南市官田區工業西路54號	06-6984795	非無菌製劑： 固體劑型：糖衣錠（膜衣錠、錠劑、顆粒劑）、膠囊劑、軟膠囊劑（僅分、包裝作業）。					
西藥製劑廠	(AP)0414035號	106年5月18日	安成國際藥業股份有限公司中壢廠	桃園縣中壢市自強四路三之一號	03-4336438	非無菌製劑： 液體劑型：懸液劑。 固體劑型：膜衣錠、膠囊劑。					
西藥製劑廠	(AP)0048036號	108年11月18日	寶齡富錦生技股份有限公司平鎮廠	桃園市平鎮區興隆路266號	03-4697159	非無菌製劑： 液體劑型：懸液劑（溶液劑）。 半固體劑型：軟膏劑（乳膏劑）。 固體劑型：膜衣錠（錠劑、顆粒劑、散劑）、膠囊劑。				該廠於100年11月17日及101年4月17日切結不生產非人用藥品規格之動物用藥產品及Estradiol類之女性荷爾蒙產品（乳膏劑及凝膠劑）。	
西藥製劑廠	(AP)0415037號	106年12月21日	立康生物科技股份有限公司工廠	臺南市永康區王行里環工路29、31、31之1、31之2、31之3、31之5號	06-2337068	非無菌製劑-藥膠布。					
西藥製劑廠	(AP)0044038號	107年1月4日	台灣田邊製藥股份有限公司新竹廠	新竹縣湖口鄉鳳凰村光復北路97號	03-5983655	非無菌製劑： 液體劑型：懸液劑（溶液劑）。 半固體劑型：軟膏劑（乳膏劑）。 固體劑型：糖衣錠（膜衣錠、錠劑、顆粒劑）及膠囊劑。					
西藥製劑廠	(AP)0424039號	107年2月10日	瑞士藥廠股份有限公司新市廠	台南市新市區中山路182號	06-58939663	無菌製劑： 注射液劑（無菌製備、最終滅菌）。 無菌眼耳鼻用液劑（耳鼻用液劑/無菌製備）。  非無菌製劑： 液體劑型：溶液劑。 半固體劑型：軟膏劑（乳膏劑）。 固體劑型：糖衣錠（膜衣錠、錠劑、顆粒劑、散劑）、膠囊劑。 除生產一般製劑外，另生產頭孢子菌素類製劑〔乾粉注射劑（無菌製備）、膠囊劑、顆粒劑（含散劑）〕。  					
西藥製劑廠	(AP)0412040號	106年11月9日	麥迪森醫藥股份有限公司桃園廠 	桃園縣桃園市桃鶯路445之2號1樓	03-3710001	無菌製劑： 無菌眼耳鼻用液劑(眼用液劑/無菌製備)。 非無菌製劑： 液體劑型：溶液劑。					
西藥製劑廠	(AP)0327041號	106年6月28日	健康化學製藥股份有限公司 	臺中市大甲區幼獅工業區幼四路12號、工九路1號	04-26811733	非無菌製劑： 液體劑型：溶液劑。 半固體劑型：軟膏劑（含乳膏劑)。 固體劑型：錠劑（含顆粒劑、散劑）及膠囊劑。					
西藥製劑廠	(AP)0377042號	106年11月24日	歐帕生技醫藥股份有限公司	新竹縣湖口鄉湖南村光復路1號	03-5985737-231	非無菌製劑： 液體劑型：溶液劑。 半固體劑型：軟膏劑（乳膏劑）。 固體劑型：糖衣錠（膜衣錠、錠劑、顆粒劑、散劑）及膠囊劑。					
西藥製劑廠	(AP)0324044號	106年10月14日	五洲製藥股份有限公司	桃園縣新屋鄉赤欄村17之1號	03-4773411	非無菌製劑： 液體劑型 ：溶液劑。 半固體劑型：軟膏劑（乳膏劑）。 固體劑型：膜衣錠（錠劑、顆粒劑、散劑）、軟膠囊劑、膠囊劑。				依103年11月18日部授食字第1031105462號函，五洲製藥股份有限公司聲明停止生產女性荷爾蒙類產品「五洲非非每保隆5公絲」 (衛署藥製字第044116號)。	
西藥製劑廠	(AP)0370114	108年9月20日	久仁製藥廠股份有限公司	南投縣南投市工業路59號	049-2251508	非無菌製劑：液體劑型：溶液劑。					
西藥製劑廠	(AP)0134113號	108年05月29日	華盛頓製藥廠股份有限公司	高雄市仁武區工業二路12號	07-3711651	非無菌製劑： 液體劑型：懸液劑（溶液劑）。 半固體劑型：軟膏劑（乳膏劑）。 固體劑型：糖衣錠（膜衣錠、錠劑、散劑）及膠囊劑。					
西藥製劑廠	(AP)0079045號	106年04月13日	人生製藥股份有限公司	台中市西屯區工業五路3號	04-23592345	 非無菌製劑： 液體劑型：溶液劑。  半固體劑型：軟膏劑(乳膏劑)。  固體劑型：糖衣錠(膜衣錠、錠劑、顆粒劑、散劑)、膠囊劑、丸劑、棒劑。 其他:藥膠布及紗布劑。				該廠於101年4月13日切結不再生產下列產品（依101年12月12日署授食字第1011102951號函）： 人生經得寧錠（衛署藥製字第043137號）。	
西藥製劑廠	(AP)0065046號	107年3月7日	三洋藥品工業股份有限公司大發廠 	高雄市大寮區大寮里華西路45號	07-7871266	非無菌製劑： 液體劑型：溶液劑。  固體劑型：膜衣錠(錠劑)。				依該廠於101年5月15日三洋藥字第1010515號函切結不生產下列產品： (一)乳膏劑：膚滴藥膏（衛署藥製字第013782號）、絡勁乳膏7.5公絲/公克（衛署藥製字第036017號）。 (二)糖衣錠劑：哈囉那命-富糖衣錠（內衛藥製字第006339號）、虎爾強糖衣錠(內衛藥製字第006320號）、女人荷爾蒙糖衣錠（內衛藥製字第006314號）、千百力-愛糖衣錠（內衛藥製字第007651號）、千百力-T糖衣錠（內衛藥製字第007652號）。 (三)膠囊劑：免酸痛膠囊（衛署藥製字第018147號）、使爾免痛膠囊（衛署藥製字第010783號）、使爾免痛膠囊（衛署藥製字第008648號）、雄-10膠囊（內衛藥製字第006330號）、精豹力膠囊（內衛藥製字第006312號）、甲基荷爾蒙膠囊（內衛藥製字第006326號）、豹力荷爾蒙膠囊（衛署藥製字第025923號）、國安止痛膠囊250公絲（衛署藥製字第037692號）、一代感冒藥膠囊（衛署藥製字第039386號）、國安感冒藥膠囊（衛署藥製字第038250號）。 	
西藥製劑廠	(AP)0069047號	106年4月30日	杏林新生製藥股份有限公司	桃園縣龍潭鄉三和村店湖一路237 號	03-4703248	無菌製劑： 注射液劑(最終滅菌及無菌製備)。 凍晶注射劑(無菌製備)。 非無菌製劑： 固體劑型：糖衣錠(含膜衣錠、錠劑、顆粒劑、散劑)、膠囊劑。				該廠於102年12月31日切結暫不生產下列產品： 「復力素凍晶注射劑(衛署藥製字第025748號)」、一般抗生素產品「特康寧注射劑(衛署藥製字第048642號)」、細胞毒素類產品「雙福全注射劑(衛署藥製字第048080號)」。 	
西藥製劑廠	(AP)0429048號	106年8月17日	展旺生命科技股份有限公司南科分公司針劑廠	台南市新市區創業路12號4樓、16號4樓	06-5051200	無菌製劑：  乾粉注射劑（無菌製備）。 無菌乾粉原料藥之無菌加工作業。 					
西藥製劑廠	(AP)0428050號	106年4月13日	井田國際醫藥廠股份有限公司	台中市大甲區日南里幼獅路32號	04-26814585	非無菌製劑： 液體劑型 ：溶液劑。 半固體劑型：軟膏劑(乳膏劑)。 固體劑型：糖衣錠（含模衣錠、錠劑、顆粒劑及散劑）、膠囊劑、軟膠囊劑。 除生產一般製劑外，另生產女性荷爾蒙類製劑(乳膏劑、糖衣錠、模衣錠、錠劑)。					
西藥製劑廠	(AP)0281051號	107年1月13日	正和製藥股份有限公司新營廠	台南市新營區嘉芳里新工路23號	06-6529311	非無菌製劑： 液體劑型：懸液劑（溶液劑）。 半固體劑型：軟膏劑（乳膏劑）。 固體劑型：糖衣錠（膜衣錠、錠劑、顆粒劑、散劑）、膠囊劑。				依104年2月4日部授食字第1031105313號函，正和製藥廠股份有限公司新營廠聲明停止生產女性荷爾蒙類製劑（膠囊、糖衣錠、軟膏）共3項及頭孢子菌素類產品（膠囊）1項。	
西藥製劑廠	(AP)0121052號	106年9月20日	應元化學製藥股份有限公司	臺南市南區彰南里新忠路26號	06-2654883	無菌製劑： 注射液劑（無菌製備）、無菌眼用液劑（無菌製備）。 非無菌製劑： 液體劑型：溶液劑。 半固體劑型：軟膏劑（乳膏劑）。 固體劑型：糖衣錠（膜衣錠、錠劑、顆粒劑、散劑）、膠囊劑。				該廠於104年5月17日切結不生產下列產品 (依104年11月10日部授食字第1041105060號函)： 青黴素類製劑「安比西林注射劑500公絲(衛署藥製字第016481號)」、「"應元"安莫西林膠囊(衛署藥製字第014932號)」、「安比西林膠囊500公絲(衛署藥製字第026192號)」、「安莫西林膠囊500公絲(外銷專用)(衛署藥製字第045509號)」，女性荷爾蒙類製劑「普密注射液125公絲/公撮(衛署藥製字第025803號)」、「后保諾錠0.75公絲(衛署藥製字第046445號)」、「適汝膜衣錠(衛署藥製字第047267號)」、「黃體素注射液25公絲(衛署藥製字第024953號)」、「經力錠(衛署藥製字第027055號)」，頭孢子菌素類製劑「洛欣靜脈注射劑(外銷專用)(衛署藥製字第046900號)」、「西華樂林注射劑(衛署藥製字第017833號)」、「賜福力欣膠囊(衛署藥製字第014171號)」、「施華多寧黴素膠囊500公絲(衛署藥製字第025711號)」、「賜福力欣膠囊500公絲(衛署藥製字第036193號)」共14品項。	
西藥製劑廠	(AP)0008055號	108年2月6日	台灣東洋藥品工業股份有限公司六堵廠	基隆市七堵區六堵里工建西路5號	02-2451-2466	非無菌製劑： 固體劑型：膜衣錠(錠劑)、膠囊劑。 無菌製劑： 注射液劑（最終滅菌及無菌製備）。  凍晶注射液劑（無菌製備）。 					
西藥製劑廠	(AP)0059053號	106年12月30日	信東生技股份有限公司	桃園縣桃園市豐林里介壽路22號	03-3612131	無菌製劑：液體劑型： 注射液劑(最終滅菌、無菌製備)。 無菌眼耳鼻用液劑：眼用液劑(無菌製備)。 非無菌製劑： 固體劑型：糖衣錠(含膜衣錠、錠劑、散劑)、膠囊劑。 溶液劑。 貼劑。				依104年3月10日部授食字第1041101171號函，信東生技股份有限公司聲明停止生產荷爾蒙類注射液劑及抗癌藥類膠囊劑。 	
西藥製劑廠	(AP)0078054號	107年2月8日	優生製藥廠股份有限公司	台中市南屯區工業區21路14 號	04-23593968	非無菌製劑： 液體劑型：懸液劑(溶液劑)。 半固體劑型：乳膏劑。 固體劑型：糖衣錠(膜衣錠、錠劑、散劑)、膠囊劑。 除生產一般劑型外，另生產女性荷爾蒙製劑（糖衣錠、錠劑）。 					
西藥製劑廠	(AP)0434058號	108年11月17日	中國化學製藥股份有限公司新豐二廠 	新竹縣新豐鄉上坑村2鄰坑子口182號	03-5599866	非無菌製劑： 固體製劑：膠囊劑（免疫抑制劑）。  			儲存、輸出作業		
西藥製劑廠	(AP)0217056號	107年4月27日	永勝藥品工業股份有限公司	嘉義縣民雄鄉頭橋工業區工業三路6之3號	05-2218686	非無菌製劑： 液體劑型：懸液劑(溶液劑)。 半固體劑型：軟膏劑(乳膏劑)。 固體劑型：糖衣錠(含膜衣錠、腸衣錠、錠劑)及膠囊劑。 除生產一般製劑外，另生產女性荷爾蒙類製劑(膜衣錠)					
西藥製劑廠	(AP)0042057號	107年3月9日	大豐製藥股份有限公司	彰化縣彰化市延平里岸頭巷11號	04-7138165	無菌製劑： 注射液劑(最終滅菌及無菌製備)。 非無菌製劑： 液體劑型：溶液劑。 半固體劑型：軟膏劑(含乳膏劑)。 固體劑型：膜衣錠(含錠劑、顆粒劑、散劑)、膠囊劑、栓劑。 除生產一般劑型外，另於獨立區域生產女性荷爾蒙製劑(注射液劑-最終滅菌)。				依104年6月18日部授食字第1041103805號函，大豐製藥股份有限公司切結不生產眼用液劑「舒舒眼藥水(衛署藥製字第036152號)」及「滋潤眼藥水(衛署藥製字第035419號)」、女性荷爾蒙類錠劑產品「經畢暢錠"大豐" (衛署藥製字第043988號)」、青黴素類產品「安莫西林膠囊500公絲 (衛署藥製字第032891號)」及「安莫西林顆粒200公絲/公克"大豐" (衛署藥製字第035141號)」、頭孢子菌素類產品「可欣黴素膠囊500公絲(賜福力欣) (衛署藥製字第033073號)」及「可欣黴素顆粒500公絲/公克(賜福力欣) (衛署藥製字第032884號)」。	
西藥製劑廠	(AP)0029059號	109年2月23日	衛達化學製藥股份有限公司	臺中市南屯區寶山里工業區二十三路21號	04-23593847	非無菌製劑：  液體劑型：溶液劑。  半固體劑型：軟膏劑(乳膏劑)。  固體劑型：糖衣錠（膜衣錠、錠劑、顆粒劑、散劑）、                           膠囊劑、栓劑。					
西藥製劑廠	(AP)0361060號	106年7月27日	中生生技製藥股份有限公司淡水廠	新北市淡水區埤島里行忠路120號	02-26235507	非無菌製劑： 液體劑型：溶液劑。  半固體劑型：軟膏劑(乳膏劑)。 固體劑型：膜衣錠(錠劑)。					
西藥製劑廠	(AP)0019061號	107年11月8日	榮民製藥股份有限公司	桃園縣中壢市中堅里中山東路三段447號	03-4651190	非無菌製劑： 液體劑型：懸液劑(含溶液劑)。 半固體劑型：軟膏劑(含乳膏劑)。 固體劑型：糖衣錠(含膜衣錠、錠劑、顆粒劑)、膠囊劑。 除生產一般劑型外，另生產青黴素類製劑(膠囊劑)。 					
西藥製劑廠	(AP)0336062號	107年5月18日	德山製藥股份有限公司 	嘉義縣民雄鄉民雄工業區福樂村中山路38號	05-2209897	貼劑、藥膠布。					
西藥製劑廠	(AP)0160063號	107年3月7日	張國周製藥股份有限公司中壢製藥廠 	桃園市中壢區中壢工業區定寧路9號	03-4528367	非無菌製劑： 固體劑型：散劑。					
西藥製劑廠	(AP)0430064號	107年10月19日	生發化學生技股份有限公司	臺中市霧峰區霧工三路11號	04-23327555	非無菌製劑： 液體劑型：溶液劑。  					
西藥製劑廠	(AP)0431065號	108年10月26日	優良化學製藥股份有限公司	新竹縣湖口鄉中興村光復路10號	03-5973299	非無菌製劑： 固體劑型：膜衣錠(含錠劑、顆粒劑、散劑)、膠囊劑。 				依104年6月12日部授食字第1040022467號函製造許可之製造廠名稱自「躍欣生技醫藥股份有限公司」變更為「優良化學製藥股份有限公司」。	
西藥製劑廠	(AP)0151066號	107年1月9日	光南製藥股份有限公司宜蘭廠	宜蘭縣宜蘭市黎明里黎明二路240號	039-382954	非無菌製劑： 液體劑型：溶液劑。 半固體劑型：乳膏劑。 固體劑型：錠劑(含散劑)、膠囊劑、棒劑。					
西藥製劑廠	(AP)0433067號	108年7月10日	國嘉製藥工業股份有限公司幼獅三廠 	台中市大甲區日南里工十路2號	04-26816828	非無菌製劑： 液體劑型：溶液劑。 半固體劑型：乳膏劑。 固體劑型：糖衣錠（含膜衣錠、錠劑、顆粒劑、散劑）、膠囊劑、栓劑。			儲存、供應作業。		
西藥製劑廠	(AP)0286068號	109年1月9日	元宙化學製藥股份有限公司 	南投市永豐里南崗三路272號	049-2253190	非無菌製劑： 液體劑型：溶液劑。  半固體劑型：軟膏劑（含乳膏劑）。  固體劑型：糖衣錠（含膜衣錠、錠劑、顆粒劑、散劑）、膠囊劑。					
西藥製劑廠	(AP)0427069號	107年4月11日	澳斯麗國際股份有限公司淡水廠	新北市淡水區北新路三段123號之1號	02-26269945	非無菌製劑： 液體劑型：溶液劑。 半固體製劑：軟膏劑。 					
西藥製劑廠	(AP)0291070號	106年11月8日	合誠化學製藥股份有限公司	桃園縣平鎮市平鎮工業區工業十路15號	03-4696792	液體劑型：溶液劑。 固體劑型：糖衣錠(含膜衣錠、錠劑、散劑)、膠囊劑。					
西藥製劑廠	(AP)0041071號	108年5月29日	中美兄弟製藥股份有限公司 	彰化市東芳里彰鹿路106號	04-7524161	非無菌製劑： 液體劑型：懸液劑(含溶液劑)。  半固體劑型：軟膏劑(含乳膏劑)。  固體劑型：糖衣錠(含膜衣錠、錠劑、顆粒劑、散劑)、膠囊劑。					
西藥製劑廠	(AP)0435072號	107年9月6日	士宣生技股份有限公司	新北市新莊區後港一路141號1樓及143號1、2樓	02-29087790	無菌製劑：注射液劑（放射性藥品-無菌製備）。					
西藥製劑廠	(AP)0087073號	107年6月28日	衛生福利部食品藥物管理署管制藥品製藥工廠	新北市三峽區大同路287號	02-26735626	無菌製劑： 注射液劑(最終滅菌)。 非無菌製劑： 固體劑型：膜衣錠(含錠劑)。 					
西藥製劑廠	(AP)0002075號	108年7月3日	回春堂製藥廠股份有限公司	桃園縣新屋鄉社子村二鄰社子8號	03-4775185	非無菌製劑： 液體劑型：懸液劑(含溶液劑)。 半固體劑型：乳膏劑。 固體劑型：糖衣錠(含膜衣錠、錠劑、顆粒劑、散劑)、膠囊劑、栓劑。					
西藥製劑廠	(AP)0213074號	106年11月9日	黃氏製藥股份有限公司	雲林縣斗南鎮小東里大同路444巷11號	05-5971197	非無菌製劑： 液體劑型：溶液劑。 半固體劑型：軟膏劑（含乳膏劑）。 固體劑型：糖衣錠（含膜衣錠、錠劑、顆粒劑、散劑）及膠囊劑。 除生產一般製劑外，另於獨立區域生產女性荷爾蒙類製劑「糖衣錠(含膜衣錠、錠劑、顆粒劑、散劑)及膠囊劑」及「乳膏劑」。					
西藥製劑廠	(AP)0050076號	106年4月24日	葡萄王生技股份有限公司 	桃園縣中壢市振興里龍岡路三段60號	03-4572121	非無菌製劑： 半固體劑型：乳膏劑。					
西藥製劑廠	(AP)0056077號	107年5月10日	永豐化學工業股份有限公司新莊工廠	新北市新莊區新樹路292號	(02)22021112	無菌製劑： 注射液劑(無菌製備、最終滅菌)、灌洗用液劑(最終滅菌)、無菌眼耳鼻用液劑(眼用液劑/無菌製備)。 除生產一般製劑外，另生產青黴素類(散劑、乾粉注射劑/無菌製備)				該公司切結最終滅菌產品之滅菌條件未改善完成前不再生產。	
西藥製劑廠	(AP)0095078號	107年5月23日	明德製藥股份有限公司	桃園縣楊梅鎮瑞原里7鄰民富路二段360號	03-4723567	非無菌製劑： 液體劑型：溶液劑。 半固體劑型：軟膏劑(含乳膏劑)。 固體劑型：糖衣錠(含膜衣錠、錠劑、顆粒劑、散劑)、膠囊劑、栓劑。					
西藥製劑廠	(AP)0296079號	108年6月19日	依必朗化學製藥股份有限公司	彰化縣福興鄉萬豐村福工路11號	04-7695411	液體劑型：溶液劑。					
西藥製劑廠	(AP)0436080號	108年12月26日	科進製藥科技股份有限公司新竹廠	新竹縣竹北市東海里生醫路2段22、26號4樓	03-6579962	非無菌製劑： 液體劑型：懸液劑(含溶液劑)。 固體劑型：膜衣錠(含錠劑)、膠囊劑。			儲存作業		
西藥製劑廠	(AP)0352081號	107年5月17日	壽元化學工業股份有限公司 	嘉義市西區湖內里新民路128號	05-2360636	無菌製劑： 注射液劑(最終滅菌)、滅菌懸液注射劑(最終滅菌)。 非無菌製劑： 液體劑型：溶液劑。 半固體劑型：軟膏劑(含乳膏劑)。 固體劑型：膜衣錠(含錠劑)、膠囊劑。					
西藥製劑廠	(AP)0259082號	107年4月26日	安星製藥股份有限公司	新竹縣新豐鄉鳳坑村坑子口673號	03-5591158	無菌製劑： 注射液劑(最終滅菌)。 非無菌製劑： 固體劑型：錠劑、膠囊劑。					
西藥製劑廠	(AP)0026083號	109年3月14日	順華藥品工業股份有限公司三峽工廠 	新北市三峽區二鬮路186號	02-26725738	非無菌製劑： 液體劑型：溶液劑。 固體劑型：糖衣錠(含膜衣錠、錠劑、顆粒劑及散劑)、膠囊劑。				該廠於103年9月18日切結不生產下列產品（依103年10月14日部授食字第1031105092號函）：「優庫利暖注射劑50毫克（衛署藥製字第009975號）」、「使可治壯凍晶注射劑（皮質醇琥珀酸醯）（衛署藥製字第031024號）」、「使可治壯凍晶注射劑300毫克（皮質醇琥珀酸鈉）（衛署藥製字第039606號）」及「"順華" 長葉毛地黃苷注射液（衛署藥製字第047313號）」。	
西藥製劑廠	(AP)0395084號	107年11月27日	行政院原子能委員會核能研究所核醫製藥中心	桃園縣龍潭鄉佳安村文化路1000號	03-4711400	無菌製劑(放射性藥品)： 凍晶注射劑(無菌製備)。 注射液劑(最終滅菌、無菌製備)。					
西藥製劑廠	(AP)0028085號	106年4月30日	人人化學製藥股份有限公司中壢廠	桃園縣中壢市南園二路三號	03-4524382	無菌製劑：  無菌半固體劑型：眼藥膏（最終滅菌）。  非無菌製劑： 液體劑型：懸液劑（含溶液劑）。  半固體劑型：軟膏劑（含乳膏劑）。  固體劑型：錠劑。					
西藥製劑廠	(AP)0437086號	108年6月27日	景德製藥股份有限公司桃園廠	桃園市蘆竹區內厝里長安路一段80號、蘆竹區長安路一段148號2樓至7樓	03-3215512	無菌製劑：無菌眼用液劑「眼藥水（無菌製備）」、  無菌半固體製劑「眼藥膏（無菌製備）」。 					
西藥製劑廠	(AP)0071087號	108年12月27日	福元化學製藥股份有限公司 	新北市瑞芳區大寮路95之1號	02-24972872	非無菌製劑： 液體劑型：溶液劑。 半固體劑型：軟膏劑（含乳膏劑）。 固體劑型：糖衣錠（含膜衣錠及錠劑）、膠囊劑。				。	
西藥製劑廠	(AP)0076088號	108年11月28日	新萬仁化學製藥股份有限公司	台中市豐原區文賢街158號	04-25269105	非無菌製劑： 液體劑型：溶液劑。 半固體劑型：軟膏劑(含乳膏劑)。 固體劑型：錠劑(含顆粒劑、散劑)、膠囊劑。					
西藥製劑廠	(AP)0264089號	109年8月12日	大豐膠囊工業股份有限公司	台中市潭子區栗林里中山路三段203號	04-25330801	硬空膠囊劑					
西藥製劑廠	(AP)0442090號	106年6月25日	華健醫藥生技股份有限公司湖口廠	新竹縣湖口鄉鳳山村工業五路3號	03-6960011	非無菌製劑： 固體劑型：藥膠布及貼劑。					
西藥製劑廠	(AP)0016091號	108年7月19日	皇佳化學製藥股份有限公司	高雄市鳥松區坔埔里松埔路1巷1號	07-7310537	非無菌製劑：  液體劑型：懸液劑（含溶液劑）。  半固體劑型：軟膏劑（含乳膏劑）。  固體劑型：膜衣錠（含錠劑及顆粒劑）、膠囊劑。  其他：紗布劑（含藥）。					
西藥製劑廠	(AP)0335092號	109年4月30日	新歷芳企業股份有限公司	台中市霧峰區吉峰路31號	04-23303305	硬空膠囊劑。					
西藥製劑廠	(AP)0375093號	108年11月28日	佐藤製藥股份有限公司新竹廠	新竹縣湖口鄉湖南村光復北路7號	03-5984007	非無菌製劑： 液體劑型：溶液劑。 半固體劑型：軟膏劑(含乳膏劑)。 固體劑型：膜衣錠(含錠劑、顆粒劑)、膠囊劑。					
西藥製劑廠	(AP)0253094號	106年2月21日	明通化學製藥股份有限公司第二廠	台中市南屯區寶山里工業區21路15號	04-23590107	非無菌製劑： 液體劑型：溶液劑。 半固體劑型：軟膏劑。 固體劑型：錠劑(含顆粒劑、散劑)、丸劑。				依衛生福利部103年12月24日部授食字第1031103804號函明通化學製藥股份有限公司第二廠切結自103年10月14日暫時停止生產及販售產品「治傷風錠（衛署藥製字第029703號）」。 	
西藥製劑廠	(AP)0091095號	109年3月13日	明大化學製藥股份有限公司	臺中市外埔區水美里水美路52號	04-26870115	非無菌製劑： 液體劑型：溶液劑。 半固體劑型：軟膏劑(含乳膏劑)。 固體劑型：糖衣錠(含膜衣錠、錠劑、顆粒劑、散劑)及膠囊劑。					
西藥製劑廠	(AP)0037096號	106年6月27日	溫士頓醫藥股份有限公司 	台南市永康區塩洲里仁愛街117 號	06-2533124	無菌製劑： 無菌眼耳鼻用液劑（眼用懸液劑、眼用液劑、耳用液劑：皆為無菌製備）。 無菌半固體製劑：眼藥膏（無菌製備）。 非無菌製劑： 液體劑型：溶液劑。 半固體劑型：軟膏劑（含乳膏劑）。 固體劑型：膜衣錠（含錠劑、顆粒劑、散劑）、膠囊劑。 除生產一般製劑外，另生產女性荷爾蒙類之懸液劑及膜衣錠（含錠劑)。				該廠於103年11月30日切結不生產下列產品 (依103年12月27日部授食字第1031106553號函)：停止舊廠區所有生產作業，包含特殊產品（青黴素類製劑、頭孢子菌素類製劑及性荷爾蒙類製劑）、糖衣錠、乾粉注射劑、注射液劑及懸液劑劑型產品。	
西藥製劑廠	(AP)0036098號	106年9月5日	國光生物科技股份有限公司 	台中市潭子區聚興里潭興路一段3號	04-25381220	•無菌製備：注射液劑(無菌製備)。 •疫苗： (1)“國光”日本腦炎疫苗(調劑階段)。 (2)“國光”明礬沉澱破傷風類毒素(調劑階段)。 (3)“安定伏”裂解型流感疫苗。 (4) 國光/北里流感疫苗(不含原液製造)。 (5)“安定伏”佐劑型流感疫苗(仿病毒體)。 (6)“安定嘉”日本腦炎疫苗之充填包裝作業(無菌製備)。 (7)“安定伏”裂解型四價流感疫苗。 •臨床試驗用藥： (1)“安定伏”新型流感疫苗(H5N1)。 (2)“安定伏”新型流感疫苗(H7N9)。 (3)“安定伏”裂解型單價B型流感疫苗。 (4)“安定伏”四價流感疫苗。  (5) 腸病毒71型疫苗(自種毒細胞庫至疫苗原液製造階段)。  				該廠於103年12月28日切結不生產下列產品(依103年12月30日部授食字第1031105695號函)：停止尚未符合PIC/S GMP評鑑之廠房之產品生產 (包含「“國光ˮ 日本腦炎疫苗」及「“國光ˮ 明礬沉澱破傷風類毒素」之調劑與充填作業)。  依104年9月9日(部授食字第1041105914號函)：「“國光ˮ 日本腦炎疫苗」及「“國光ˮ 明礬沉澱破傷風類毒素」之核定內容由(原液製造及調劑階段)修訂為(調劑階段)。   腸病毒71型疫苗(生產場所為財團法人國家衛生研究院生物製劑廠，廠址為苗栗縣竹南鎮頂埔里科研路35號)	
西藥製劑廠	(AP)0439099號	106年5月30日	得生製藥股份有限公司三廠	臺南市永康區王行里環工路63號	06-2311636	非無菌製備：貼劑(含藥膠布)。					
西藥製劑廠	(AP)0368100號	109年2月26日	羅得化學製藥股份有限公司	臺中市大甲區頂店里東西七路一段65號	04-26882666	非無菌製劑： 液體劑型：懸液劑(含溶液劑)。 半固體劑型：軟膏劑(含乳膏劑)。 固體劑型：膜衣錠(含錠劑、顆粒劑、散劑)、膠囊劑。				依103年12月31日部授食字第1031106622號函羅得化學製藥股份有限公司切結不生產下列產品：(一) 抗生素類產品：「立化黴素膠囊300公絲（立汎黴素）（衛署藥製字第031234號）」、「鹽酸羥四環素膠囊250公絲（衛署藥製字第031270號）」、「鹽酸四環素膠囊500公絲（衛署藥製字第033932號）」、「立克勝膠囊500公絲（鹽酸林絲菌素）（衛署藥製字第031290號）」、「鹽酸氯四環素膠囊250公絲（衛署藥製字第031545號）」、「克得黴素膠囊300公絲（克林達黴素）（衛署藥製字第036072號）」、「克得黴素膠囊150公絲（克林達黴素）（衛署藥製字第033960號）」。	
西藥製劑廠	(AP)0061101號	108年3月7日	台裕化學製藥廠股份有限公司	新竹縣竹東鎮頭重里員山路11巷13弄1號	03-5826655	無菌製劑： 注射液劑（最終滅菌）、乾粉注射劑（無菌製備）、滅菌懸液注射劑（最終滅菌）及灌洗用液劑（最終滅菌）。 　　　　　　　　 非無菌製劑： 固體劑型：膜衣錠（含錠劑、顆粒劑）、膠囊劑。					
西藥製劑廠	(AP)0189102號	105年10月16日	美西製藥有限公司	高雄市仁武區仁武里工業一路9號	07-3711234	非無菌製劑： 液體劑型：懸液劑(溶液劑)。 半固體劑型：軟膏劑(乳膏劑)。 固體劑型：錠劑(顆粒劑及散劑)、膠囊劑。				依衛生福利部104年1月20日部授食字第1041100160號函美西製藥有限公司切結停止生產下列產品： (一)女性荷爾蒙類產品「芙麗蓉美凝膠0.6公絲/公克（氫偶素）（衛署藥製字第036467號）」；(二)無菌眼耳鼻用液劑劑型（眼用液劑/無菌製備）產品。	
西藥製劑廠	(AP)0441103號	106年12月24日	臺灣汎生製藥廠股份有限公司屏東農科分公司	屏東縣長治鄉德和村園東一街10、12號	08-7624668	無菌製劑： 頭孢子菌素類乾粉注射劑(無菌製備)。 注射用水─僅供汎生舒復注射用頭孢曲松鈉產品使用之組成溶液(最終滅菌)。					
西藥製劑廠	(AP)0248104號	109年4月11日	恒安製藥工業股份有限公司	台中市西屯區協和里工業區一路101號	04-23593019	非無菌製劑： 液體劑型：懸液劑(含溶液劑)。 半固體劑型：軟膏劑(含乳膏劑)。					
西藥製劑廠	(AP)0303105號	106年6月27日	先智生物科技股份有限公司	新北市瑞芳區頂坪路瑞芳工業區14號	02-24978076	非無菌製劑： 液體劑型：溶液劑。					
西藥製劑廠	(AP)0268106號	106年6月13日	臺灣派頓化學製藥股份有限公司	高雄市岡山區為隨里為隨東路50號	07-6222151	無菌製劑： 無菌眼耳鼻用液劑(無菌製備：眼用懸液劑、眼用液劑)。 非無菌製劑： 液體劑型：溶液劑。 半固體劑型：軟膏劑(含乳膏劑)。 固體劑型：錠劑(含顆粒劑及散劑)、膠囊劑、栓劑。				依104年3月20日部授食字第1041101519號函，臺灣派頓化學製藥股份有限公司切結不生產「惠肌腱膠囊10公絲 (匹洛卡) (衛署藥製字第025817號)」、「"派頓"得舒服錠200毫克(衛署藥製字第044318號)」、「"派頓"淨石顆粒(衛署藥製字第049218號)」及「健膚隆親水軟膏 (衛署藥製字第018322號)」。	
西藥製劑廠	(AP)0094107號	107年3月19日	西德有機化學藥品股份有限公司	新北市三重區中正北路560巷36號	02-29811451	非無菌製劑： 半固體劑型：軟膏劑（含乳膏劑） 固體劑型：膜衣錠（含錠劑、顆粒劑、散劑）及膠囊劑。					
西藥製劑廠	(AP)0109108號	108年4月9日	易生堂製藥廠股份有限公司新竹廠	新竹縣湖口鄉鳳凰村四維路30號	03-5983406	非無菌製劑： 固體劑型：錠劑(含散劑)。					
西藥製劑廠	(AP)0188109號	105年12月25日	漁人製藥股份有限公司	高雄市左營區菜公里民族一路707號	07-3417718	非無菌製劑： 固體劑型：軟膠囊劑。					
西藥製劑廠	(AP)0376110號	108年8月14日	廣得利膠囊股份有限公司	台中市大雅區雅楓里民生路三段180巷15號1、2樓	04-25664111	非無菌製劑：硬空膠囊劑。					
西藥製劑廠	(AP)0419115號	106年12月31日	財團法人國家衛生研究院生物製劑廠	苗栗縣竹南鎮科研路35號	037-246166	 無菌製劑：凍晶注射劑(無菌製備，含稀釋液)-血清:        (1)抗雨傘節及飯匙倩蛇毒血清凍晶注射劑。        (2)抗百步蛇毒血清凍晶注射劑。        (3)抗鎖鏈蛇毒血清凍晶注射劑。        (4)抗龜殼花及赤尾鮐毒血清凍晶注射劑。 疫苗：凍結乾燥卡介苗。  臨床試驗用藥：        (1)防腸毒疫苗(EV71Vvac)。        (2)細胞馴化A型流感H7N9不活化全病毒疫苗自種毒細胞庫至H7N9流感疫苗原液製造階段。                      					
西藥製劑廠	(AP)0451132	108年5月6日	新雙隆生技股份有限公司永康廠	台南市永康區四維街164之5號1樓	06-2012207			原料藥之分包裝作業			
原料藥廠	(C)0009027	107年12月18日	三岳化成股份有限公司	嘉義縣民雄鄉北斗村中正路5號	05-2219068		 (1)原料藥「Mephenoxalone」（衛署藥製字第045924號）。				
原料藥廠	(C)0034026號	108年4月26日	懷特生技新藥股份有限公司	桃園市楊梅區青山里獅二路10號5、6、7樓	03-4961300		(1)原料藥「懷特血寶注射劑原料藥（API of PG2 Injection）」（衛署藥製字第057928號）。 				
原料藥廠	(C)0035025號	106年9月9日	宏昇生化科技股份有限公司	台南市新市區環東路一段31巷12號4樓、16號4樓、16號3樓	06-5057226		(1)無菌原料藥Imipenem 、 (2)無菌原料藥Imipenem and Cilastatin for Injection 				
原料藥廠	(C)0021023號	106年4月29日	工業技術研究院原料藥GMP先導工廠	新竹市東區綠光里光復路二段321號26館2樓及3樓、27館1樓、29館2樓、28館	03-5743937		(1)Donepezil HCl(衛署藥製字第058353號)				
原料藥廠	(C)0004001號	108年4月25日	七星化學製藥股份有限公司	新北市土城區福安街75號	02-22685871		(1)Glyceryl Guaiacolate  (2)Gadopentetate Dimeglumine (3)Methocarbamol DC 90%  (4)Methocarbamol				
原料藥廠	(C)0003009號	107年5月16日	中化合成生技股份有限公司山佳工廠	新北市樹林區東興街1號	02-86843318		(1)Alprazolam (衛署藥製字第039966號) (2)Caspofungin Acetate (衛部藥製字第058637號)  (3)Ethyl Icosapentate(衛署藥製字第057764號)  (4)Everolimus (衛署藥製字第057295號) (5)Everolimus B20 (衛部藥製字第058400號) (6)Fluconazole(衛署藥製字第039866號)，製程操作為fluconazol crude 經純化及再結晶成為原料藥「Fluconazole」 (7)Guaifenesin (衛署藥製字第043600號) (8)Metaxalone (衛署藥製字第049352號) (9)Methocarbamol (衛署藥製字第043325號) (10)Mycophenolate mofetil (衛署藥製字第048247號) (11)Olopatadine HCl (衛署藥製字第049782號) (12)Pravastatin Sodium (衛署藥製字第043324號) (13)Rapamycin (衛部藥製字第058771號) (14)Tacrolimus (衛署藥製字第052596號) (15)Trandolapril (衛署藥製字第047844號) 				
原料藥廠	(C)0005002號	107年10月19日 	台耀化學股份有限公司蘆竹廠	桃園縣蘆竹鄉和平街36、36-1號	03-3240895		(1)Alfacalcidol  (2)Anastrozole  (3)Balsalazide Disodium Dihydrate  (4)Benzonatate  (5)Calcipotriol Anhydrous (6)Calcipotriol Monohydrate   (7)Calcitriol  (8)Calcium Acetate  (9)Capsaicin  (10)Colesevelam Hydrochloride  (11)Colestipol Hydrochloride   (12)Doxercalciferol  (13)Fludiazepam   (14)Flupentixol Dihydrochloride  (15)Gadodiamide Hydrate  (16)Gadoterate Meglumine  (17)Gimeracil  (18)Imatinib Mesylate   (19)Lapatinib Ditosylate  (20)Leflunomide  (21)Levonorgestrel  (22)Linezolid (23)Maxacalcitol Hydrate  (24)Melitracen hydrochloride  (25)Mifepristone  (26)Miltefosine  (27)Montelukast Sodium   (28)Mycophenolate Mofetil   (29)Orlistat   (30)Oteracil Potassium  (31)Paricalcitol  (32)Pazopanib Hydrochloride  (33)Sebacoyl Dinalbuphine Ester  (34)Sevelamer Carbonate  (35)Sevelamer Hydrochloride   (36)Taltirelin  (37)Tegafur  (38)Temozolomide    				
原料藥廠	(C)0015012	109年10月2日	臺灣永光化學工業股份有限公司第二廠	桃園市觀音區樹林里工業三路12號	03-4838088		(1)Alprostadil (衛署藥製字第042574號)、 (2)Bepotastine Besilate(衛署藥製字第059246號) 、 (3)Bimatoprost (衛署藥製字第056315號)、 (4)Bortezomib(衛部藥製字第058584號)、 (5)Dinoprostone β-Cyclodextin (衛署藥製字第043807號)、 (6)Epoprostenol Sodium (衛署藥製字第057422號)、 (7)Felodipine (衛署藥製字第043724號)、 (8)Latanoprost (衛署藥製字第048224號)、 (9)Limaprost Alfadex (衛署藥製字第056641號)、 (10)Lubiprostone (衛署藥製字第050082號)、 (11)Misoprostol (衛署藥製字第042561號)、 (12)Misoprostol-HPMC 1% Dispersion (衛署藥製字第044806號)、 (13)Rasagiline Mesylate (衛署藥製字第057124號)、 (14)Travoprost (衛署藥製字第054986號)、 (15)Tafluprost (衛部藥製字第058607號)				
原料藥廠	(C)0001019號	108年10月12日	台灣神隆股份有限公司	台南市善化區南科八路1號	06-5082874		(1)Anastrozole (衛署藥製字第048627號)、 (2)Azacitidine (衛部藥製字第058387號)、 (3)Argatroban (衛署藥製字第049784號)、 (4)Benazepril HCl (衛署藥製字第045092號)、 (5)Bivalirudin (衛署藥製字第057918號)、 (6)Cladribine (衛署藥製字第055101號)、 (7)Dantrolene Sodium (衛署藥製字第056310號)、 (8)Decitabine (衛部藥製字第058981號)、 (9)Desmopressin Acetate (衛部藥製字第058298號)、 (10)Diphemanil Methylsulphate (衛署藥製字第049692號)、 (11)Docetaxel (衛署藥製字第055551號)、 (12)Docetaxel Trihydrate (衛署藥製字第049594號)、 (13)Eflornithine Hydrochloride (衛署藥製字第046446號)、 (14)Entecavir monohydrate (衛署藥製字第057837號)、 (15)Exemestane (衛部藥製字第058811號 )、 (16)Flumazenil (衛署藥製字第044599號)、 (17)Fondaparinux Sodium (衛部藥製字第058582號 )、 (18)Fulvestrant (衛署藥製字第049747號)、 (19)Galantamine HBr (衛署藥製字第048782號)、 (20)Gemcitabine HCl (衛署藥製字第048311號)、 (21)Irinotecan hydrochloride (衛署藥製字第048217號)、 (22)Isoconazol nitrate (衛署藥製字第048967號)、 (23)Isoconazole (衛署藥製字第057406號)、 (24)Letrozole (衛署藥製字第048901號)、 (25)Levonorgestrel (衛署藥製字第045395號)、 (26)Omeprazole (衛署藥製字第044465號)、 (27)Ondansetron HCl (衛署藥製字第056747號)、 (28)Paclitaxel (衛署藥製字第057266號)、 (29)Pemetrexed Disodium Hemipentahydrate (衛署藥製字第054968號)、 (30)Regadenoson(衛部藥製字第058971號) 、 (31)Riluzole (衛署藥製字第056777號)、 (32)Tamsulosin HCl (衛署藥製字第048185號)、 (33)Telavancin HCl (衛署藥製字第055035號)、 (34)Topiramate (衛署藥製字第045227號)、 (35)Topotecan HCl (衛署藥製字第055006號)、 (36)Vilazodone HCl (衛署藥製字第056653號)、 (37)Zoledronic acid (衛署藥製字第057983號)、 (38)Zotarolimus (衛署藥製字第048735號) 				
原料藥廠	(C)0006013	109年8月11日	正峰化學製藥股份有限公司大園廠	桃園市大園區北港里工四路19號	03-3868383-5		(1)Diclofenac Sodium、 (2)Ethoxybenzamide、 (3)Mefenamic Acid、 (4)Phenylephrine Hydrochloride、 (5)Phenylpropanolamine Hydrochloride、 (6)Pseudoephedrine Hydrochloride (7)Diclofenac Potassium、 (8)Dlmethylephedrine Hydrochloride、 (9)Nicotinamide、 (10)Pseudoephedrine sulfate、 (11)Pseudoephedrine base、 (12)4-phenylbutyric Acide sodium salt (13)Ephedrine Hydrochloride、 (14)Procainamide Hydrochloride、 (15)Phenylephrine bitartrate (16)6-Aminocaproic Acid (17)Pharmaceutical Grade Ferric Citrate Coordination Complex				
原料藥廠	(C)0012017號	108年9月22日	永日化學工業股份有限公司台中幼獅廠	台中市大甲區幼獅路59、61號	04-26811344		(1)Acyclovir (衛署藥製字第036596號)、 (2)Clonidine HCl (衛署藥製字第022873號)、 (3)Diclofenac Acid (衛部藥製字第058576號)、 (4)Diclofenac Epolamine (衛署藥製字第056722號)、 (5)Diclofenac Potassium (衛署藥製字第038298號)、 (6)Diclofenac Sodium (衛署藥製字第022090號)、 (7)Econazole Nitrate (衛署藥製字第023124號)、 (8)Mefenamic Acid (衛署藥製字第022087號)、 (9)Metoprolol Succinate (衛署藥製字第057407號)、 (10)Miconazole Nitrate (衛署藥製字第022089號)、 (11)Modafinil (衛署藥製字第056772號)、 (12)Sodium Starch Glycolate 				
原料藥廠	(C)0007004號	106年12月24日	永信藥品工業股份有限公司台中幼獅二廠	台中市大甲區日南里工六路29號	04-26815181		(1)Carbarsone  (2)Docetaxel Trihydrate     (3)Famotidine  (4)Meclofenamate Sodium  (5)Meloxicam  (6)Omeprazole    (7)Paclitaxel  (8)Semi-synthetic Paclitaxel (9)Zoledronic acid  				
原料藥廠	(C)0010024 	108年4月6日	永信藥品工業股份有限公司台中幼獅三廠	台中市大甲區日南里工六路26號、工十路12之1號	04-26815181		1)Entecavir Monohydrate				
原料藥廠	(C)0013003號 	106年2月25日	生展生物科技股份有限公司	台南市新營區土庫里開元路154號A棟	06-6323588		Mupirocin				
原料藥廠	 (C)0002015  	107年7月15日	生泰合成工業股份有限公司	台南市新營區開元路168號	06-6362121-3		(1)Atenolol            (2)Chlormezanone 、 (3)Chlorzoxazone 、 (4)Clofibrate 、  (5)Cloperastine HCL 、 (6)Crotamiton 、 (7)Diclofenac Diethylamine 、 (8)Diclofenac Epolamine 、 (9)Diclofenac Potassium 、  (10)Diclofenac Sodium 、 (11)Eperisone HCl 、 (12)Epinephrine、 (13)Epinephrine Bitartrate、 (14)Esomeprazole Sodium 、 (15)Gimeracil (16)Granisetron Base 、 (17)Granisetron Hydrochloride 、 (18)Lamotrigine (19)Lansoprazole 、 (20)Mirtazapine (21)Metaxalone 、 (22)Metoprolol Succinate 、 (23)Naftopidil 、 (24)Nicametate Citrate 、 (25)Orciprenaline Sulphate 、 (26)Oteracil Potassium、 (27)Oxazolam 、 (28)Oxethazaine 、 (29)p-Aminomethylbenzoic acid 、 (30)Phenylephrine HCl 、 (31)Phenyltoloxamine Citrate 、 (32)Pipethanate Ethobromide 、 (33)Pramoxine HCl 、 (34)Rabeprazole Sodium 、 (35)Rizatriptan Benzoate、 (36)Sulcaine 、 (37)Tegafur、 (38)Timolol Maleate 、 (39)Tipepidine Hibenzate 、 (40)Tolperisone HCl 、  (41)Zolmitriptan   				
原料藥廠	(C)0008010號	108年4月17日	生達化學製藥股份有限公司二廠	台南市新營區開元路154號	06-6361516		Alfuzosin Hydrochloride、Dimemorfan Phosphate、Entacapone、Prazosin Hydrochloride、Sodium Stearyl Fumarate、Riluzole、 Fludiazepam				
原料藥廠	(C)0017018號	109年1月19日	立大化成工業股份有限公司	新北市土城區民生街15號	02-22686357		Guaifenesin、Lidocaine、Lidocaine HCl				
原料藥廠	(C)0014016號	108年1月8日	旭富製藥科技股份有限公司桃園廠	桃園市蘆竹區海湖里１６鄰海湖北路３０９巷６１號 	03-3543133		(1)Allopurinol (衛署藥製字第036653號)、 (2)Atomoxetine HCl(衛部藥製字第059045號) 、 (3)Articaine Hydrochloride (衛部藥製字第058626號)、 (4)Bisoprolol Fumarate (衛署藥製字第048989號)、 (5)Brinzolamide (衛部藥製字第058824號)、 (6)Cyclophosphamide (衛部藥製字第058311號)、 (7)Divalproex Sodium (衛署藥製字第048274號)、 (8)Duloxetine hydrochloride (衛署藥製字第056630號)、 (9)Hydroxychloroquine Sulfate (衛部藥製字第058143號)、 (10)Loxoprofen sodium hydrate (衛署藥製字第056704號)、 (11)Methylphenidate Hydrochloride (衛署藥製字第057214號)、 (12)Pentobarbital Sodium (衛署藥製字第039735號)、 (13)Probucol (衛署藥製字第036473號)、 (14)Propafenone Hydrochloride (衛署藥製字第055424號)、 (15)Sodium Valproate (衛署藥製字第047587號)、 (16)Thiopental (衛署藥製字第056637號)、 (17)Valproic acid (衛署藥製字第033996號) 				
原料藥廠	(C)0022005號	108年4月24日	佳和桂科技股份有限公司烏樹林廠	桃園縣龍潭鄉烏林村工二路298巷41號及工二路298巷39弄22號	03-4995062		Bimatoprost、Latanoprost、Misoprostol、Misoprostol 1％ HPMC Dispersion				
原料藥廠	(C)0023011號	108年2月11日	展旺生命科技股份有限公司南科分公司	台南市新市區大順九路11號	06-5051200		Cilastatin Sodium、Imipenem、Imipenem and Cilastatin Sodium for Injection (Sterile Bulk)、 Sterile Sodium Bicarbonate "SLC"、 Sterile Sodium Carbonate "SLC" 				
原料藥廠	(C)0025006號	108年2月28日	佳和桂科技股份有限公司幼獅廠	桃園縣楊梅市獅四路2號	03-4963808		Lubiprostone  Travoprost 、 Treprostinil Sodium、 Tafluprost 、 Treprostinil 、 Unoprostone Isopropy 				
原料藥廠	(C)0027020號	108年12月14日	王子製藥股份有限公司(新竹廠)	新竹縣湖口鄉鳳凰村光復南路32號。	03-5981438		Fursultiamine powder、Fursultiamine Hydrochloride、Thiamine Disulfide、 Potassium Cresolsulfonate				
原料藥廠	(C)0026014號	105年5月23日	展旺生命科技股份有限公司	苗栗縣竹南鎮科中路29號	(037)580-100		無菌原料藥：Meropenem、Meropenem and Sodium Carbonate 非無菌原料藥：Ertapenem				
原料藥廠	(C)0031022號	106年7月23日	展旺生命科技股份有限公司南科分公司南科第二廠區	臺南市新市區南科六路1號	06-5051200		Meropenem之無菌加工作業及Meropenem and Sodium Carbonate之無菌混和作業、 原料藥「Ertapenem sodium」、 無菌原料藥「Ertapenem for Injection (Sterile Bulk)(衛部藥製字第058808號)」。 				
物流廠	(BP)0021016號	108年4月30日	海喬健康事業股份有限公司	新北市中和區建康路10號7樓	02-8226-6677			包裝、標示及倉儲作業。			
物流廠	(BP)0282015號	108年4月30日	台灣汎生製藥廠股份有限公司	高雄市鳥松區坔埔里大同路5-1號及坔埔村神農路330號	07-7317861			包裝、標示及倉儲作業。			
物流廠	(BP)0013001號	107年4月5日	泛泰醫療產品股份有限公司	桃園縣蘆竹區海湖村海山東街482號	03-3544286			包裝、標示及倉儲作業。			
物流廠	(BP)0001006號	108年10月30日	久裕企業股份有限公司	桃園市桃園區大林里興邦路43巷2之1號4樓，3樓B區，1樓A區	02-26709898			包裝、標示及倉儲作業。			
物流廠	(AT)0005007號	108年10月10日	吉地喜股份有限公司	新竹縣新豐鄉新豐村紅毛23-5號	03-5688138			包裝、標示及倉儲作業。			
物流廠	(BP)0002012號	109年7月16日	裕利股份有限公司	桃園市大園區和平里1鄰開和路91號	03-3869090			包裝、標示及倉儲作業。			
物流廠	(BP)0010005號	108年4月4日	新竹物流股份有限公司	新竹縣新豐鄉松柏村德昌街228號	03-5596111			包裝、標示及倉儲作業。			
物流廠	(BP)0011002號	108年4月12日	台灣大昌華嘉股份有限公司	桃園縣楊梅區瑞坪里梅獅路二段629號	03-4312828			包裝、標示及倉儲作業。	儲存、運輸作業(含冷鏈產品)。		
物流廠	(BP)0014003號	107年05月16日	集康國際股份有限公司	高雄市鳥松區美山路6-1號	07-7352204			包裝、標示及倉儲作業。			
物流廠	(BP)0015004號	108年7月23日	亞博實業股份有限公司	新北市三重區重化街28號	02-85122962			包裝、標示及倉儲作業。			
物流廠	(BP)0016010號	109年4月9日	瑪里士實業有限公司	台北市內湖區舊宗路二段121巷30號2樓、32號2樓及2樓之1	02-2793-9386			包裝、標示及倉儲作業。	儲存、運輸作業(含冷鏈產品)。		
物流廠	(BP)0019011號	109年5月14日	昱昇藥業有限公司桃園廠	桃園市蘆竹區南山路一段436號	03-3521334			包裝、標示及倉儲作業。			
物流廠	(BP)0020013號	106年4月3日	友華生技醫藥股份有限公司桃園製藥廠	桃園縣桃園市大成路11號	03-3614102			包裝、標示及倉儲作業。	儲存、運輸作業(含冷鏈產品)。		
物流廠	(BP)0012008號	106年6月20日	台灣美強股份有限公司	新北市深坑區北深路三段155巷5號	02-26645987			包裝、標示及倉儲作業。			
物流廠	(BP)0018014號	109年05月20日	集康國際股份有限公司文化倉	新北市林口區文化二路二段383號	02-26028688			包裝、標示及倉儲作業。	儲存、運輸作業(含冷鏈產品)。		
先導工廠	(IMP)0444013	107年6月10日	儕陞生化技術股份有限公司藥廠	台南市新市區南科二路13號4樓之2	06-7020817	非無菌製劑：  半固體劑型：乳膏劑。                         					
先導工廠	(IMP)0440012	106年6月18日	禾研科技股份有限公司通宵製藥廠	苗栗縣通宵鎮內島里12鄰內島122之1號	(037)791847	非無菌製劑：  液體劑型：溶液劑。  固體劑型：散劑。              					
先導工廠	(IMP)0032011號	107年2月26日	喜康生技竹北廠	新竹科學工業園區新竹縣竹北市生醫路二段18號5樓,12號5樓,16號5樓,20號5樓,12-2號6樓	03-6583899	 第一期臨床原料藥「Rituximab」。					
先導工廠	(IMP)0020001號	107年11月6日	台康生技股份有限公司	新北市汐止區康寧街169巷101號1樓、2樓、3樓、4樓、5樓	02-7708-0123	第一期及第二期臨床試驗用原料藥「去毒性熱不穩定腸毒素蛋白LTh(αK)（Detoxified Heat-labile enterotoxin）」。					
先導工廠	(IMP)0407007號	107年9月21日	永昕生物醫藥股份有限公司	苗栗縣竹南鎮科東三路6號1樓、8號1、2及3樓暨10號2樓	037-586988	臨床試驗用基因工程及單株抗體製劑之原料藥TuNEX，從主細胞庫(Master cell bank)至原料藥(Drug substance)。 臨床試驗用凍晶注射劑(無菌製備)：基因工程及單株抗體(TuNEX 25 mg/vial)。 臨床試驗用基因工程及單株抗體製劑，臨床試驗用藥「FEGENN®注射液劑」無菌充填製程。					
先導工廠	(IMP)0028014號	108年7月10日	雅祥生技醫藥股份有限公司五股廠	新北市五股區五權路9號4樓、15號4樓 	02-22994836	臨床試驗用生物技術原料藥「重組人類酸性纖維母細胞生長因子」(EUSOL-rhFGF1)，由工作細胞庫發酵至純化階段(Bulk)。 					
先導工廠	(IMP)0029010號	106年9月16日	國鼎生物科技股份有限公司淡水廠	新北市淡水區中正東路一段3巷9、11、13、15、17、31號10樓(乙種工業區)	02-26261810	臨床試驗用原料藥—安卓奎諾爾（Antroquinonol）					
先導工廠	(IMP)003002號	108年1月23日	藥華醫藥股份有限公司台中分公司	台中市大雅區科雅西路28號3樓	04-2567-7880	臨床試驗用基因工程及單株抗體製劑之原料藥「長效型干擾素（PEG-P-Interferon Alpha-2b）（P1101）」。 					
先導工廠	(IMP)0432008號	108年10月17日	禾伸堂生技股份有限公司新竹廠	新竹縣竹北市生醫路二段22、26號2樓	02-87975966	非無菌製劑: 固體劑型-膠囊劑。					
先導工廠	(IMP)0443009號	106年9月11日	安成國際藥業股份有限公司中壢二廠	桃園市中壢區忠福里東園路17號	03-4332596	非無菌製劑： 固體劑型：膜衣錠、膠囊劑。 半固體劑型：乳膏劑。 					
醫用氣體廠	(G)0001001號	109年4月8日	三福氣體股份有限公司觀音二廠 	桃園縣觀音鄉工業一路16之1號	03-4832660	醫用氣體（液態）－大宗氣體生產（空氣分離廠）。					
醫用氣體廠	(G)0003002號	106年9月28日	遠榮氣體工業股份有限公司樹林工廠	新北市樹林區中山路三段206號之一	02-26806533	醫用氣體 (液態/氣態)－灌充/充填廠					
醫用氣體廠	(G)0004006號	107年6月09日	台北氧氣股份有限公司高雄廠	高雄市阿蓮區港後里崙頂64號	07-6319474	醫用氣體： 大宗氣體生產-空氣分離廠及灌充/充填廠。					
醫用氣體廠	(G)0011007號	107年8月22日	三福氣體股份有限公司台南廠	台南市永康區和平東路28號	06-2437296	醫用氣體(氣態/液態) : 灌充/充填廠。					
醫用氣體廠	(G)0009010號	107年1月13日	東聯化學股份有限公司高雄林園廠	高雄市林園區工業三路3、5號	07-6413101	醫用氣體(液態)：大宗氣體生產(空氣分離廠)。					
醫用氣體廠	(G)0005003號	106年12月21日	亞東工業氣體股份有限公司台中分公司	台中市梧棲區中港加工出口區經一路2號	04-36099988	醫用氣體（液態）-大宗氣體生產（空氣分離廠）。					
醫用氣體廠	(G)0006004號	107年3月23日	遠榮氣體工業股份有限公司林園工廠	高雄市林園區北汕村石化四路4號	07-6411141~5	醫用氣體(液態/氣態)-灌充/充填廠。					
醫用氣體廠	(G)0012005號	107年2月14日	三福氣體股份有限公司西盛廠	新北市新莊區新樹路293巷11號	02-22023553	醫用氣體-灌充/充填廠。					
醫用氣體廠	(G)0020009號	107年5月4日	聯華氣體工業股份有限公司觀音一廠	桃園市觀音區樹林里經建四路10號	03-4832650	醫用氣體(液態)—大宗氣體生產(化學合成二氧化碳)。					
醫用氣體廠	(G)0007012號	107年2月22日	亞東工業氣體股份有限公司高雄廠	高雄市路竹區後鄉里順安路331號	07-9633968	醫用氣體(液態/氣態):灌充/充填廠。					
醫用氣體廠	(G)0030014號	108年5月21日	聯亞科技股份有限公司三廠	新竹市東區科學工業園區力行四路3號	03-5783876	醫用氣體(液態)─大宗氣體生產（空氣分離廠）。					
醫用氣體廠	(G)0025015號	108年3月5日	聯華氣體工業股份有限公司林園工廠	高雄市林園區工業二路3-1號	07-6413501	醫用氣體(液態)—大宗氣體生產(空氣分離廠)。					
醫用氣體廠	(G)0016016號	107年9月6日	永信工業股份有限公司氧氣廠	嘉義市西區磚磘里博愛路二段546號	05-2359755	醫用氣體（液態/氣態）－灌充/充填廠。					
醫用氣體廠	(G)0021018號	108年6月21日	遠東氣體工業股份有限公司永安工廠	高雄市永安區新港里新興路1-21號	07-6913915	醫用氣體(液態):大宗氣體生產（空氣分離廠）。					
醫用氣體廠	(G)0019019號	106年8月8日	聯銓氣體工業股份有限公司中壢工廠	桃園市中壢區內定里松江北路２６號	03-4522852	醫用氣體（液態/氣態）－灌充/充填廠。					
醫用氣體廠	(G)0026020號 	107年10月23日	三鶯氣體有限公司鶯歌廠 	新北市鶯歌區二甲路68-1號	02-26799328	醫用氣體（液態）－灌充/充填廠。					
醫用氣體廠	(G)0015021號	 106年7月20日 	聯華氣體工業股份有限公司高雄廠 	高雄市大社區保社里旗楠路62號	07-3512191	醫用氣體（液態/氣態）－灌充/充填廠。					
醫用氣體廠	(G)0029022號 	108年1月30日	臺北氧氣股份有限公司大肚廠 	臺中市大肚區沙田路2段308巷9、9-1號	04-26995572	醫用氣體（液態/氣態）－大宗氣體生產〈空氣分離廠〉及灌充/充填廠。					
醫用氣體廠	(G)0031024號	107年3月20日	臺北氧氣股份有限公司 	新北市板橋區三民路1段22號	02-29616858	醫用氣體（液態/氣態）－灌充/充填廠。					
醫用氣體廠	(G)0024023號	106年10月31日	聯華氣體工業股份有限公司中港分公司 	臺中市梧棲區中港加工出口區大成南路1號	04-26584511	醫用氣體（液態）－大宗氣體生產〈化學合成廠：氧化亞氮〉					
醫用氣體廠	(G)0022025號	108年7月31日	南亞塑膠工業股份有限公司麥寮總廠	雲林縣麥寮鄉中興村台塑工業園區2號	05-6818253	醫用氣體(液態)─大宗氣體生產（空氣分離廠）。					
醫用氣體廠	(G)0013026號 	107年3月21日	勤發特殊氣體股份有限公司 	屏東縣潮州鎮興美里興美路32號	08-7861806	醫用氣體（液態/氣態）－灌充/充填廠。					
醫用氣體廠	(G)0033027號	108年11月30日	明揚特殊氣體有限公司 	桃園市中壢區永福里西園路122號	03-4521234	醫用氣體（液態/氣態）－灌充/充填廠。					
醫用氣體廠	(G)0035028號	109年1月7日	藍海氣體工業股份有限公司台中廠 	台中市梧棲區草湳里南堤路二段88-1號	04-26399755	醫用氣體（液態）－大宗氣體生產（空氣分離廠）。					
醫用氣體廠	(G)0037029號	109年1月2日	嘉南氣體工業股份有限公司 	嘉義縣太保市嘉太工業區興業路5號	05-2371666	醫用氣體（液態/氣態）－灌充/充填廠。					
醫用氣體廠	(G)0010030號	109年3月10日	東旭工業股份有限公司 	花蓮縣吉安鄉慶豐村北安街161巷10號	03-8525506	醫用氣體（液態/氣態）－灌充/充填廠。					
醫用氣體廠	(G)0023031號	108年11月17日	丙安科技有限公司 	臺南市新營區嘉芳里新嘉街6號	06-6528644	醫用氣體（氣態/液態）－灌充/充填廠。					
醫用氣體廠	(G)0018032號	109年5月8日	恆春氣體工業有限公司 	花蓮縣吉安鄉慶豐村慶南一街57號	03-8523661	醫用氣體（液態/氣態）－灌充/充填廠。			儲存、供應、運輸(均為醫用氣體)		
醫用氣體廠	(G)0034033號	108年9月6日	台大氣體股份有限公司 	彰化縣溪湖鎮東溪里員鹿路一段38巷46號	04-8285967	醫用氣體（液態/氣態）－灌充/充填廠。					
醫用氣體廠	(G)0027034號	108年6月25日	太原氣體股份有限公司	苗栗縣頭份鎮蘆竹里16鄰中華路428號	037-623340	醫用氣體（液態/氣態）－灌充/充填廠。					
醫用氣體廠	(G)0036035號	109年1月4日	源吉氣體有限公司	臺中市大里區健民里仁化工三路230號	04-24916770	醫用氣體（液態/氣態）－灌充/充填廠。					
醫用氣體廠	(G)0032037號	107年8月26日	信華氣體股份有限公司桃園廠	桃園市龜山區龍壽里東萬壽路687號、687號3樓、4樓及689號、689號2樓、3樓、4樓	03-3502288	醫用氣體（液態/氣態）-灌充/充填廠。					
血漿原料製備機構	(P)0001001	106年10月5日	醫療財團法人台灣血液基金會台北捐血中心	臺北市北投區立德路123號	02-28971600			血漿原料製備。 １、捐血中心：採集、處理、貼標及實驗室作業。 ２、板橋捐血站：採集作業。 ３、基隆捐血站：採集作業。		1. 板橋捐血站之地址，自「新北市中山路一段50巷36號2樓之4」變更為「新北市板橋區雙十路3段27號2樓」； 2. 原板橋捐血站之原址（新北市中山路一段50巷36號2樓之4），更名為「府中捐血室」； 3. 汐止捐血室之地址，自「汐止區新台五路一段6樓之1」變更為「新北市汐止區新台五路一段207號11樓B室」。	
血漿原料製備機構	(P)0004002	106年11月17日	醫療財團法人台灣血液基金會台南捐血中心	臺南市中西區永福路1段58號	06-2131212			血漿原料製備。 １、捐血中心：採集、處理、貼標及實驗室作業。 ２、嘉義捐血站：採集作業。 ３、雲林捐血站：採集作業。		1. 原永康捐血室更名為「小東捐血室」，地址自「永康榮民醫院8樓」變更為「台南市北區小東路423巷1-2號」； 2. 新營捐血室之地址，自「署立新營醫院內東側門」變更為「台南市新營區中正路23-1號」； 3. 原斗六捐血車更名為「特力屋捐血車」，設置地點自「斗六火車站」變更為「台南市北區文賢路720號」。	
血漿原料製備機構	(P)0003003	106年10月27日	醫療財團法人台灣血液基金會台中捐血中心	臺中市西屯區臺灣大道4段1176號	04-24612345			血漿原料製備。 １、捐血中心：採集、處理、貼標及實驗室作業。 ２、彰化捐血站：採集作業。 ３、埔里捐血站：採集作業。			
血漿原料製備機構	(P)0002004	106年12月1日	醫療財團法人台灣血液基金會新竹捐血中心	新竹縣竹北市光明十一路215巷8號	03-5556111			血漿原料製備。 １、捐血中心：採集、處理、貼標及實驗室作業。 ２、桃園捐血站：採集作業。 ３、苗栗捐血站：採集作業。			
血漿原料製備機構	(P)0005005	106年12月9日	醫療財團法人台灣血液基金會高雄捐血中心	高雄市楠梓區高楠公路1837號	07-3660999			血漿原料製備。 １、捐血中心：採集、處理、貼標及實驗室作業。 ２、屏東捐血站：採集作業。 ３、馬公捐血站：採集作業。			
