"RouteID","StationId","EstimateTime","Memo"
"113","4002","254",""
"113","4003","254",""
"113","4004","254",""
"113","4005","254",""
"113","4006","254",""
"113","4007","254",""
"113","4008","254",""
"113","4009","254",""
"113","4010","254",""
"113","4011","254",""
"113","4012","254",""
"113","4013","254",""
"113","4014","254",""
"113","4015","254",""
"113","4016","1",""
"113","4017","2",""
"113","4018","2",""
"113","4019","3",""
"113","4020","4",""
"113","4021","5",""
"113","4022","7",""
"113","4023","8",""
"113","4024","9",""
"113","4025","9",""
"113","4026","10",""
"113","4027","11",""
"113","4028","11",""
"113","4029","12",""
"113","4030","14",""
"113","4031","16",""
"113","38997","18",""
"113","4032","19",""
"113","4033","19",""
"113","4034","21",""
"113","4035","22",""
"113","4036","24",""
"113","4037","25",""
"113","4038","28",""
"113","4039","29",""
"113","4040","30",""
"113","4041","31",""
"113","4042","32",""
"113","4043","34",""
"113","4044","35",""
"113","4045","37",""
"113","4046","38",""
"113","4047","40",""
"113","39650","41",""
"113","4048","41",""
"113","4049","42",""
"113","4050","43",""
"113","4051","46",""
"113","4052","47",""
"113","4053","47",""
"113","4054","51",""
"113","4055","53",""
"113","4082","56",""
"113","4083","57",""
"113","4084","58",""
"113","4085","60",""
"113","4086","61",""
"113","4087","62",""
"113","4088","63",""
"113","4089","65",""
"113","4090","67",""
"113","4091","68",""
"113","4092","69",""
"113","4093","70",""
"113","4094","71",""
"113","4095","72",""
"113","4096","73",""
"113","4097","75",""
"113","4098","76",""
"113","4099","79",""
"113","4100","80",""
"113","4101","81",""
"113","4102","82",""
"113","4103","83",""
"113","4104","84",""
"113","38998","85",""
"113","4106","87",""
"113","4107","88",""
"113","4108","89",""
"113","4109","90",""
"113","4110","92",""
"113","4111","93",""
"113","4112","94",""
"113","4113","1",""
"113","4114","2",""
"113","4115","3",""
"113","4116","4",""
"113","4117","5",""
"113","4118","6",""
"113","4119","7",""
"113","4120","9",""
"113","4121","10",""
"113","4122","10",""
"113","4124","12",""
"113","4125","13",""
"113","4126","14",""
"113","4127","16",""
"113","4128","17",""
"113","4129","18",""
"113","4130","19",""
"113","4131","21",""
"113","4132","22",""
"113","4133","30",""
"113","4134","30",""
"113","4135","32",""
"113","43135","32",""
"131","41314","9",""
"131","0397","9",""
"131","0398","10",""
"131","0399","11",""
"131","0400","12",""
"131","0401","13",""
"131","0402","13",""
"131","0403","14",""
"131","42276","15",""
"131","0404","16",""
"131","0405","17",""
"131","0406","17",""
"131","0407","18",""
"131","0408","20",""
"131","0409","22",""
"131","0410","23",""
"131","0411","24",""
"131","0412","27",""
"131","0413","28",""
"131","0414","29",""
"131","0415","31",""
"131","0416","33",""
"131","0417","34",""
"131","0418","36",""
"131","0419","37",""
"131","0420","38",""
"131","42274","47",""
"131","0372","49",""
"131","0373","50",""
"131","0374","51",""
"131","0375","52",""
"131","0376","53",""
"131","0377","56",""
"131","0378","58",""
"131","0379","59",""
"131","0380","60",""
"131","0381","64",""
"131","0382","65",""
"131","0383","65",""
"131","0384","69",""
"131","0385","69",""
"131","0386","71",""
"131","0387","71",""
"131","0388","72",""
"131","42275","1",""
"131","0389","2",""
"131","0390","1",""
"131","0391","2",""
"131","0392","3",""
"131","0393","4",""
"131","0394","5",""
"131","0395","6",""
"131","41313","6",""
"131","0396","7",""
"141","6622","75",""
"141","6626","77",""
"141","6627","79",""
"141","6628","80",""
"141","6629","81",""
"141","6630","84",""
"141","6631","85",""
"141","6632","86",""
"141","6633","87",""
"141","6634","88",""
"141","6635","88",""
"141","6636","89",""
"141","6637","89",""
"141","6639","90",""
"141","0018","93",""
"141","6640","94",""
"141","6641","94",""
"141","6642","95",""
"141","6643","96",""
"141","6644","97",""
"141","6645","100",""
"141","6646","101",""
"141","6647","102",""
"141","6648","3",""
"141","6649","4",""
"141","6650","5",""
"141","6651","5",""
"141","6652","6",""
"141","0289","47",""
"141","6602","49",""
"141","6603","50",""
"141","6604","51",""
"141","6605","51",""
"141","6606","51",""
"141","0017","52",""
"141","6607","53",""
"141","6608","54",""
"141","6609","55",""
"141","6610","56",""
"141","6611","56",""
"141","6612","57",""
"141","6613","57",""
"141","6614","58",""
"141","6615","61",""
"141","6616","62",""
"141","6617","64",""
"141","6618","65",""
"141","6619","66",""
"141","6620","70",""
"141","6621","72",""
"211","1479","20",""
"211","1480","3",""
"211","50575","1",""
"211","50574","3",""
"211","1483","5",""
"211","1484","6",""
"211","1485","7",""
"211","1486","10",""
"211","1487","11",""
"211","1488","14",""
"211","1489","14",""
"211","1490","15",""
"211","1491","18",""
"211","1492","21",""
"211","1493","22",""
"211","1494","23",""
"211","1495","2",""
"211","1496","3",""
"211","1497","4",""
"211","1498","5",""
"211","1499","6",""
"211","1500","7",""
"211","1501","8",""
"211","1502","8",""
"211","39067","9",""
"211","1503","12",""
"211","1504","12",""
"211","1505","12",""
"211","1506","14",""
"211","1507","16",""
"211","1508","17",""
"211","1509","19",""
"211","1510","20",""
"211","1511","21",""
"211","1512","1",""
"211","1513","2",""
"211","1514","4",""
"211","1515","4",""
"211","1516","5",""
"211","1517","6",""
"211","1518","7",""
"211","1519","8",""
"211","1520","9",""
"211","1521","12",""
"211","1522","12",""
"211","1523","14",""
"211","1524","15",""
"211","1525","16",""
"211","1526","17",""
"211","1527","18",""
"211","1528","18",""
"211","1529","19",""
"211","1530","20",""
"211","1531","21",""
"211","1532","2",""
"211","1533","3",""
"211","1534","4",""
"211","1535","2",""
"211","1537","4",""
"211","1538","4",""
"211","1422","-1","未發車"
"211","1423","-1","未發車"
"211","1424","-1","未發車"
"211","1425","-1","未發車"
"211","1426","-1","未發車"
"211","1427","1",""
"211","1428","2",""
"211","1429","3",""
"211","1430","3",""
"211","1431","4",""
"211","1432","5",""
"211","1433","6",""
"211","1434","7",""
"211","1435","8",""
"211","1436","10",""
"211","1437","11",""
"211","1438","13",""
"211","1439","14",""
"211","1440","15",""
"211","1442","16",""
"211","1443","18",""
"211","1444","18",""
"211","1445","20",""
"211","1446","21",""
"211","1447","22",""
"211","1448","23",""
"211","1449","24",""
"211","1450","24",""
"211","1451","26",""
"211","1452","2",""
"211","1453","4",""
"211","1454","5",""
"211","1455","5",""
"211","1456","8",""
"211","1457","8",""
"211","1458","9",""
"211","1459","10",""
"211","1460","11",""
"211","1461","11",""
"211","1462","12",""
"211","1463","13",""
"211","1464","15",""
"211","1465","16",""
"211","1466","18",""
"211","1467","19",""
"211","1468","22",""
"211","1469","23",""
"211","1470","1",""
"211","1471","3",""
"211","1472","7",""
"211","1473","7",""
"211","1474","8",""
"211","1475","9",""
"211","1476","12",""
"211","1477","13",""
"211","1478","18",""
"5312","7451","-1","未發車"
"5312","7452","-1","未發車"
"5312","7453","-1","未發車"
"5312","7454","-1","未發車"
"5312","7455","-1","未發車"
"5312","7456","-1","未發車"
"5312","7457","-1","未發車"
"5312","7458","-1","未發車"
"5312","7459","-1","未發車"
"5312","7460","-1","未發車"
"5312","7461","-1","未發車"
"5312","7462","-1","未發車"
"5312","7463","-1","未發車"
"5312","7464","-1","未發車"
"5312","7465","-1","未發車"
"5312","7466","-1","未發車"
"5312","7467","-1","未發車"
"5312","7468","-1","未發車"
"5312","7469","2",""
"5312","7470","4",""
"5312","7471","6",""
"5312","7472","8",""
"5312","7473","9",""
"5312","7474","10",""
"5312","7475","14",""
"5312","7476","16",""
"5312","7477","18",""
"5312","7478","20",""
"5312","7479","20",""
"5312","7480","22",""
"5312","7481","23",""
"5312","7482","25",""
"5312","7483","2",""
"5312","7484","3",""
"5312","7485","3",""
"5312","7486","4",""
"5312","7487","7",""
"5230","2205","-1","未發車"
"5230","2206","-1","未發車"
"5230","2207","-1","未發車"
"5230","2208","-1","未發車"
"5230","2209","-1","未發車"
"5230","2210","-1","未發車"
"5230","2211","-1","未發車"
"5230","2212","-1","未發車"
"5230","2213","-1","未發車"
"5230","2214","-1","未發車"
"5230","2215","-1","未發車"
"5230","2216","-1","未發車"
"5230","2217","-1","未發車"
"5230","2218","-1","未發車"
"5230","2219","-1","未發車"
"5230","2220","-1","未發車"
"5230","2221","-1","未發車"
"5230","40511","-1","未發車"
"5230","2222","-1","未發車"
"5230","2223","-1","未發車"
"5230","42389","-1","未發車"
"5230","2224","-1","未發車"
"5230","2225","-1","未發車"
"5230","2226","-1","未發車"
"5230","2227","-1","未發車"
"5230","3486","-1","未發車"
"226","10698","4",""
"226","10699","5",""
"226","10700","7",""
"226","10701","8",""
"226","10702","8",""
"226","10703","8",""
"226","10704","9",""
"226","10705","10",""
"226","10706","10",""
"226","10707","11",""
"226","10708","11",""
"226","10709","12",""
"226","10710","12",""
"226","10711","13",""
"226","10712","13",""
"226","10713","14",""
"226","10714","14",""
"226","10715","15",""
"226","10716","16",""
"226","41371","19",""
"226","41369","24",""
"226","10717","6",""
"226","10718","7",""
"226","10719","9",""
"226","10720","12",""
"226","10721","13",""
"226","10722","14",""
"226","10723","15",""
"226","10724","16",""
"226","10725","18",""
"226","10726","19",""
"226","10727","20",""
"226","10728","21",""
"226","10729","22",""
"226","10730","24",""
"226","10731","25",""
"226","10732","26",""
"226","10661","-1","未發車"
"226","10662","-1","未發車"
"226","10663","-1","未發車"
"226","10664","-1","未發車"
"226","10665","-1","未發車"
"226","10666","-1","未發車"
"226","10667","-1","未發車"
"226","10668","-1","未發車"
"226","10669","-1","未發車"
"226","10670","-1","未發車"
"226","10671","-1","未發車"
"226","10672","-1","未發車"
"226","10673","1",""
"226","10674","2",""
"226","10675","5",""
"226","10676","6",""
"226","10677","7",""
"226","41368","12",""
"226","41370","17",""
"226","10678","20",""
"226","10679","21",""
"226","10680","22",""
"226","10681","23",""
"226","10682","23",""
"226","10683","24",""
"226","10684","25",""
"226","10685","25",""
"226","10686","26",""
"226","10687","26",""
"226","10688","27",""
"226","10689","27",""
"226","10690","28",""
"226","10691","28",""
"226","10692","29",""
"226","10693","30",""
"226","10694","30",""
"226","10695","1",""
"226","10696","2",""
"226","10697","3",""
"190","14931","57",""
"190","14932","60",""
"190","14933","61",""
"190","14934","61",""
"190","14935","62",""
"190","14936","62",""
"190","0016","62",""
"190","14937","64",""
"190","14938","65",""
"190","14939","66",""
"190","14940","67",""
"190","14941","68",""
"190","14942","69",""
"190","14943","70",""
"190","14944","70",""
"190","14945","71",""
"190","14946","72",""
"190","14947","73",""
"190","14948","73",""
"190","14949","74",""
"190","14950","74",""
"190","14951","75",""
"190","14952","75",""
"190","1551","76",""
"190","14953","76",""
"190","14954","76",""
"190","14955","77",""
"190","14956","78",""
"190","14957","78",""
"190","14958","78",""
"190","14959","81",""
"190","14960","81",""
"190","1552","82",""
"190","14961","83",""
"190","14962","85",""
"190","14963","88",""
"190","14964","88",""
"190","14965","89",""
"190","14966","89",""
"190","14967","90",""
"190","14968","90",""
"190","14969","91",""
"190","14970","92",""
"190","14971","92",""
"190","14972","93",""
"190","14973","93",""
"190","14974","94",""
"190","14975","94",""
"190","14976","95",""
"190","14977","95",""
"190","4554","96",""
"190","14978","96",""
"190","14979","96",""
"190","14980","97",""
"190","14981","98",""
"190","14982","99",""
"190","14983","100",""
"190","14984","101",""
"190","14985","101",""
"190","14986","102",""
"190","14987","103",""
"190","14988","106",""
"190","14990","108",""
"190","41257","108",""
"190","14871","2",""
"190","14872","3",""
"190","14873","4",""
"190","14874","6",""
"190","14875","7",""
"190","14876","8",""
"190","14877","9",""
"190","14878","9",""
"190","14879","10",""
"190","14880","11",""
"190","14881","12",""
"190","14882","13",""
"190","14883","13",""
"190","4553","14",""
"190","14884","14",""
"190","14885","15",""
"190","14886","15",""
"190","14887","16",""
"190","14888","16",""
"190","14889","17",""
"190","14890","17",""
"190","14891","18",""
"190","14892","18",""
"190","14893","19",""
"190","14894","19",""
"190","14895","20",""
"190","14896","21",""
"190","14897","21",""
"190","14898","22",""
"190","14899","23",""
"190","14900","24",""
"190","1549","25",""
"190","14901","25",""
"190","14902","26",""
"190","14903","29",""
"190","14904","31",""
"190","14905","31",""
"190","14906","32",""
"190","14907","32",""
"190","14908","33",""
"190","1550","33",""
"190","14909","33",""
"190","14910","34",""
"190","14911","34",""
"190","14912","35",""
"190","14913","35",""
"190","14914","36",""
"190","14915","36",""
"190","14916","37",""
"190","14917","37",""
"190","14918","38",""
"190","14919","38",""
"190","14920","39",""
"190","14921","41",""
"190","14922","42",""
"190","14923","43",""
"190","14924","44",""
"190","14925","45",""
"190","0015","45",""
"190","14926","46",""
"190","14927","46",""
"190","14928","47",""
"190","14929","47",""
"190","14930","48",""
"5243","16465","254",""
"5243","16466","254",""
"5243","16467","254",""
"5243","39468","254",""
"5243","16468","254",""
"5243","16469","254",""
"5243","16470","254",""
"5243","16471","254",""
"5243","16472","254",""
"5243","16473","254",""
"5243","16474","254",""
"5243","41293","254",""
"5243","16475","254",""
"5243","16476","254",""
"5243","16477","254",""
"5243","16478","254",""
"5243","16479","254",""
"5243","16480","254",""
"5243","2242","254",""
"5243","42330","254",""
"5243","2243","254",""
"5243","16481","2",""
"5243","16482","3",""
"5243","16483","3",""
"5243","16484","4",""
"5243","16485","5",""
"5243","16486","6",""
"5243","16487","7",""
"5243","16488","7",""
"5243","16489","8",""
"5243","16490","9",""
"5243","16491","9",""
"5243","16492","10",""
"5243","16493","10",""
"5243","16494","11",""
"5243","16495","12",""
"5243","16496","13",""
"5243","16497","16",""
"5243","16498","17",""
"2035","27511","47",""
"2035","27512","49",""
"2035","27513","54",""
"2035","27514","57",""
"2035","27515","63",""
"2035","27516","68",""
"1075","32022","16",""
"1075","32023","17",""
"1075","32024","21",""
"1075","32025","22",""
"1075","32026","23",""
"1075","32027","25",""
"1075","32028","25",""
"1075","32029","26",""
"1075","32030","26",""
"1075","32031","29",""
"1075","32032","30",""
"1075","32033","30",""
"1075","32034","30",""
"1075","32035","31",""
"1075","32036","32",""
"1075","32037","32",""
"1075","32038","35",""
"1075","32039","39",""
"1075","32040","44",""
"1075","32041","45",""
"1075","41054","45",""
"1075","41053","46",""
"1075","32042","49",""
"1075","41055","49",""
"1075","32043","50",""
"1075","32044","52",""
"1075","32045","55",""
"1075","32046","56",""
"1075","32047","58",""
"1075","32048","60",""
"1075","32049","61",""
"1075","32050","61",""
"1075","32051","62",""
"1075","32052","63",""
"1075","32053","64",""
"1075","32054","65",""
"1075","32055","66",""
"1075","32056","66",""
"1075","41684","67",""
"1075","41685","68",""
"1075","41686","69",""
"1075","32059","72",""
"1075","32060","75",""
"1075","32061","75",""
"1075","32062","76",""
"1075","32063","77",""
"1075","32064","77",""
"1075","32065","78",""
"1075","32066","82",""
"1075","32067","82",""
"1075","32068","83",""
"1075","32069","84",""
"1075","32070","85",""
"1075","32071","87",""
"1075","32072","88",""
"1075","32073","91",""
"1075","32074","91",""
"1075","32075","94",""
"2008","22641","254",""
"2008","22642","254",""
"2008","22643","254",""
"2008","22644","254",""
"2008","22645","254",""
"2008","22646","254",""
"2008","22647","254",""
"2008","22648","254",""
"2008","22649","254",""
"2008","22650","254",""
"2008","22651","254",""
"2008","22652","254",""
"2008","22653","254",""
"2008","22654","2",""
"2008","22655","2",""
"2008","22656","3",""
"2008","22657","3",""
"2008","22658","3",""
"2008","22659","4",""
"2008","22660","5",""
"2008","22661","6",""
"2008","22662","6",""
"2008","22663","7",""
"2008","22664","7",""
"2008","22665","8",""
"2008","22666","8",""
"2008","22667","9",""
"2008","22668","10",""
"2008","22669","11",""
"2008","22670","11",""
"2008","22671","12",""
"2008","22672","13",""
"2008","22673","14",""
"2008","22674","15",""
"2008","22675","16",""
"2008","22676","16",""
"2008","22677","17",""
"2008","22678","19",""
"2008","22679","19",""
"2008","22680","20",""
"2008","22681","21",""
"2008","22682","22",""
"2008","22683","23",""
"2008","22684","23",""
"2008","22685","23",""
"2008","22686","25",""
"2008","22687","25",""
"2008","22688","26",""
"2008","22689","27",""
"2008","22690","27",""
"2008","22691","28",""
"2008","22692","28",""
"2008","22693","29",""
"9014","27821","47",""
"9014","27822","47",""
"9014","27823","48",""
"9014","27824","49",""
"9014","27825","50",""
"9014","27826","52",""
"9014","27827","53",""
"9014","27828","54",""
"9014","27829","59",""
"9014","27830","61",""
"9014","27831","63",""
"9014","27832","65",""
"9014","27833","66",""
"9014","27834","67",""
"9014","27835","68",""
"9014","27836","69",""
"9014","27837","70",""
"9014","27838","70",""
"9014","27839","71",""
"9014","27840","72",""
"9014","27841","73",""
"9014","27842","74",""
"803","11954","27",""
"803","11955","27",""
"803","11956","27",""
"803","11957","27",""
"803","11958","27",""
"803","11959","1",""
"803","1153","2",""
"803","11960","2",""
"803","11961","4",""
"803","11962","4",""
"803","11963","5",""
"803","11964","7",""
"803","11965","8",""
"803","11966","9",""
"803","11967","10",""
"803","11968","10",""
"803","11969","11",""
"803","11970","12",""
"803","11971","13",""
"803","11972","14",""
"803","11973","15",""
"803","11974","17",""
"803","11975","17",""
"803","11976","18",""
"803","11977","19",""
"803","11978","20",""
"803","11979","23",""
"803","11980","24",""
"803","11981","25",""
"803","11982","25",""
"803","11983","27",""
"803","11984","27",""
"803","11985","28",""
"803","11986","29",""
"803","11987","30",""
"803","11988","32",""
"803","11989","2",""
"803","11990","2",""
"803","11991","4",""
"803","11992","5",""
"803","11993","5",""
"803","11921","-1","未發車"
"803","11922","-1","未發車"
"803","11923","-1","未發車"
"803","11924","-1","未發車"
"803","11925","-1","未發車"
"803","11926","-1","未發車"
"803","11927","-1","未發車"
"803","11928","-1","未發車"
"803","11929","-1","未發車"
"803","11930","-1","未發車"
"803","11931","-1","未發車"
"803","11932","-1","未發車"
"803","11933","-1","未發車"
"803","11934","-1","未發車"
"803","11935","-1","未發車"
"803","11936","-1","未發車"
"803","11937","6",""
"803","11938","7",""
"803","11939","7",""
"803","11940","8",""
"803","11941","9",""
"803","11942","11",""
"803","11943","12",""
"803","11944","14",""
"803","11945","15",""
"803","11946","16",""
"803","11947","17",""
"803","11948","18",""
"803","11949","21",""
"803","11950","21",""
"803","11951","23",""
"803","11952","23",""
"803","11953","26",""
"5663","21555","254",""
"5663","21556","254",""
"5663","21557","254",""
"5663","21558","1",""
"5663","21559","2",""
"5663","21560","3",""
"5663","21561","3",""
"5663","21562","6",""
"5663","21563","7",""
"5663","21564","9",""
"5663","21565","11",""
"5663","21566","14",""
"5663","21567","15",""
"5663","21568","17",""
"5663","21569","18",""
"5663","21570","18",""
"5663","21571","19",""
"5663","21572","20",""
"5663","21573","21",""
"5663","21574","23",""
"5663","21578","24",""
"5663","21579","24",""
"5663","21580","25",""
"5663","21581","26",""
"5663","21582","26",""
"5663","21583","30",""
"5663","21584","32",""
"5663","21585","32",""
"5663","21586","33",""
"5663","21587","33",""
"5663","21588","36",""
"5663","21589","36",""
"5663","21590","37",""
"5663","21591","38",""
"5663","21592","39",""
"5663","21593","40",""
"5663","21594","41",""
"5663","21595","42",""
"5663","40541","42",""
"5663","21596","44",""
"5663","21597","45",""
"5663","21598","47",""
"5663","21599","47",""
"5663","21600","48",""
"5663","21601","48",""
"5663","21602","49",""
"5663","21603","50",""
"5663","21604","51",""
"5663","21605","55",""
"5663","21606","60",""
"5663","21607","61",""
"5663","21608","65",""
"5663","21609","69",""
"5663","21610","2",""
"5663","21611","2",""
"5663","21612","4",""
"5663","21613","5",""
"5663","21614","6",""
"5663","21615","8",""
"5663","21616","9",""
"5663","21617","10",""
"127","12451","254",""
"127","12452","254",""
"127","12453","254",""
"127","12454","254",""
"127","12455","254",""
"127","12456","254",""
"127","12457","254",""
"127","12458","254",""
"127","12459","254",""
"127","12460","254",""
"127","12461","254",""
"127","12462","254",""
"127","12463","254",""
"127","12464","254",""
"127","12465","254",""
"127","12466","254",""
"127","12467","254",""
"127","12468","254",""
"127","12469","254",""
"127","12470","254",""
"127","12471","254",""
"127","12472","254",""
"127","12473","254",""
"127","12474","254",""
"127","12475","254",""
"127","12476","254",""
"127","12477","254",""
"127","12478","254",""
"127","12479","254",""
"127","12480","254",""
"127","12481","254",""
"127","12482","254",""
"127","12483","254",""
"127","12484","254",""
"127","12485","254",""
"127","12486","254",""
"127","12487","254",""
"127","12488","254",""
"127","12489","254",""
"127","12490","254",""
"127","12491","254",""
"127","12492","254",""
"127","12493","254",""
"127","12494","254",""
"127","12495","254",""
"127","12496","254",""
"127","12497","254",""
"127","12498","254",""
"127","12499","254",""
"127","12500","254",""
"127","12501","254",""
"127","12502","254",""
"127","12503","254",""
"127","12504","254",""
"127","12505","254",""
"127","12506","254",""
"127","12507","1",""
"127","12508","2",""
"127","12509","2",""
"127","12510","3",""
"127","12511","4",""
"127","12512","5",""
"127","12513","5",""
"127","12514","6",""
"127","12515","6",""
"127","12516","7",""
"127","12517","7",""
"127","12518","8",""
"127","12519","9",""
"127","12520","10",""
"127","12521","10",""
"127","12522","10",""
"127","12523","11",""
"127","12524","11",""
"127","12525","12",""
"127","12526","12",""
"127","12527","12",""
"127","12528","13",""
"127","12529","15",""
"127","12530","15",""
"127","12531","16",""
"127","12532","16",""
"127","12533","17",""
"127","12534","18",""
"127","12535","18",""
"127","12536","19",""
"127","12537","20",""
"128","19482","7",""
"128","19483","8",""
"128","19484","9",""
"128","19485","10",""
"128","19486","11",""
"128","19487","11",""
"128","19488","12",""
"128","19489","13",""
"128","19490","14",""
"128","19491","15",""
"128","19492","17",""
"128","19493","17",""
"128","19494","19",""
"128","19495","19",""
"128","19496","20",""
"128","19497","21",""
"128","19498","22",""
"128","19499","22",""
"128","19500","23",""
"128","19501","24",""
"128","19502","24",""
"128","19503","25",""
"128","19504","25",""
"128","19505","27",""
"128","19506","28",""
"128","19507","28",""
"128","19508","29",""
"128","19509","30",""
"128","19510","31",""
"128","19511","31",""
"128","19512","32",""
"128","19513","33",""
"128","19514","33",""
"128","19515","35",""
"128","19516","36",""
"128","19517","37",""
"128","19518","37",""
"128","19519","38",""
"128","19520","38",""
"128","19521","39",""
"128","19522","39",""
"128","19523","39",""
"128","19524","40",""
"128","19525","41",""
"128","19526","42",""
"128","19527","42",""
"128","19528","43",""
"128","19529","43",""
"128","19530","44",""
"128","19531","45",""
"128","19532","45",""
"128","19533","46",""
"128","19534","47",""
"128","19535","48",""
"128","19536","49",""
"128","19537","50",""
"128","19538","51",""
"128","19539","51",""
"128","19540","51",""
"128","19541","52",""
"128","19542","53",""
"128","19543","53",""
"128","19544","54",""
"128","19545","54",""
"128","19546","55",""
"128","19547","56",""
"128","19548","56",""
"128","19549","57",""
"128","19550","58",""
"482","32451","12",""
"482","32452","13",""
"482","32453","14",""
"482","32454","16",""
"482","32455","17",""
"482","1160","19",""
"482","32456","21",""
"482","32457","25",""
"482","32458","2",""
"482","32459","5",""
"482","32460","7",""
"482","32461","10",""
"482","32462","12",""
"482","32463","16",""
"482","32464","17",""
"482","32465","19",""
"482","32466","19",""
"482","32467","20",""
"482","32468","22",""
"482","32469","23",""
"482","32470","24",""
"482","32471","27",""
"482","32472","1",""
"482","32473","2",""
"482","32474","3",""
"482","32475","5",""
"482","32476","6",""
"482","32477","7",""
"482","32478","8",""
"482","32479","8",""
"482","32480","9",""
"482","32481","9",""
"482","32482","10",""
"482","32483","11",""
"482","32484","13",""
"482","32485","13",""
"482","32486","14",""
"482","32487","14",""
"482","32488","16",""
"482","32489","16",""
"482","32490","17",""
"482","32491","17",""
"482","32492","18",""
"482","32493","18",""
"482","32494","19",""
"482","32495","19",""
"482","32406","16",""
"482","32407","17",""
"482","32408","17",""
"482","32409","19",""
"482","32410","20",""
"482","32411","20",""
"482","32412","21",""
"482","32413","22",""
"482","32414","22",""
"482","32415","23",""
"482","32416","24",""
"482","32417","24",""
"482","32418","25",""
"482","32419","26",""
"482","32420","28",""
"482","32421","30",""
"482","32422","31",""
"482","32423","31",""
"482","32424","32",""
"482","32425","33",""
"482","32426","2",""
"482","32427","3",""
"482","32428","5",""
"482","32429","5",""
"482","32430","7",""
"482","32431","8",""
"482","32432","8",""
"482","32433","10",""
"482","32434","11",""
"482","32435","12",""
"482","32436","14",""
"482","32437","17",""
"482","32438","21",""
"482","32439","26",""
"482","32440","28",""
"482","32441","31",""
"482","32442","33",""
"482","32443","36",""
"482","32444","37",""
"482","32445","40",""
"482","32446","1",""
"482","32447","2",""
"482","32448","3",""
"482","32449","6",""
"482","32450","8",""
"157","33126","2",""
"157","33127","4",""
"157","33128","5",""
"157","33129","6",""
"157","33130","8",""
"157","33131","10",""
"157","33132","12",""
"157","33133","14",""
"157","33134","15",""
"157","33135","19",""
"157","33136","20",""
"157","2249","21",""
"157","33137","22",""
"157","33138","23",""
"157","33139","2",""
"157","33140","3",""
"157","33141","6",""
"157","33142","7",""
"157","33143","10",""
"157","33144","11",""
"157","33145","3",""
"157","33146","5",""
"157","33147","6",""
"157","33148","7",""
"157","33149","9",""
"157","33150","10",""
"157","33151","12",""
"157","33152","14",""
"157","33153","15",""
"157","33154","16",""
"157","33155","2",""
"157","33156","3",""
"157","33157","5",""
"157","33158","6",""
"157","33159","7",""
"157","33160","9",""
"157","33161","10",""
"157","33162","11",""
"157","33163","12",""
"157","33164","12",""
"157","33165","12",""
"157","42935","1",""
"157","33087","-1","未發車"
"157","33088","-1","未發車"
"157","33089","-1","未發車"
"157","33090","-1","未發車"
"157","33091","-1","未發車"
"157","33092","-1","未發車"
"157","33093","-1","未發車"
"157","33094","3",""
"157","33095","4",""
"157","33096","5",""
"157","33097","7",""
"157","33098","8",""
"157","33099","8",""
"157","33100","10",""
"157","33101","12",""
"157","39649","12",""
"157","33102","13",""
"157","33103","13",""
"157","33104","15",""
"157","33105","15",""
"157","33106","16",""
"157","33107","2",""
"157","33108","4",""
"157","33109","6",""
"157","33110","8",""
"157","33111","10",""
"157","33112","13",""
"157","33113","15",""
"157","33114","17",""
"157","33115","18",""
"157","33116","18",""
"157","33117","20",""
"157","33118","1",""
"157","33119","5",""
"157","33120","7",""
"157","33121","9",""
"157","33122","12",""
"157","33123","2",""
"157","33124","4",""
"157","33125","5",""
"5410","33455","106",""
"5410","33456","107",""
"5410","33457","108",""
"5410","33458","109",""
"5410","33459","111",""
"5410","33460","112",""
"5410","33461","114",""
"5410","33462","116",""
"5410","33463","117",""
"5410","33464","119",""
"5410","33465","120",""
"5410","33466","122",""
"5410","33467","123",""
"5410","33468","124",""
"5410","33469","125",""
"5410","33470","125",""
"5410","33471","126",""
"5410","33472","127",""
"5410","33473","128",""
"5410","33474","129",""
"5410","38976","129",""
"5410","33475","129",""
"5410","1372","130",""
"5410","1373","130",""
"5410","1374","131",""
"5410","1375","131",""
"5410","1376","132",""
"5410","1377","132",""
"5410","1378","133",""
"5410","1379","134",""
"5410","1380","134",""
"5410","1381","135",""
"5410","1382","135",""
"5410","1383","136",""
"5410","38981","137",""
"5410","1384","137",""
"5410","38978","137",""
"5410","33476","138",""
"5410","33477","139",""
"5410","33478","139",""
"5410","33479","140",""
"5410","33480","141",""
"5410","33481","141",""
"5410","33483","143",""
"5410","55858","144",""
"5410","33484","144",""
"5410","33485","145",""
"5410","33486","146",""
"5410","33487","147",""
"5410","33488","148",""
"5410","33489","149",""
"5410","33491","150",""
"5410","33492","151",""
"5410","33493","152",""
"5410","33494","152",""
"5410","33495","153",""
"5410","33496","154",""
"5410","33497","157",""
"5410","33498","160",""
"5410","33499","161",""
"5410","33500","162",""
"5410","33501","164",""
"5410","33502","165",""
"5410","33503","167",""
"5410","33504","170",""
"5410","33505","170",""
"5410","33506","173",""
"5410","33507","176",""
"5410","33508","177",""
"5410","33509","177",""
"5410","33510","179",""
"5410","33511","180",""
"5410","33512","181",""
"5410","33515","183",""
"5410","33516","184",""
"5410","33517","186",""
"5410","33518","186",""
"5410","33519","188",""
"5410","55859","188",""
"5410","33520","189",""
"5410","33522","191",""
"5410","33523","191",""
"5410","33524","192",""
"5410","33525","193",""
"5410","33526","194",""
"5410","33527","195",""
"5410","38979","195",""
"5410","1385","196",""
"5410","1386","196",""
"5410","1387","196",""
"5410","1388","197",""
"5410","1389","198",""
"5410","1390","199",""
"5410","1391","199",""
"5410","1394","200",""
"5410","1395","201",""
"5410","1396","202",""
"5410","1397","203",""
"5410","1398","203",""
"5410","1399","204",""
"5410","38982","204",""
"5410","33528","205",""
"5410","38977","205",""
"5410","33529","205",""
"5410","33530","206",""
"5410","33531","207",""
"5410","33532","207",""
"5410","33533","208",""
"5410","33534","208",""
"5410","33535","209",""
"5410","33536","210",""
"5410","33537","211",""
"5410","33538","3",""
"5410","33539","3",""
"5410","33540","5",""
"5410","33541","6",""
"5410","33542","9",""
"5410","33543","11",""
"5410","33544","12",""
"5410","33545","13",""
"5410","33546","14",""
"5410","33547","16",""
"5215","33601","59",""
"5215","33602","61",""
"5215","33603","62",""
"5215","33604","64",""
"5215","33605","65",""
"5215","33606","66",""
"5215","33607","68",""
"5215","33608","69",""
"5215","33609","69",""
"5215","34433","75",""
"5215","45949","75",""
"5215","34434","76",""
"5215","34435","76",""
"5215","3567","77",""
"5215","34436","78",""
"5215","33610","78",""
"5215","34437","81",""
"5215","34438","85",""
"5215","34439","85",""
"5215","34440","85",""
"5215","34441","86",""
"5215","34442","88",""
"5215","34443","90",""
"5215","34444","90",""
"5215","34445","92",""
"5215","34446","95",""
"5215","34447","96",""
"5215","33611","97",""
"5215","33612","103",""
"5215","33613","105",""
"5215","33614","109",""
"5215","33615","111",""
"5215","33616","112",""
"5215","33617","112",""
"5215","33618","113",""
"5215","33619","113",""
"5215","33620","114",""
"5215","33621","114",""
"5215","42931","114",""
"5215","33559","2",""
"5215","33560","2",""
"5215","33561","3",""
"5215","33562","4",""
"5215","33563","5",""
"5215","33564","5",""
"5215","33565","6",""
"5215","33566","6",""
"5215","33567","11",""
"5215","34431","12",""
"5215","33568","14",""
"5215","33569","17",""
"5215","33570","18",""
"5215","33571","20",""
"5215","33572","20",""
"5215","33573","21",""
"5215","33574","22",""
"5215","33575","23",""
"5215","33576","26",""
"5215","33577","28",""
"5215","33578","30",""
"5215","33579","30",""
"5215","33580","30",""
"5215","33581","31",""
"5215","34432","33",""
"5215","33582","35",""
"5215","33583","36",""
"5215","3566","36",""
"5215","33584","39",""
"5215","33585","39",""
"5215","45948","39",""
"5215","33586","40",""
"5215","33587","41",""
"5215","33588","44",""
"5215","33589","45",""
"5215","33590","46",""
"5215","33591","49",""
"5215","33592","50",""
"5215","33593","51",""
"5215","33594","53",""
"5215","33595","54",""
"5215","33596","55",""
"5215","33597","55",""
"5215","33598","56",""
"5215","33599","58",""
"5215","33600","59",""
"485","33783","3",""
"485","33784","6",""
"485","33785","7",""
"485","33787","8",""
"485","33788","9",""
"485","33789","11",""
"485","33790","12",""
"485","33791","15",""
"485","33793","18",""
"485","33794","20",""
"485","33796","4",""
"485","33797","5",""
"485","33798","8",""
"485","33799","8",""
"485","33800","10",""
"485","33801","12",""
"485","33802","13",""
"485","33803","16",""
"485","33804","16",""
"485","33805","18",""
"485","33806","19",""
"485","33807","20",""
"485","33808","20",""
"485","33809","21",""
"485","33810","22",""
"485","33811","2",""
"485","33812","3",""
"485","33813","5",""
"485","33814","6",""
"485","33815","6",""
"485","3659","8",""
"485","33816","9",""
"485","33817","13",""
"485","33818","16",""
"485","33819","18",""
"485","33820","18",""
"485","1855","20",""
"485","33821","22",""
"485","33822","23",""
"485","33823","23",""
"485","33824","24",""
"485","33825","25",""
"485","33826","27",""
"485","33827","27",""
"485","33828","28",""
"485","1856","29",""
"485","33829","30",""
"485","33830","31",""
"485","33831","32",""
"485","33832","32",""
"485","33833","33",""
"485","33834","35",""
"485","33835","36",""
"485","33836","38",""
"485","33837","40",""
"485","33838","41",""
"485","33839","42",""
"485","33840","2",""
"485","42974","3",""
"485","33841","3",""
"485","33722","17",""
"485","42973","31",""
"485","33723","31",""
"485","33724","34",""
"485","33725","35",""
"485","33726","35",""
"485","33727","36",""
"485","33728","39",""
"485","33729","40",""
"485","33730","42",""
"485","33731","44",""
"485","33732","2",""
"485","33733","3",""
"485","1854","4",""
"485","33734","5",""
"485","33735","5",""
"485","33736","6",""
"485","33737","7",""
"485","33738","8",""
"485","33739","9",""
"485","33740","10",""
"485","33741","11",""
"485","33742","12",""
"485","33743","13",""
"485","33744","14",""
"485","33745","16",""
"485","33746","17",""
"485","33747","17",""
"485","33748","21",""
"485","3658","21",""
"485","33749","22",""
"485","33750","23",""
"485","33751","24",""
"485","33752","25",""
"485","33753","26",""
"485","33754","27",""
"485","33755","27",""
"485","33756","3",""
"485","33757","4",""
"485","33758","4",""
"485","33759","6",""
"485","33760","7",""
"485","33761","8",""
"485","33762","10",""
"485","33763","11",""
"485","33764","12",""
"485","33765","14",""
"485","33766","16",""
"485","33767","17",""
"485","33768","18",""
"485","33770","20",""
"485","33771","23",""
"485","33773","26",""
"485","33774","29",""
"485","33775","31",""
"485","33776","32",""
"485","2248","33",""
"485","33777","35",""
"485","33778","35",""
"485","33779","36",""
"485","33780","37",""
"485","33781","38",""
"485","33782","1",""
"436","39386","-1","未發車"
"436","39388","-1","未發車"
"436","39390","-1","未發車"
"436","33250","-1","未發車"
"436","33251","-1","未發車"
"436","33252","-1","未發車"
"436","33253","-1","未發車"
"436","33254","-1","未發車"
"436","33255","-1","未發車"
"436","33256","-1","未發車"
"436","33257","-1","未發車"
"436","33258","-1","未發車"
"436","33259","-1","未發車"
"436","33260","2",""
"436","33261","3",""
"436","33262","3",""
"436","33263","4",""
"436","33264","7",""
"436","33265","8",""
"436","33266","10",""
"436","33267","10",""
"436","33268","10",""
"436","33269","11",""
"436","33270","12",""
"436","33271","13",""
"436","33272","15",""
"436","33273","18",""
"436","33274","19",""
"436","33275","21",""
"436","33276","24",""
"436","33277","26",""
"436","33278","27",""
"436","33279","28",""
"436","33280","31",""
"436","33281","2",""
"436","33282","5",""
"436","33283","2",""
"436","33284","5",""
"436","33285","6",""
"436","33286","7",""
"436","33287","7",""
"436","33288","8",""
"436","33289","9",""
"436","33290","10",""
"436","33291","14",""
"436","33292","14",""
"436","33293","15",""
"436","33294","17",""
"436","33295","18",""
"436","33296","20",""
"436","33297","20",""
"436","33298","22",""
"436","33299","24",""
"436","33300","25",""
"436","33301","26",""
"436","33302","28",""
"436","33303","28",""
"436","39392","29",""
"436","39391","30",""
"436","39389","2",""
"436","39387","3",""
"438","33385","-1","未發車"
"438","33386","-1","未發車"
"438","33387","1",""
"438","33388","2",""
"438","33389","2",""
"438","33390","3",""
"438","33391","5",""
"438","33392","7",""
"438","33393","9",""
"438","33394","9",""
"438","33395","10",""
"438","33396","10",""
"438","33397","11",""
"438","33398","11",""
"438","33399","12",""
"438","33400","13",""
"438","33401","14",""
"438","33402","15",""
"438","33403","17",""
"438","33404","19",""
"438","33405","1",""
"438","33406","3",""
"438","33407","6",""
"438","33408","9",""
"438","33409","10",""
"438","33410","11",""
"438","33411","12",""
"438","33412","15",""
"438","33413","17",""
"438","33414","18",""
"438","33415","19",""
"438","33416","4",""
"438","33417","5",""
"438","33418","7",""
"438","33419","9",""
"438","33420","11",""
"438","33421","2",""
"438","33422","6",""
"438","33423","1",""
"438","33424","4",""
"438","33425","5",""
"438","33426","8",""
"438","33427","9",""
"438","33428","11",""
"438","33429","12",""
"438","33430","15",""
"438","33431","15",""
"438","33432","16",""
"438","33433","17",""
"438","33434","18",""
"438","33435","19",""
"438","33436","19",""
"438","33437","22",""
"438","33438","24",""
"438","33439","25",""
"438","33440","26",""
"438","33441","27",""
"438","33442","1",""
"438","33443","2",""
"438","33444","3",""
"438","42934","1",""
"413","14001","-1","未發車"
"413","14002","-1","未發車"
"413","14003","-1","未發車"
"413","14004","-1","未發車"
"413","2383","-1","未發車"
"413","14005","-1","未發車"
"413","14006","-1","未發車"
"413","14007","-1","未發車"
"413","14008","-1","未發車"
"413","14009","-1","未發車"
"413","14010","-1","未發車"
"413","14011","-1","未發車"
"413","14012","-1","未發車"
"413","14013","-1","未發車"
"413","14014","-1","未發車"
"413","14015","-1","未發車"
"413","14016","-1","未發車"
"413","14017","-1","未發車"
"413","14018","-1","未發車"
"413","14019","-1","未發車"
"413","14020","-1","未發車"
"413","14021","-1","未發車"
"413","14022","-1","未發車"
"413","14023","-1","未發車"
"413","14024","-1","未發車"
"413","14025","-1","未發車"
"413","14026","-1","未發車"
"413","14027","-1","未發車"
"413","14028","-1","未發車"
"413","14029","-1","未發車"
"413","14030","-1","未發車"
"413","14031","1",""
"413","14032","2",""
"413","14033","3",""
"413","14034","4",""
"413","14035","7",""
"413","14036","10",""
"413","14037","11",""
"413","14038","11",""
"413","14039","12",""
"413","1547","14",""
"413","14040","14",""
"413","14041","1",""
"413","14042","3",""
"413","14043","4",""
"413","14044","5",""
"413","14045","6",""
"413","14046","6",""
"413","14047","7",""
"413","14048","8",""
"413","14049","9",""
"413","14050","10",""
"413","14051","10",""
"413","14052","12",""
"413","14053","12",""
"413","14054","13",""
"413","14055","14",""
"413","14056","15",""
"413","14057","16",""
"413","14058","17",""
"413","14059","17",""
"413","14060","19",""
"413","14061","23",""
"413","14062","23",""
"413","14063","24",""
"413","14064","1",""
"413","14065","2",""
"413","14066","3",""
"413","14067","6",""
"413","14068","7",""
"413","14069","9",""
"413","14070","11",""
"413","14071","12",""
"413","14072","14",""
"413","14073","15",""
"413","14074","16",""
"413","14075","17",""
"413","14076","18",""
"413","14077","19",""
"413","14078","21",""
"413","14079","21",""
"413","14080","23",""
"413","14081","27",""
"413","14082","29",""
"413","14083","35",""
"413","14084","36",""
"413","14085","36",""
"413","14086","37",""
"413","14087","38",""
"413","14088","39",""
"413","14089","40",""
"413","14090","41",""
"413","14091","42",""
"413","14092","44",""
"413","14093","45",""
"413","14094","46",""
"413","4138","47",""
"413","14095","47",""
"413","14096","48",""
"413","1541","50",""
"413","1542","2",""
"413","14097","4",""
"413","50576","4",""
"413","43057","5",""
"413","43058","6",""
"413","1548","11",""
"413","14100","11",""
"413","14101","13",""
"413","14102","14",""
"413","14103","14",""
"413","14104","17",""
"413","14105","18",""
"413","14106","19",""
"413","14107","20",""
"413","14108","24",""
"413","14109","25",""
"413","14110","26",""
"413","14111","27",""
"413","14112","1",""
"413","14113","2",""
"413","14114","4",""
"413","14115","4",""
"413","14116","6",""
"413","14117","7",""
"413","14118","8",""
"413","14119","8",""
"413","14120","10",""
"413","14121","12",""
"413","14122","13",""
"413","14123","15",""
"413","14124","16",""
"413","14125","17",""
"413","14126","18",""
"413","14127","18",""
"413","14128","2",""
"413","14129","4",""
"413","14130","7",""
"413","14131","8",""
"413","14132","9",""
"413","14133","10",""
"413","14134","11",""
"413","14135","15",""
"413","14136","15",""
"413","4139","16",""
"413","14137","18",""
"413","14138","19",""
"413","14139","19",""
"413","14140","20",""
"413","14141","21",""
"413","14142","1",""
"413","14143","3",""
"413","2384","4",""
"413","14144","4",""
"413","14145","5",""
"413","14146","7",""
"413","14147","10",""
"413","14148","11",""
"413","14149","12",""
"413","14150","12",""
"413","14151","13",""
"413","14152","14",""
"413","14153","14",""
"413","14154","15",""
"413","14155","16",""
"413","14156","17",""
"413","14157","17",""
"413","14158","18",""
"413","2385","19",""
"413","14159","20",""
"413","43059","20",""
"331","35683","-1","未發車"
"331","35684","-1","未發車"
"331","35685","-1","未發車"
"331","35686","-1","未發車"
"331","35687","-1","未發車"
"331","35688","-1","未發車"
"331","35689","-1","未發車"
"331","35690","-1","未發車"
"331","35691","-1","未發車"
"331","35692","-1","未發車"
"331","35693","-1","未發車"
"331","35694","-1","未發車"
"331","35695","-1","未發車"
"331","35696","-1","未發車"
"331","35697","-1","未發車"
"331","35698","-1","未發車"
"331","35699","-1","未發車"
"331","35700","-1","未發車"
"331","35701","-1","未發車"
"331","35702","-1","未發車"
"331","35703","-1","未發車"
"331","35704","-1","未發車"
"331","35705","-1","未發車"
"331","35706","-1","未發車"
"331","35707","-1","未發車"
"331","35708","-1","未發車"
"331","35709","-1","未發車"
"331","41244","-1","未發車"
"331","41246","-1","未發車"
"331","35710","-1","未發車"
"331","35711","-1","未發車"
"331","35712","-1","未發車"
"331","35713","-1","未發車"
"331","35714","-1","未發車"
"331","35715","-1","未發車"
"331","35716","2",""
"331","35717","5",""
"331","35718","6",""
"331","35719","8",""
"331","35720","9",""
"331","35721","11",""
"331","35722","12",""
"331","35723","14",""
"331","35724","18",""
"331","35725","19",""
"331","35726","20",""
"331","35727","22",""
"331","35728","23",""
"331","35729","24",""
"331","35730","1",""
"331","35731","3",""
"331","35732","5",""
"331","35733","6",""
"331","35734","7",""
"331","35735","8",""
"331","35736","9",""
"331","35737","11",""
"331","35738","12",""
"331","41247","15",""
"331","41245","17",""
"331","35739","21",""
"331","35740","22",""
"331","35741","23",""
"331","35742","24",""
"331","35743","25",""
"331","35744","26",""
"331","35745","27",""
"331","35746","28",""
"331","35747","29",""
"331","35748","30",""
"331","35749","31",""
"331","35750","33",""
"331","35751","34",""
"331","35752","34",""
"331","35753","35",""
"331","35754","35",""
"331","35755","1",""
"331","35756","2",""
"331","35757","3",""
"331","35758","3",""
"331","35759","4",""
"331","35760","5",""
"331","35761","5",""
"331","35762","6",""
"331","35763","6",""
"331","35764","7",""
"331","43124","7",""
"5164","37486","-1","未發車"
"5164","3699","-1","未發車"
"5164","37487","-1","未發車"
"5164","37488","-1","未發車"
"5164","37489","-1","未發車"
"5164","37490","-1","未發車"
"5164","37491","-1","未發車"
"5164","37492","-1","未發車"
"5164","37493","-1","未發車"
"5164","37494","-1","未發車"
"5164","37495","2",""
"5164","37496","3",""
"5164","37497","5",""
"5164","37498","6",""
"5164","37499","7",""
"5164","37500","9",""
"5164","37501","9",""
"5164","37502","12",""
"5164","37503","14",""
"5164","37504","17",""
"5164","37505","2",""
"5164","37506","3",""
"5164","37507","6",""
"5164","37508","10",""
"5164","37509","16",""
"5164","37510","18",""
"5164","37511","20",""
"5164","37512","23",""
"5164","37513","25",""
"5164","37514","27",""
"5164","37515","29",""
"5164","37516","34",""
"5164","37517","35",""
"5164","37518","36",""
"5164","37519","38",""
"5164","37520","39",""
"5164","37521","41",""
"5164","37522","43",""
"5164","37523","44",""
"5164","37524","45",""
"5164","37525","45",""
"5164","37526","47",""
"5164","37442","-1","未發車"
"5164","37443","-1","未發車"
"5164","37444","-1","未發車"
"5164","37445","-1","未發車"
"5164","37446","-1","未發車"
"5164","37447","-1","未發車"
"5164","37448","-1","未發車"
"5164","37449","-1","未發車"
"5164","37450","-1","未發車"
"5164","37451","-1","未發車"
