FacilityID,FacilityName,ReportPeriod,VOCs,UnitsOfVOCs,TSP,UnitsOfTSP,SOx,UnitsOfSOx,NOx,UnitsOfNOx,Status
P62A0433,潮成商行,2016年第4季,0,公噸,0,公噸,0.205,公噸,0.142,公噸,完成核算
P5400829,三勳貿易有限公司,2016年第4季,0.679,公噸,0,公噸,0,公噸,0,公噸,完成核算
P5400829,三勳貿易有限公司,2016年第3季,0.302,公噸,0,公噸,0,公噸,0,公噸,完成核算
P5400829,三勳貿易有限公司,2016年第2季,0.473,公噸,0,公噸,0,公噸,0,公噸,完成核算
P5400829,三勳貿易有限公司,2016年第1季,0.324,公噸,0,公噸,0,公噸,0,公噸,完成核算
J5904846,資生堂股份有限公司新竹工廠,2016年第4季,0,公噸,0,公噸,0,公噸,0,公噸,完成核算
J5904846,資生堂股份有限公司新竹工廠,2016年第3季,0,公噸,0,公噸,0,公噸,0,公噸,完成核算
J5904846,資生堂股份有限公司新竹工廠,2016年第2季,0,公噸,0,公噸,0,公噸,0,公噸,完成核算
J5904846,資生堂股份有限公司新竹工廠,2016年第1季,0,公噸,0,公噸,0,公噸,0,公噸,完成核算
H47A8596,辰澔股份有限公司,2016年第4季,0,公噸,0,公噸,0.122,公噸,1.485,公噸,完成核算
F10A6498,國鼎生物科技股份有限公司,2016年第4季,0.001,公噸,0,公噸,0,公噸,0,公噸,完成核算
E2003564,泰綺實業股份有限公司,2016年第4季,37.749,公噸,0,公噸,0,公噸,0,公噸,完成核算
E2003564,泰綺實業股份有限公司,2016年第3季,0,公噸,0,公噸,0,公噸,0,公噸,完成核算
E2003564,泰綺實業股份有限公司,2016年第2季,0,公噸,0,公噸,0,公噸,0,公噸,完成核算
E2003564,泰綺實業股份有限公司,2016年第1季,0,公噸,0,公噸,0,公噸,0,公噸,完成核算
B9003901,三鈺實業有限公司,2016年第4季,0,公噸,0,公噸,0,公噸,0,公噸,完成申報
B9003901,三鈺實業有限公司,2016年第3季,0,公噸,0,公噸,0,公噸,0,公噸,完成申報
B9003901,三鈺實業有限公司,2016年第2季,0,公噸,0,公噸,0,公噸,0,公噸,完成申報
B9003901,三鈺實業有限公司,2016年第1季,0,公噸,0,公噸,0,公噸,0,公噸,完成申報
J5904846,資生堂股份有限公司新竹工廠,2015年第4季,0,公噸,0,公噸,0,公噸,0,公噸,完成核算
J5904846,資生堂股份有限公司新竹工廠,2015年第3季,0,公噸,0,公噸,0,公噸,0,公噸,完成核算
J5904846,資生堂股份有限公司新竹工廠,2015年第2季,0,公噸,0,公噸,0,公噸,0,公噸,完成核算
J5904846,資生堂股份有限公司新竹工廠,2015年第1季,0,公噸,0,公噸,0,公噸,0,公噸,完成核算
E2003564,泰綺實業股份有限公司,2015年第4季,0,公噸,0,公噸,0,公噸,0,公噸,完成核算
E2003564,泰綺實業股份有限公司,2015年第3季,0,公噸,0,公噸,0,公噸,0,公噸,完成核算
E2003564,泰綺實業股份有限公司,2015年第2季,0,公噸,0,公噸,0,公噸,0,公噸,完成核算
E2003564,泰綺實業股份有限公司,2015年第1季,90.71,公噸,0,公噸,0,公噸,0,公噸,完成核算
B9003901,三鈺實業有限公司,2015年第4季,0,公噸,0,公噸,0,公噸,0,公噸,完成申報
B9003901,三鈺實業有限公司,2015年第3季,0,公噸,0,公噸,0,公噸,0,公噸,完成申報
B9003901,三鈺實業有限公司,2015年第2季,0,公噸,0,公噸,0,公噸,0,公噸,完成申報
B9003901,三鈺實業有限公司,2015年第1季,0,公噸,0,公噸,0,公噸,0,公噸,完成申報
J61A0731,統洋酒業股份有限公司,2014年第4季,0.765,公噸,0,公噸,0.14,公噸,0.105,公噸,完成核算
J5904846,資生堂股份有限公司新竹工廠,2014年第4季,0,公噸,0,公噸,0,公噸,0,公噸,完成核算
J5904846,資生堂股份有限公司新竹工廠,2014年第3季,0,公噸,0,公噸,0,公噸,0,公噸,完成核算
J5904846,資生堂股份有限公司新竹工廠,2014年第2季,0,公噸,0,公噸,0,公噸,0,公噸,完成核算
J5904846,資生堂股份有限公司新竹工廠,2014年第1季,0,公噸,0,公噸,0,公噸,0,公噸,完成核算
E2003564,泰綺實業股份有限公司,2014年第4季,152.173,公噸,0,公噸,0,公噸,0,公噸,完成核算
E2003564,泰綺實業股份有限公司,2014年第3季,93.067,公噸,0,公噸,0,公噸,0,公噸,完成核算
E2003564,泰綺實業股份有限公司,2014年第2季,98.612,公噸,0,公噸,0,公噸,0,公噸,完成核算
E2003564,泰綺實業股份有限公司,2014年第1季,154.371,公噸,0,公噸,0,公噸,0,公噸,完成核算
B9003901,三鈺實業有限公司,2014年第4季,0,公噸,0,公噸,0,公噸,0,公噸,完成申報
B9003901,三鈺實業有限公司,2014年第3季,0,公噸,0,公噸,0,公噸,0,公噸,完成申報
B9003901,三鈺實業有限公司,2014年第2季,0,公噸,0,公噸,0,公噸,0,公噸,完成申報
B9003901,三鈺實業有限公司,2014年第1季,0,公噸,0,公噸,0,公噸,0,公噸,完成申報
J5904846,資生堂股份有限公司新竹工廠,2013年第4季,0,公噸,0,公噸,0,公噸,0,公噸,完成核算
J5904846,資生堂股份有限公司新竹工廠,2013年第3季,0,公噸,0,公噸,0,公噸,0,公噸,完成核算
J5904846,資生堂股份有限公司新竹工廠,2013年第2季,0,公噸,0,公噸,0,公噸,0,公噸,完成核算
J5904846,資生堂股份有限公司新竹工廠,2013年第1季,0,公噸,0,公噸,0,公噸,0,公噸,完成核算
E2003564,泰綺實業股份有限公司,2013年第4季,91.015,公噸,0,公噸,0,公噸,0,公噸,完成核算
E2003564,泰綺實業股份有限公司,2013年第3季,61.301,公噸,0,公噸,0,公噸,0,公噸,完成核算
E2003564,泰綺實業股份有限公司,2013年第2季,59.095,公噸,0,公噸,0,公噸,0,公噸,完成核算
E2003564,泰綺實業股份有限公司,2013年第1季,91.468,公噸,0,公噸,0,公噸,0,公噸,完成核算
B9003901,三鈺實業有限公司,2013年第4季,0,公噸,0,公噸,0.007,公噸,0.007,公噸,完成核算
B9003901,三鈺實業有限公司,2013年第3季,0,公噸,0,公噸,0.007,公噸,0.005,公噸,完成核算
B9003901,三鈺實業有限公司,2013年第2季,0,公噸,0,公噸,0.007,公噸,0.005,公噸,完成核算
B9003901,三鈺實業有限公司,2013年第1季,0,公噸,0,公噸,0.007,公噸,0.005,公噸,完成核算
J5904846,資生堂股份有限公司新竹工廠,2012年第4季,0,公噸,0,公噸,0,公噸,0,公噸,完成核算
J5904846,資生堂股份有限公司新竹工廠,2012年第3季,0,公噸,0,公噸,0,公噸,0,公噸,完成核算
J5904846,資生堂股份有限公司新竹工廠,2012年第2季,0,公噸,0,公噸,0,公噸,0,公噸,完成核算
J5904846,資生堂股份有限公司新竹工廠,2012年第1季,0,公噸,0,公噸,0,公噸,0,公噸,完成核算
B9003901,三鈺實業有限公司,2012年第4季,0,公噸,0,公噸,0.008,公噸,0.005,公噸,完成核算
B9003901,三鈺實業有限公司,2012年第3季,0,公噸,0,公噸,0.007,公噸,0.005,公噸,完成核算
B9003901,三鈺實業有限公司,2012年第2季,0,公噸,0,公噸,0.007,公噸,0.005,公噸,完成核算
B9003901,三鈺實業有限公司,2012年第1季,0,公噸,0,公噸,0.007,公噸,0.005,公噸,完成核算
J5904846,資生堂股份有限公司新竹工廠,2011年第4季,0,公噸,0,公噸,0,公噸,0,公噸,完成核算
J5904846,資生堂股份有限公司新竹工廠,2011年第3季,0,公噸,0,公噸,0,公噸,0,公噸,完成核算
J5904846,資生堂股份有限公司新竹工廠,2011年第2季,0,公噸,0,公噸,0,公噸,0,公噸,完成核算
J5904846,資生堂股份有限公司新竹工廠,2011年第1季,0,公噸,0,公噸,0,公噸,0,公噸,完成核算
B9003901,三鈺實業有限公司,2011年第4季,0,公噸,0,公噸,0.009,公噸,0.006,公噸,完成核算
B9003901,三鈺實業有限公司,2011年第3季,0,公噸,0,公噸,0.006,公噸,0.004,公噸,完成核算
B9003901,三鈺實業有限公司,2011年第2季,0,公噸,0,公噸,0.006,公噸,0.004,公噸,完成核算
B9003901,三鈺實業有限公司,2011年第1季,0,公噸,0,公噸,0.035,公噸,0.023,公噸,完成核算
Z6603001,馬祖酒廠實業股份有限公司(東引酒廠),2016年第3季,0.463,公噸,0,公噸,0,公噸,0.047,公噸,完成核算
Z6603001,馬祖酒廠實業股份有限公司(東引酒廠),2016年第4季,0.576,公噸,0,公噸,0,公噸,0.065,公噸,完成核算
Z6600019,台灣電力股份有限公司馬祖區營業處-東引電廠,2016年第4季,0.004,公噸,0.669,公噸,0.445,公噸,34.282,公噸,完成核算(粒狀物核算中)
Z6600019,台灣電力股份有限公司馬祖區營業處-東引電廠,2016年第3季,0.006,公噸,0.825,公噸,0.454,公噸,38.484,公噸,完成核算
Z6503042,台灣電力股份有限公司馬祖區營業處-西莒電廠,2016年第4季,0.002,公噸,0.339,公噸,0.119,公噸,11.58,公噸,完成核算(粒狀物核算中)
Z6503042,台灣電力股份有限公司馬祖區營業處-西莒電廠,2016年第3季,0.002,公噸,0.479,公噸,0.166,公噸,16.37,公噸,完成核算
Z6400019,台灣電力(股)公司協和發電廠馬祖珠山分廠-北竿機組,2016年第3季,0.001,公噸,0,公噸,0,公噸,0.058,公噸,完成核算
Z6303328,台灣電力(股)公司協和發電廠馬祖珠山分廠-珠山機組,2016年第3季,0.005,公噸,2.951,公噸,14.389,公噸,242.026,公噸,完成核算
Z6303328,台灣電力(股)公司協和發電廠馬祖珠山分廠-珠山機組,2016年第4季,0.003,公噸,3.374,公噸,13.168,公噸,177.608,公噸,完成核算
Z6303006,馬祖酒廠實業股份有限公司,2016年第3季,0.825,公噸,0,公噸,0.001,公噸,0.09,公噸,完成核算
Z6303006,馬祖酒廠實業股份有限公司,2016年第4季,2.658,公噸,0,公噸,0.001,公噸,0.157,公噸,完成核算
Z6300023,台灣電力(股)公司協和發電廠馬祖珠山分廠-南竿機組,2016年第4季,0.006,公噸,0.834,公噸,0.25,公噸,34.777,公噸,完成核算(粒狀物核算中)
Z6300023,台灣電力(股)公司協和發電廠馬祖珠山分廠-南竿機組,2016年第3季,0.006,公噸,1.019,公噸,0.373,公噸,48.711,公噸,完成核算
X0901036,台灣電力股份有限公司澎湖區營業處七美發電廠,2016年第4季,0.027,公噸,0.49,公噸,0.078,公噸,16.669,公噸,完成核算
X0901036,台灣電力股份有限公司澎湖區營業處七美發電廠,2016年第3季,0.027,公噸,0.653,公噸,0.1,公噸,22.177,公噸,完成核算
X0801031,台灣電力股份有限公司澎湖區營業處望安發電廠,2016年第4季,0.025,公噸,0.235,公噸,0.059,公噸,16.252,公噸,完成核算
X0801031,台灣電力股份有限公司澎湖區營業處望安發電廠,2016年第3季,0.024,公噸,0.321,公噸,0.079,公噸,21.548,公噸,完成核算
X0704126,共合造船廠,2016年第3季,0.402,公噸,0,公噸,0,公噸,0,公噸,完成核算
X0704126,共合造船廠,2016年第4季,0.402,公噸,0,公噸,0,公噸,0,公噸,完成核算
X0704117,金泉泰造船廠,2016年第3季,0,公噸,0,公噸,0,公噸,0,公噸,完成核算
X0704117,金泉泰造船廠,2016年第4季,0,公噸,0,公噸,0,公噸,0,公噸,完成核算
X0695248,新東和造船廠,2016年第4季,0.223,公噸,0,公噸,0,公噸,0,公噸,完成核算
X0604130,國福造船廠,2016年第3季,0.51,公噸,0,公噸,0,公噸,0,公噸,完成核算
X0604130,國福造船廠,2016年第4季,0.51,公噸,0,公噸,0,公噸,0,公噸,完成核算
X0504493,新珊洗衣店,2016年第3季,0,公噸,0,公噸,0,公噸,0,公噸,完成核算
X0504493,新珊洗衣店,2016年第4季,0.01,公噸,0,公噸,0,公噸,0,公噸,完成核算
X0504233,豪信預拌混凝土有限公司林投廠,2016年第3季,0.006,公噸,0,公噸,0,公噸,0,公噸,完成核算
X0504233,豪信預拌混凝土有限公司林投廠,2016年第4季,0.008,公噸,0,公噸,0.069,公噸,0.074,公噸,完成核算
X0504180,台灣中油股份有限公司油品行銷事業部嘉義營業處馬公行銷服務中心,2016年第3季,2.12,公噸,0,公噸,0,公噸,0,公噸,完成核算
X0504180,台灣中油股份有限公司油品行銷事業部嘉義營業處馬公行銷服務中心,2016年第4季,1.812,公噸,0,公噸,0,公噸,0,公噸,完成核算
X0504082,泰永企業行瀝青混凝土廠,2016年第3季,0,公噸,0.132,公噸,0,公噸,0,公噸,完成核算
X0504082,泰永企業行瀝青混凝土廠,2016年第4季,0,公噸,0.132,公噸,0,公噸,0,公噸,完成核算
X0501527,空軍馬公基地勤務隊,2016年第3季,0,公噸,0,公噸,0,公噸,0.009,公噸,完成核算
X0501527,空軍馬公基地勤務隊,2016年第4季,0,公噸,0,公噸,0,公噸,0.01,公噸,完成核算
X0501447,法務部矯正署澎湖監獄,2016年第4季,0.001,公噸,0,公噸,0.001,公噸,0.01,公噸,核算確認中
X0501447,法務部矯正署澎湖監獄,2016年第3季,0.001,公噸,0,公噸,0.001,公噸,0.072,公噸,核算確認中
X0501241,柄森企業有限公司湖西廠,2016年第3季,0,公噸,2.606,公噸,0,公噸,0,公噸,完成季登錄確認
X0501241,柄森企業有限公司湖西廠,2016年第4季,0,公噸,4.183,公噸,0,公噸,0,公噸,完成季登錄確認
X0501232,臺灣電力股份有限公司尖山發電廠,2016年第4季,0.021,公噸,5.448,公噸,136.272,公噸,253.166,公噸,完成核算
X0501232,臺灣電力股份有限公司尖山發電廠,2016年第3季,0.009,公噸,7.931,公噸,191.592,公噸,352.884,公噸,完成核算
X04A2871,權耀工程有限公司,2016年第4季,0.036,公噸,0.887,公噸,0.092,公噸,0.087,公噸,完成核算
X04A2871,權耀工程有限公司,2016年第3季,0.049,公噸,0.969,公噸,0.756,公噸,0.06,公噸,完成核算
X04A1477,展豐保麗龍廠,2016年第3季,0.008,公噸,0,公噸,0.45,公噸,0.312,公噸,完成核算
X04A1477,展豐保麗龍廠,2016年第4季,0.008,公噸,0,公噸,0.638,公噸,0.443,公噸,完成核算
X04A0726,光美洗衣店,2016年第3季,0.003,公噸,0,公噸,0,公噸,0,公噸,完成核算
X04A0726,光美洗衣店,2016年第4季,0.02,公噸,0,公噸,0,公噸,0,公噸,完成核算
X04A0677,富勝造船廠,2016年第3季,0.17,公噸,0,公噸,0,公噸,0,公噸,完成核算
X04A0677,富勝造船廠,2016年第4季,0.17,公噸,0,公噸,0,公噸,0,公噸,完成核算
X04A0667,重光洗衣店,2016年第3季,0.007,公噸,0,公噸,0,公噸,0,公噸,完成核算
X04A0667,重光洗衣店,2016年第4季,0.01,公噸,0,公噸,0,公噸,0,公噸,完成核算
X04A0627,明清洗衣店,2016年第3季,0.02,公噸,0,公噸,0,公噸,0,公噸,完成核算
X04A0627,明清洗衣店,2016年第4季,0.01,公噸,0,公噸,0,公噸,0,公噸,完成核算
X04A0617,顏遜造船所,2016年第3季,0.018,公噸,0,公噸,0,公噸,0,公噸,完成核算
X04A0617,顏遜造船所,2016年第4季,0,公噸,0,公噸,0,公噸,0,公噸,完成核算
X04A0607,宏興造船廠,2016年第3季,0,公噸,0,公噸,0,公噸,0,公噸,完成核算
X04A0607,宏興造船廠,2016年第4季,0,公噸,0,公噸,0,公噸,0,公噸,完成核算
X04A0598,麗衣坊洗衣店,2016年第3季,0.002,公噸,0,公噸,0,公噸,0,公噸,完成核算
X04A0598,麗衣坊洗衣店,2016年第4季,0.02,公噸,0,公噸,0,公噸,0,公噸,完成核算
X04A0588,快而潔洗衣店大仁店,2016年第3季,0.002,公噸,0,公噸,0,公噸,0,公噸,完成核算
X04A0588,快而潔洗衣店大仁店,2016年第4季,0.01,公噸,0,公噸,0,公噸,0,公噸,完成核算
X04A0578,快而潔洗衣店民生店,2016年第3季,0.004,公噸,0,公噸,0,公噸,0,公噸,完成核算
X04A0578,快而潔洗衣店民生店,2016年第4季,0.02,公噸,0,公噸,0,公噸,0,公噸,完成核算
X04A0558,進泉企業行,2016年第3季,0.588,公噸,0,公噸,0,公噸,0,公噸,完成核算
X04A0558,進泉企業行,2016年第4季,0.588,公噸,0,公噸,0,公噸,0,公噸,完成核算
X04A0548,芳鄰洗衣店,2016年第3季,0,公噸,0,公噸,0,公噸,0,公噸,完成核算
X04A0548,芳鄰洗衣店,2016年第4季,0.01,公噸,0,公噸,0,公噸,0,公噸,完成核算
X04A0439,華信洗衣店,2016年第3季,0.003,公噸,0,公噸,0,公噸,0,公噸,完成核算
X04A0439,華信洗衣店,2016年第4季,0.02,公噸,0,公噸,0,公噸,0,公噸,完成核算
X04A0429,全統洗衣店,2016年第3季,0.003,公噸,0,公噸,0,公噸,0,公噸,完成核算
X04A0429,全統洗衣店,2016年第4季,0.01,公噸,0,公噸,0,公噸,0,公噸,完成核算
X04A0201,藍木商行,2016年第3季,0.006,公噸,0,公噸,0,公噸,0,公噸,完成核算
X04A0201,藍木商行,2016年第4季,0.006,公噸,0,公噸,0,公噸,0,公噸,完成核算
X04A0172,有志商會印刷廠,2016年第3季,0,公噸,0,公噸,0,公噸,0,公噸,完成核算
X04A0172,有志商會印刷廠,2016年第4季,0,公噸,0,公噸,0,公噸,0,公噸,完成核算
X04A0162,富國印刷廠,2016年第3季,0,公噸,0,公噸,0,公噸,0,公噸,完成核算
X04A0162,富國印刷廠,2016年第4季,0,公噸,0,公噸,0,公噸,0,公噸,完成核算
X0405824,三軍總醫院澎湖分院附設民眾診療服務處,2016年第4季,0.001,公噸,0,公噸,0,公噸,0.046,公噸,完成核算
X0405824,三軍總醫院澎湖分院附設民眾診療服務處,2016年第3季,0,公噸,0,公噸,0.001,公噸,0.091,公噸,完成核算
X0405735,新來來租賃行,2016年第3季,0,公噸,0,公噸,0.01,公噸,0.007,公噸,完成核算
X0405735,新來來租賃行,2016年第4季,0,公噸,0,公噸,0.01,公噸,0.007,公噸,完成核算
X0405655,嘉華大飯店有限公司,2016年第3季,0,公噸,0,公噸,0,公噸,0.004,公噸,完成核算
X0405655,嘉華大飯店有限公司,2016年第4季,0,公噸,0,公噸,0,公噸,0.004,公噸,完成核算
X0405575,衛生福利部澎湖老人之家,2016年第3季,0.001,公噸,0,公噸,0,公噸,0.001,公噸,完成核算
X0405575,衛生福利部澎湖老人之家,2016年第4季,0.001,公噸,0,公噸,0,公噸,0.002,公噸,完成核算
X0405128,和順企業行,2016年第4季,0.016,公噸,0,公噸,0.1,公噸,0.069,公噸,完成核算
X0405128,和順企業行,2016年第3季,0.014,公噸,0,公噸,0.171,公噸,0.119,公噸,完成核算
X0405093,皓仁預拌企業有限公司,2016年第3季,0,公噸,0.79,公噸,0,公噸,0,公噸,完成季登錄確認
X0405093,皓仁預拌企業有限公司,2016年第4季,0,公噸,1.206,公噸,0,公噸,0,公噸,完成季登錄確認
X0402341,豪信預拌混凝土有限公司,2016年第3季,0,公噸,0,公噸,0,公噸,0,公噸,完成申報
X0402341,豪信預拌混凝土有限公司,2016年第4季,0,公噸,0.138,公噸,0,公噸,0,公噸,完成季登錄確認
X0402243,興周造船廠,2016年第3季,0.035,公噸,0,公噸,0,公噸,0,公噸,完成核算
X0402243,興周造船廠,2016年第4季,0.035,公噸,0,公噸,0,公噸,0,公噸,完成核算
X0402038,澎興造船廠,2016年第3季,0,公噸,0,公噸,0,公噸,0,公噸,完成核算
X0402038,澎興造船廠,2016年第4季,0,公噸,0,公噸,0,公噸,0,公噸,完成核算
X0402010,昇億船舶工業股份有限公司,2016年第3季,0,公噸,0,公噸,0,公噸,0,公噸,完成核算
X0402010,昇億船舶工業股份有限公司,2016年第4季,0.004,公噸,0,公噸,0,公噸,0,公噸,完成核算
X0402001,行政院農業委員會水產試驗所澎湖海洋生物研究中心馬公試驗場,2016年第3季,0,公噸,0,公噸,0,公噸,0,公噸,完成核算
X0402001,行政院農業委員會水產試驗所澎湖海洋生物研究中心馬公試驗場,2016年第4季,0,公噸,0,公噸,0,公噸,0,公噸,完成核算
X0401906,中鼎豆類食品工廠,2016年第3季,0,公噸,0,公噸,0.086,公噸,0.059,公噸,完成核算
X0401906,中鼎豆類食品工廠,2016年第4季,0,公噸,0,公噸,0.103,公噸,0.071,公噸,完成核算
X0401862,寰一實業有限公司,2016年第3季,0,公噸,0,公噸,0.137,公噸,0.095,公噸,完成核算
X0401862,寰一實業有限公司,2016年第4季,0,公噸,0,公噸,0.325,公噸,0.225,公噸,完成核算
X0401728,佳期企業股份有限公司,2016年第4季,0,公噸,0,公噸,0,公噸,0.006,公噸,完成核算
X0401728,佳期企業股份有限公司,2016年第3季,0,公噸,0,公噸,0,公噸,0.007,公噸,完成核算
X0401719,勝國大飯店股份有限公司,2016年第3季,0,公噸,0,公噸,0.036,公噸,0.025,公噸,完成核算
X0401719,勝國大飯店股份有限公司,2016年第4季,0,公噸,0,公噸,0.036,公噸,0.025,公噸,完成核算
X0401657,澎湖縣馬公市中興國民小學,2016年第3季,0,公噸,0,公噸,0,公噸,0.002,公噸,完成核算
X0401657,澎湖縣馬公市中興國民小學,2016年第4季,0,公噸,0,公噸,0,公噸,0.002,公噸,完成核算
X0401639,澎湖縣馬公市中正國民小學,2016年第3季,0,公噸,0,公噸,0,公噸,0.001,公噸,完成核算
X0401639,澎湖縣馬公市中正國民小學,2016年第4季,0,公噸,0,公噸,0,公噸,0.003,公噸,完成核算
X0401586,台灣電力股份有限公司澎湖區營業處虎井發電廠,2016年第4季,0.006,公噸,0,公噸,0.001,公噸,5.832,公噸,完成核算
X0401586,台灣電力股份有限公司澎湖區營業處虎井發電廠,2016年第3季,0.005,公噸,0,公噸,0.002,公噸,6.946,公噸,完成核算
X0401577,華勇預拌混凝土有限公司,2016年第3季,0,公噸,0.631,公噸,0,公噸,0,公噸,完成季登錄確認
X0401577,華勇預拌混凝土有限公司,2016年第4季,0,公噸,2.109,公噸,0,公噸,0,公噸,完成季登錄確認
X0401559,龍峰預拌混凝土有限公司,2016年第4季,0,公噸,3.451,公噸,0,公噸,0,公噸,完成季登錄確認
X0401559,龍峰預拌混凝土有限公司,2016年第3季,0,公噸,4.926,公噸,0,公噸,0,公噸,完成季登錄確認
X0400132,寶華大飯店股份有限公司,2016年第3季,0,公噸,0,公噸,0,公噸,0.005,公噸,完成核算
X0400132,寶華大飯店股份有限公司,2016年第4季,0,公噸,0,公噸,0,公噸,0.005,公噸,完成核算
X0400061,郁洲瀝青工業有限公司,2016年第4季,0,公噸,0.002,公噸,0.026,公噸,0.018,公噸,完成核算
X0400061,郁洲瀝青工業有限公司,2016年第3季,0,公噸,0.135,公噸,0.006,公噸,0.004,公噸,完成核算
W0804065,華邦企業社,2016年第3季,0.003,公噸,0,公噸,0,公噸,0,公噸,完成核算
W0804065,華邦企業社,2016年第4季,0.005,公噸,0,公噸,0,公噸,0,公噸,完成核算
W0803559,台灣電力股份有限公司塔山發電廠麒麟分廠,2016年第4季,0.009,公噸,0.51,公噸,0.164,公噸,28.173,公噸,完成核算(粒狀物核算中)
W0803559,台灣電力股份有限公司塔山發電廠麒麟分廠,2016年第3季,0.01,公噸,0.687,公噸,0.221,公噸,37.533,公噸,完成核算
W0803264,開利汽車保養廠,2016年第3季,0,公噸,0,公噸,0,公噸,0,公噸,完成核算
W0803264,開利汽車保養廠,2016年第4季,0,公噸,0,公噸,0,公噸,0,公噸,完成核算
W0803255,發福車行,2016年第3季,0.006,公噸,0,公噸,0,公噸,0,公噸,完成核算
W0803255,發福車行,2016年第4季,0.006,公噸,0,公噸,0,公噸,0,公噸,完成核算
W0803059,發美營造有限公司,2016年第3季,0.008,公噸,0,公噸,0,公噸,0,公噸,完成核算
W0803059,發美營造有限公司,2016年第4季,0.008,公噸,0,公噸,0,公噸,0,公噸,完成核算
W0605446,明興汽車行,2016年第3季,0.026,公噸,0,公噸,0,公噸,0,公噸,完成核算
W0605446,明興汽車行,2016年第4季,0.032,公噸,0,公噸,0,公噸,0,公噸,完成核算
W0603693,東林汽車修護保養廠,2016年第3季,0,公噸,0,公噸,0,公噸,0,公噸,完成核算
W0603693,東林汽車修護保養廠,2016年第4季,0,公噸,0,公噸,0,公噸,0,公噸,完成核算
W0603675,金門遠東酒廠股份有限公司,2016年第3季,0,公噸,0,公噸,0,公噸,0,公噸,完成核算
W0603675,金門遠東酒廠股份有限公司,2016年第4季,0,公噸,0,公噸,0,公噸,0,公噸,完成核算
W0603666,振弘,2016年第3季,0.006,公噸,0,公噸,0,公噸,0,公噸,完成核算
W0603666,振弘,2016年第4季,0.008,公噸,0,公噸,0,公噸,0,公噸,完成核算
W0603540,金門縣殯葬管理所,2016年第3季,0.002,公噸,0,公噸,0,公噸,0,公噸,完成核算
W0603540,金門縣殯葬管理所,2016年第4季,0.002,公噸,0,公噸,0,公噸,0,公噸,完成核算
W0600021,金門酒廠實業股份有限公司金寧廠,2016年第3季,72.659,公噸,0.352,公噸,0.154,公噸,4.144,公噸,完成核算
W0600021,金門酒廠實業股份有限公司金寧廠,2016年第4季,83.999,公噸,0.373,公噸,0.182,公噸,4.83,公噸,完成核算(粒狀物核算中)
W0505245,信源汽車,2016年第3季,0.005,公噸,0,公噸,0,公噸,0,公噸,完成核算
W0505245,信源汽車,2016年第4季,0.008,公噸,0,公噸,0,公噸,0,公噸,完成核算
W0505236,穎哲企業社,2016年第3季,0.007,公噸,0,公噸,0,公噸,0,公噸,完成核算
W0505236,穎哲企業社,2016年第4季,0.008,公噸,0,公噸,0,公噸,0,公噸,完成核算
W0504775,台灣電力股份有限公司塔山發電廠,2016年第4季,0.073,公噸,6.542,公噸,72.729,公噸,713.962,公噸,完成核算(粒狀物核算中)
W0504775,台灣電力股份有限公司塔山發電廠,2016年第3季,0.098,公噸,8.878,公噸,105.814,公噸,1029.198,公噸,完成核算
W0503858,信華洗衣店,2016年第3季,0.2,公噸,0,公噸,0,公噸,0,公噸,完成核算
W0503858,信華洗衣店,2016年第4季,0.2,公噸,0,公噸,0,公噸,0,公噸,完成核算
W0503849,譽都汽車有限公司,2016年第3季,0.008,公噸,0,公噸,0,公噸,0,公噸,完成核算
W0503849,譽都汽車有限公司,2016年第4季,0.006,公噸,0,公噸,0,公噸,0,公噸,完成核算
W0503821,海濱乾洗中心,2016年第3季,0.1,公噸,0,公噸,0,公噸,0,公噸,完成核算
W0503821,海濱乾洗中心,2016年第4季,0.1,公噸,0,公噸,0,公噸,0,公噸,完成核算
W0503803,永升汽車有限公司,2016年第3季,0.005,公噸,0,公噸,0,公噸,0,公噸,完成核算
W0503803,永升汽車有限公司,2016年第4季,0.008,公噸,0,公噸,0,公噸,0,公噸,完成核算
W0503796,全進汽車股份有限公司,2016年第3季,0.023,公噸,0,公噸,0,公噸,0,公噸,完成核算
W0503796,全進汽車股份有限公司,2016年第4季,0.026,公噸,0,公噸,0,公噸,0,公噸,完成核算
W0503787,快潔洗衣店,2016年第3季,0.1,公噸,0,公噸,0,公噸,0,公噸,完成核算
W0503787,快潔洗衣店,2016年第4季,0.1,公噸,0,公噸,0,公噸,0,公噸,完成核算
W0500053,浯江大飯店股份有限公司,2016年第4季,0,公噸,0,公噸,0.002,公噸,0.023,公噸,完成核算
W0500053,浯江大飯店股份有限公司,2016年第3季,0,公噸,0,公噸,0.002,公噸,0.033,公噸,完成核算
W0500026,金門宏玻陶瓷股份有限公司,2016年第3季,0.062,公噸,0,公噸,0,公噸,0,公噸,完成核算
W0500026,金門宏玻陶瓷股份有限公司,2016年第4季,0.08,公噸,0,公噸,0,公噸,0,公噸,完成核算
W0500017,金門酒廠實業股份有限公司金城廠,2016年第3季,29.306,公噸,0.385,公噸,0.122,公噸,2.385,公噸,完成核算
W0500017,金門酒廠實業股份有限公司金城廠,2016年第4季,33.857,公噸,0.422,公噸,0.145,公噸,2.748,公噸,完成核算(粒狀物核算中)
W0406407,金門華龍酒廠股份有限公司,2016年第3季,0,公噸,0,公噸,0,公噸,0,公噸,完成核算
W0406407,金門華龍酒廠股份有限公司,2016年第4季,0,公噸,0,公噸,0,公噸,0,公噸,完成核算
W0405571,金門浯江酒廠實業股份有限公司,2016年第3季,0.043,公噸,0,公噸,0,公噸,0,公噸,完成核算
W0405571,金門浯江酒廠實業股份有限公司,2016年第4季,0,公噸,0,公噸,0,公噸,0,公噸,完成核算
W0405035,堡鋒實業有限公司,2016年第3季,0.028,公噸,0,公噸,0.004,公噸,0.007,公噸,完成核算
W0405035,堡鋒實業有限公司,2016年第4季,0.066,公噸,0,公噸,0.009,公噸,0.017,公噸,完成核算
W0404930,台灣電力股份有限公司塔山發電廠夏興分廠,2016年第4季,0.112,公噸,1.123,公噸,0.359,公噸,69.262,公噸,完成核算(粒狀物核算中)
W0404930,台灣電力股份有限公司塔山發電廠夏興分廠,2016年第3季,0.136,公噸,1.477,公噸,0.573,公噸,118.153,公噸,完成核算
W0404912,金三榮工程股份有限公司土石方資源堆置處理場,2016年第3季,0,公噸,0.291,公噸,0,公噸,0,公噸,完成季登錄確認
W0404912,金三榮工程股份有限公司土石方資源堆置處理場,2016年第4季,0,公噸,0.609,公噸,0,公噸,0,公噸,完成申報
W0404725,雨宙實業股份有限公司,2016年第3季,0.06,公噸,0,公噸,0,公噸,0,公噸,完成核算
W0404725,雨宙實業股份有限公司,2016年第4季,0.052,公噸,0,公噸,0,公噸,0,公噸,完成核算
W0404627,金門皇家酒廠股份有限公司,2016年第3季,3.28,公噸,0.122,公噸,0.017,公噸,0.178,公噸,完成核算
W0404627,金門皇家酒廠股份有限公司,2016年第4季,3.429,公噸,0.162,公噸,0.017,公噸,0.208,公噸,完成核算(粒狀物核算中)
W0403960,逢春車行,2016年第3季,0.012,公噸,0,公噸,0,公噸,0,公噸,完成核算
W0403960,逢春車行,2016年第4季,0.016,公噸,0,公噸,0,公噸,0,公噸,完成核算
W0403951,輝煌汽車行,2016年第3季,0.064,公噸,0,公噸,0,公噸,0,公噸,完成核算
W0403951,輝煌汽車行,2016年第4季,0.068,公噸,0,公噸,0,公噸,0,公噸,完成核算
W0403933,金門大順酒廠股份有限公司,2016年第3季,0,公噸,0,公噸,0,公噸,0,公噸,完成核算
W0403933,金門大順酒廠股份有限公司,2016年第4季,0.028,公噸,0,公噸,0,公噸,0,公噸,完成核算
W0403915,伸倫汽車材料行,2016年第3季,0.008,公噸,0,公噸,0,公噸,0,公噸,完成核算
W0403915,伸倫汽車材料行,2016年第4季,0.01,公噸,0,公噸,0,公噸,0,公噸,完成核算
W0403899,金門縣金門日報社,2016年第3季,0.576,公噸,0,公噸,0,公噸,0,公噸,完成核算
W0403899,金門縣金門日報社,2016年第4季,0.192,公噸,0,公噸,0,公噸,0,公噸,完成核算
W0403666,台灣中油公司油品行銷事業部高雄營業處金馬行銷中心,2016年第3季,0.991,公噸,0,公噸,0,公噸,0,公噸,完成核算
W0403666,台灣中油公司油品行銷事業部高雄營業處金馬行銷中心,2016年第4季,1.093,公噸,0,公噸,0,公噸,0,公噸,完成核算
W0403611,酒鄉股份有限公司,2016年第3季,0,公噸,0,公噸,0,公噸,0,公噸,完成核算
W0403611,酒鄉股份有限公司,2016年第4季,0,公噸,0,公噸,0,公噸,0,公噸,完成核算
W0403577,金門縣動植物防疫所,2016年第4季,0.009,公噸,0,公噸,0.052,公噸,0.078,公噸,完成核算
W0403577,金門縣動植物防疫所,2016年第3季,0.01,公噸,0,公噸,0.063,公噸,0.093,公噸,完成核算
W0400156,金三榮工程股份有限公司太湖廠,2016年第3季,0.04,公噸,3.558,公噸,0.22,公噸,0.144,公噸,完成核算
W0400156,金三榮工程股份有限公司太湖廠,2016年第4季,0.04,公噸,4.568,公噸,0.613,公噸,0.401,公噸,完成核算(粒狀物核算中)
W0400049,和發水泥瀝青預拌廠,2016年第3季,0,公噸,0,公噸,0,公噸,0,公噸,完成核算
W0400049,和發水泥瀝青預拌廠,2016年第4季,0,公噸,0,公噸,0,公噸,0,公噸,完成核算
W0400021,金門縣陶瓷廠,2016年第3季,0.024,公噸,0,公噸,0,公噸,0,公噸,完成核算
W0400021,金門縣陶瓷廠,2016年第4季,0.024,公噸,0,公噸,0,公噸,0,公噸,完成核算
V9000010,臺灣電力股份有限公司台東區營業處蘭嶼發電廠,2016年第4季,0.034,公噸,0.76,公噸,0.117,公噸,21.525,公噸,完成核算
V9000010,臺灣電力股份有限公司台東區營業處蘭嶼發電廠,2016年第3季,0.043,公噸,1.27,公噸,0.123,公噸,30.671,公噸,完成核算
V8903021,東宏行正興廠,2016年第3季,0,公噸,2.818,公噸,0,公噸,0,公噸,完成季登錄確認
V8903021,東宏行正興廠,2016年第4季,0,公噸,3.418,公噸,0,公噸,0,公噸,完成季登錄確認
V8803491,根基營造股份有限公司-台9線南迴公路安朔至草埔段C1橋梁標(0K+000~6K+300)新建工程,2016年第3季,0,公噸,2.517,公噸,0,公噸,0,公噸,完成季登錄確認
V8803491,根基營造股份有限公司-台9線南迴公路安朔至草埔段C1橋梁標(0K+000~6K+300)新建工程,2016年第4季,0,公噸,4.15,公噸,0,公噸,0,公噸,完成季登錄確認
V8803393,互助營造股份有限公司-「台9線南迴公路安朔至草埔段C2隧道標(6k+300-11K+006)新建工程,2016年第3季,0,公噸,2.235,公噸,0,公噸,0,公噸,完成季登錄確認
V8803393,互助營造股份有限公司-「台9線南迴公路安朔至草埔段C2隧道標(6k+300-11K+006)新建工程,2016年第4季,0,公噸,2.868,公噸,0,公噸,0,公噸,完成季登錄確認
V8703629,弘大開發企業股份有限公司,2016年第3季,0,公噸,0,公噸,0,公噸,0,公噸,完成核算
V8703629,弘大開發企業股份有限公司,2016年第4季,0,公噸,0,公噸,0,公噸,0,公噸,完成核算
V8703076,東山砂石股份有限公司,2016年第3季,0,公噸,0.835,公噸,0,公噸,0,公噸,完成季登錄確認
V8703076,東山砂石股份有限公司,2016年第4季,0,公噸,0.86,公噸,0,公噸,0,公噸,完成季登錄確認
V8500020,臺灣電力股份有限公司台東區營業處綠島發電廠,2016年第4季,0.027,公噸,0.78,公噸,0.113,公噸,21.131,公噸,完成核算
V8500020,臺灣電力股份有限公司台東區營業處綠島發電廠,2016年第3季,0.032,公噸,1.43,公噸,0.086,公噸,35.646,公噸,完成核算
V8403115,嘉美洗衣店,2016年第3季,0.06,公噸,0,公噸,0,公噸,0,公噸,完成核算
V8403115,嘉美洗衣店,2016年第4季,0.06,公噸,0,公噸,0,公噸,0,公噸,完成核算
V8403099,顥堅有限公司東欣廠,2016年第4季,0,公噸,1.733,公噸,0,公噸,0,公噸,完成季登錄確認
V8403099,顥堅有限公司東欣廠,2016年第3季,0,公噸,2.119,公噸,0,公噸,0,公噸,完成季登錄確認
V8403080,善若水股份有限公司台東池上工場,2016年第3季,0,公噸,0,公噸,0.095,公噸,0.066,公噸,完成核算
V8403080,善若水股份有限公司台東池上工場,2016年第4季,0,公噸,0,公噸,0.095,公噸,0.066,公噸,完成核算
V8400196,灝業採石場,2016年第3季,0,公噸,3.994,公噸,0,公噸,0,公噸,完成季登錄確認
V8400196,灝業採石場,2016年第4季,0,公噸,4.031,公噸,0,公噸,0,公噸,完成季登錄確認
V8304313,法務部矯正署台東戒治所,2016年第3季,0,公噸,0,公噸,0,公噸,0.029,公噸,完成核算
V8304313,法務部矯正署台東戒治所,2016年第4季,0,公噸,0,公噸,0,公噸,0.029,公噸,完成核算
V8303263,脫線農產行,2016年第3季,0,公噸,0,公噸,0.011,公噸,0.008,公噸,完成核算
V8303263,脫線農產行,2016年第4季,0,公噸,0,公噸,0.011,公噸,0.008,公噸,完成核算
V8300093,鹿原砂石場,2016年第4季,0,公噸,1.193,公噸,0,公噸,0,公噸,完成季登錄確認
V8300093,鹿原砂石場,2016年第3季,0,公噸,1.715,公噸,0,公噸,0,公噸,完成季登錄確認
V8203188,臺東縣長濱鄉長濱漁港,2016年第3季,0,公噸,0.653,公噸,0,公噸,0,公噸,完成季登錄確認
V8203188,臺東縣長濱鄉長濱漁港,2016年第4季,0,公噸,0.653,公噸,0,公噸,0,公噸,完成季登錄確認
V8200114,長濱鄉農會水泥預拌廠,2016年第3季,0,公噸,0,公噸,0,公噸,0,公噸,完成季登錄確認
V8200114,長濱鄉農會水泥預拌廠,2016年第4季,0,公噸,0,公噸,0,公噸,0,公噸,完成季登錄確認
V8103263,臺東縣東河鄉金樽漁港,2016年第3季,0,公噸,0,公噸,0,公噸,0,公噸,完成季登錄確認
V8103263,臺東縣東河鄉金樽漁港,2016年第4季,0,公噸,0,公噸,0,公噸,0,公噸,完成季登錄確認
V8004176,祥興砂石行,2016年第3季,0,公噸,11.142,公噸,0,公噸,0,公噸,完成季登錄確認
V8004176,祥興砂石行,2016年第4季,0,公噸,14.35,公噸,0,公噸,0,公噸,完成季登錄確認
V8000089,礐興企業股份有限公司太麻里廠,2016年第3季,0,公噸,6.151,公噸,0,公噸,0,公噸,完成季登錄確認
V8000089,礐興企業股份有限公司太麻里廠,2016年第4季,0,公噸,8.009,公噸,0,公噸,0,公噸,完成申報
V8000061,台東地區農會食品加工廠,2016年第3季,0,公噸,0,公噸,0,公噸,0,公噸,完成核算
V8000061,台東地區農會食品加工廠,2016年第4季,0,公噸,0,公噸,0.048,公噸,0.033,公噸,完成核算
V8000052,鴻達實業股份有限公司,2016年第3季,0.267,公噸,1.459,公噸,0.323,公噸,0.322,公噸,完成核算
V8000052,鴻達實業股份有限公司,2016年第4季,0.274,公噸,1.535,公噸,0.558,公噸,0.547,公噸,完成核算
V7903107,臺東縣大武鄉大武漁港,2016年第3季,0,公噸,0.65,公噸,0,公噸,0,公噸,完成季登錄確認
V7903107,臺東縣大武鄉大武漁港,2016年第4季,0,公噸,0.65,公噸,0,公噸,0,公噸,完成季登錄確認
V7900142,立原興業股份有限公司大武廠,2016年第3季,0,公噸,0.283,公噸,0,公噸,0,公噸,完成季登錄確認
V7900142,立原興業股份有限公司大武廠,2016年第4季,0,公噸,0.496,公噸,0,公噸,0,公噸,完成季登錄確認
V7900124,兄弟砂石場,2016年第3季,0,公噸,12.011,公噸,0,公噸,0,公噸,完成季登錄確認
V7900124,兄弟砂石場,2016年第4季,0,公噸,30.103,公噸,0,公噸,0,公噸,完成季登錄確認
V7900026,久明企業有限公司大武廠,2016年第3季,0,公噸,19.712,公噸,0,公噸,0,公噸,完成季登錄確認
V7900026,久明企業有限公司大武廠,2016年第4季,0,公噸,35.949,公噸,0,公噸,0,公噸,完成季登錄確認
V7805615,檜富旺有限公司,2016年第3季,0,公噸,0,公噸,0,公噸,0.006,公噸,完成核算
V7805615,檜富旺有限公司,2016年第4季,0,公噸,0,公噸,0,公噸,0.007,公噸,完成核算
V7805517,宗和食品有限公司 ?,2016年第3季,0,公噸,0,公噸,0,公噸,0.005,公噸,完成核算
V7805517,宗和食品有限公司 ?,2016年第4季,0,公噸,0,公噸,0,公噸,0.005,公噸,完成核算
V7805437,蜜月四季餐旅購有限公司知本金聯世紀酒店分公司,2016年第3季,0,公噸,0,公噸,0,公噸,0,公噸,完成核算
V7805437,蜜月四季餐旅購有限公司知本金聯世紀酒店分公司,2016年第4季,0,公噸,0,公噸,0,公噸,0,公噸,完成核算
V7805295,陸軍台東地區指揮部及本部連,2016年第3季,0,公噸,0,公噸,0,公噸,0.01,公噸,完成核算
V7805295,陸軍台東地區指揮部及本部連,2016年第4季,0,公噸,0,公噸,0,公噸,0.011,公噸,完成核算
V7803577,明峰林木業有限公司,2016年第3季,0,公噸,0,公噸,0,公噸,0,公噸,完成核算
V7803577,明峰林木業有限公司,2016年第4季,0,公噸,0,公噸,0,公噸,0,公噸,完成核算
V7803380,超能生化科技股份有限公司台東分公司初鹿牧場,2016年第3季,0,公噸,0,公噸,0.048,公噸,0.067,公噸,完成核算
V7803380,超能生化科技股份有限公司台東分公司初鹿牧場,2016年第4季,0,公噸,0,公噸,0.108,公噸,0.075,公噸,完成核算
V7803175,台東縣農會東遊季溫泉渡假村,2016年第3季,0,公噸,0,公噸,0.19,公噸,0.162,公噸,完成核算
V7803175,台東縣農會東遊季溫泉渡假村,2016年第4季,0,公噸,0,公噸,0.38,公噸,0.294,公噸,完成核算
V7800423,法務部矯正署東成技能訓練所,2016年第3季,0,公噸,0,公噸,0.156,公噸,0.108,公噸,完成核算
V7800423,法務部矯正署東成技能訓練所,2016年第4季,0,公噸,0,公噸,0.18,公噸,0.125,公噸,完成核算
V77A0985,山水居飯店股份有限公司,2016年第3季,0,公噸,0,公噸,0.019,公噸,0.013,公噸,完成核算
V77A0985,山水居飯店股份有限公司,2016年第4季,0,公噸,0,公噸,0.019,公噸,0.013,公噸,完成核算
V7703330,俊發砂石場二廠,2016年第3季,0,公噸,3.23,公噸,0,公噸,0,公噸,完成季登錄確認
V7703330,俊發砂石場二廠,2016年第4季,0,公噸,3.76,公噸,0,公噸,0,公噸,完成季登錄確認
V7703269,山水軒渡假村飯店,2016年第4季,0,公噸,0,公噸,0.076,公噸,0.053,公噸,完成核算
V7703269,山水軒渡假村飯店,2016年第3季,0,公噸,0,公噸,0.171,公噸,0.119,公噸,完成核算
V7700295,俊發砂石場,2016年第3季,0,公噸,7.75,公噸,0,公噸,0,公噸,完成季登錄確認
V7700295,俊發砂石場,2016年第4季,0,公噸,8.79,公噸,0,公噸,0,公噸,完成季登錄確認
V7700035,忠鴻瀝青廠股份有限公司溪埔廠,2016年第3季,0.011,公噸,0.106,公噸,0.03,公噸,0.025,公噸,完成核算
V7700035,忠鴻瀝青廠股份有限公司溪埔廠,2016年第4季,0.005,公噸,0.18,公噸,0.011,公噸,0.01,公噸,完成核算
V7603531,台東縣成功鎮火葬場,2016年第3季,0,公噸,0,公噸,0.003,公噸,0.035,公噸,完成核算
V7603531,台東縣成功鎮火葬場,2016年第4季,0,公噸,0,公噸,0.003,公噸,0.035,公噸,完成核算
V7603111,正群實業股份有限公司,2016年第4季,0,公噸,0.333,公噸,0,公噸,0,公噸,完成季登錄確認
V7603111,正群實業股份有限公司,2016年第3季,0,公噸,1.475,公噸,0,公噸,0,公噸,完成季登錄確認
V7603068,展憲企業有限公司,2016年第4季,0,公噸,8.374,公噸,0,公噸,0,公噸,完成季登錄確認
V7603068,展憲企業有限公司,2016年第3季,0,公噸,9.993,公噸,0,公噸,0,公噸,完成季登錄確認
V7600423,晉誠有限公司,2016年第3季,0,公噸,0.24,公噸,0,公噸,0,公噸,完成季登錄確認
V7600423,晉誠有限公司,2016年第4季,0,公噸,0.346,公噸,0,公噸,0,公噸,完成季登錄確認
V7600049,美而潔洗衣店,2016年第3季,0.01,公噸,0,公噸,0,公噸,0,公噸,完成核算
V7600049,美而潔洗衣店,2016年第4季,0.01,公噸,0,公噸,0,公噸,0,公噸,完成核算
V7600030,成功機械洗衣店,2016年第3季,0.01,公噸,0,公噸,0,公噸,0,公噸,完成核算
V7600030,成功機械洗衣店,2016年第4季,0.01,公噸,0,公噸,0,公噸,0,公噸,完成核算
V75B2156,欣統食品行,2016年第1季,0,公噸,0,公噸,0.002,公噸,0.048,公噸,完成核算
V75B2156,欣統食品行,2016年第2季,0,公噸,0,公噸,0.002,公噸,0.048,公噸,完成核算
V75B2156,欣統食品行,2016年第3季,0,公噸,0,公噸,0.002,公噸,0.048,公噸,完成核算
V75B2156,欣統食品行,2016年第4季,0,公噸,0,公噸,0.002,公噸,0.048,公噸,完成核算
V75B1633,國發醫療器材股份有限公司,2016年第3季,0,公噸,0,公噸,0.095,公噸,0.066,公噸,完成核算
V75B1633,國發醫療器材股份有限公司,2016年第4季,0,公噸,0,公噸,0.095,公噸,0.066,公噸,完成核算
V75B0982,綺麗洗衣工廠有限公司,2016年第3季,0,公噸,0,公噸,0.19,公噸,0.132,公噸,完成核算
V75B0982,綺麗洗衣工廠有限公司,2016年第4季,0,公噸,0,公噸,0.285,公噸,0.198,公噸,完成核算
V75B0071,松揚餐飲股份有限公司,2016年第3季,0,公噸,0,公噸,0,公噸,0.001,公噸,完成核算
V75B0071,松揚餐飲股份有限公司,2016年第4季,0,公噸,0,公噸,0,公噸,0.001,公噸,完成核算
V75A8731,惠捷實業有限公司台東分公司,2016年第4季,0,公噸,0,公噸,0.195,公噸,0.198,公噸,完成核算
V75A8731,惠捷實業有限公司台東分公司,2016年第3季,0,公噸,0,公噸,0.336,公噸,0.269,公噸,完成核算
V75A8662,桂田璽悅酒店股份有限公司,2016年第3季,0,公噸,0,公噸,0.022,公噸,0.274,公噸,完成核算
V75A8662,桂田璽悅酒店股份有限公司,2016年第4季,0,公噸,0,公噸,0.025,公噸,0.318,公噸,完成核算
V75A7842,宏騰砂石有限公司,2016年第4季,0,公噸,1.793,公噸,0,公噸,0,公噸,完成季登錄確認
V75A7842,宏騰砂石有限公司,2016年第3季,0,公噸,1.808,公噸,0,公噸,0,公噸,完成季登錄確認
V75A7753,臺東縣農會飼料廠,2016年第3季,0,公噸,2.382,公噸,0.284,公噸,0.197,公噸,完成核算
V75A7753,臺東縣農會飼料廠,2016年第4季,0,公噸,2.806,公噸,0.332,公噸,0.231,公噸,完成核算
V75A7723,旗魚金典商務大飯店股份有限公司,2016年第3季,0,公噸,0,公噸,0,公噸,0.008,公噸,完成核算
V75A7723,旗魚金典商務大飯店股份有限公司,2016年第4季,0,公噸,0,公噸,0,公噸,0.01,公噸,完成核算
V75A4888,瑞晟砂石有限公司,2016年第3季,0,公噸,3.792,公噸,0,公噸,0,公噸,完成季登錄確認
V75A4888,瑞晟砂石有限公司,2016年第4季,0,公噸,7.11,公噸,0,公噸,0,公噸,完成季登錄確認
V75A4531,漢岱汽車有限公司,2016年第3季,0.05,公噸,0,公噸,0,公噸,0,公噸,完成核算
V75A4531,漢岱汽車有限公司,2016年第4季,0.044,公噸,0,公噸,0,公噸,0,公噸,完成核算
V75A3969,陽宸企業有限公司,2016年第3季,0.35,公噸,9.709,公噸,0.454,公噸,0.494,公噸,完成核算
V75A3969,陽宸企業有限公司,2016年第4季,0.386,公噸,11.15,公噸,0.708,公噸,0.711,公噸,完成核算
V75A3870,東茂屠宰場,2016年第3季,0,公噸,0,公噸,0,公噸,0.001,公噸,完成核算
V75A3870,東茂屠宰場,2016年第4季,0,公噸,0,公噸,0,公噸,0.002,公噸,完成核算
V75A3840,開達休閒開發股份有限公司,2016年第4季,0,公噸,0,公噸,0.101,公噸,0.07,公噸,完成核算
V75A3840,開達休閒開發股份有限公司,2016年第3季,0,公噸,0,公噸,0.114,公噸,0.079,公噸,完成核算
V75A3474,鈜業企業有限公司,2016年第3季,0,公噸,8.728,公噸,0,公噸,0,公噸,完成季登錄確認
V75A3474,鈜業企業有限公司,2016年第4季,0,公噸,9.372,公噸,0,公噸,0,公噸,完成季登錄確認
V75A2703,臺東縣臺東市公所(殯葬管理所),2016年第4季,0,公噸,0,公噸,0.005,公噸,0.058,公噸,完成核算
V75A2703,臺東縣臺東市公所(殯葬管理所),2016年第3季,0,公噸,0,公噸,0.005,公噸,0.064,公噸,完成核算
V75A2090,深盈汽車保養廠股份有限公司,2016年第3季,0.144,公噸,0,公噸,0,公噸,0,公噸,完成核算
V75A2090,深盈汽車保養廠股份有限公司,2016年第4季,0.058,公噸,0,公噸,0,公噸,0,公噸,完成核算
V7512345,教學用帳號,2016年第4季,0,公噸,0.11,公噸,0,公噸,0,公噸,申報補件
V7506742,連誠汽車股份有限公司,2016年第3季,0.143,公噸,0,公噸,0.01,公噸,0.007,公噸,完成核算
V7506742,連誠汽車股份有限公司,2016年第4季,0.199,公噸,0,公噸,0.015,公噸,0.01,公噸,完成核算
V7506555,雲橋工程技術顧問有限公司,2016年第4季,0.252,公噸,0,公噸,0,公噸,0,公噸,完成核算
V7506313,娜路彎大酒店股份有限公司,2016年第3季,0,公噸,0,公噸,0,公噸,0,公噸,完成核算
V7506313,娜路彎大酒店股份有限公司,2016年第4季,0,公噸,0,公噸,0,公噸,0,公噸,完成核算
V7506304,明德豆沙廠,2016年第4季,0,公噸,0,公噸,0.01,公噸,0.007,公噸,完成核算
V7506304,明德豆沙廠,2016年第3季,0,公噸,0,公噸,0.023,公噸,0.016,公噸,完成核算
V7506288,早點大王,2016年第3季,0,公噸,0,公噸,0.066,公噸,0.046,公噸,完成核算
V7506288,早點大王,2016年第4季,0,公噸,0,公噸,0.066,公噸,0.046,公噸,完成核算
V7506233,東之鄉洗衣有限公司,2016年第3季,0,公噸,0,公噸,0.19,公噸,0.132,公噸,完成核算
V7506233,東之鄉洗衣有限公司,2016年第4季,0,公噸,0,公噸,0.475,公噸,0.329,公噸,完成核算
V7504999,益源砂石有限公司,2016年第3季,0,公噸,0.394,公噸,0,公噸,0,公噸,完成季登錄確認
V7504999,益源砂石有限公司,2016年第4季,0,公噸,0.394,公噸,0,公噸,0,公噸,完成季登錄確認
V7504962,葉堂鑫,2016年第4季,0,公噸,0,公噸,0,公噸,0,公噸,完成核算
V7504962,葉堂鑫,2016年第3季,0,公噸,0,公噸,0.006,公噸,0.004,公噸,完成核算
V7504944,林珍唐,2016年第3季,0,公噸,0,公噸,0,公噸,0,公噸,完成核算
V7504944,林珍唐,2016年第4季,0,公噸,0,公噸,0.038,公噸,0.026,公噸,完成核算
V7504926,復盛食品廠,2016年第3季,0,公噸,0,公噸,0,公噸,0,公噸,完成核算
V7504926,復盛食品廠,2016年第4季,0,公噸,0,公噸,0,公噸,0,公噸,完成核算
V7504917,新馨股份有限公司,2016年第3季,0,公噸,0,公噸,0,公噸,0,公噸,完成核算
V7504917,新馨股份有限公司,2016年第4季,0,公噸,0,公噸,0,公噸,0,公噸,完成核算
V7504873,上勇開發有限公司,2016年第3季,0,公噸,0.245,公噸,0,公噸,0,公噸,完成季登錄確認
V7504873,上勇開發有限公司,2016年第4季,0,公噸,0.449,公噸,0,公噸,0,公噸,完成季登錄確認
V7504775,東輝屠宰場,2016年第4季,0,公噸,0,公噸,0,公噸,0.008,公噸,完成核算
V7504775,東輝屠宰場,2016年第3季,0,公噸,0,公噸,0,公噸,0.009,公噸,完成核算
V7504720,澄憶企業有限公司,2016年第4季,0,公噸,0.08,公噸,0,公噸,0,公噸,完成季登錄確認
V7504720,澄憶企業有限公司,2016年第3季,0,公噸,0.1,公噸,0,公噸,0,公噸,完成季登錄確認
V7504711,佛昀企業有限公司,2016年第3季,0,公噸,1.109,公噸,0,公噸,0,公噸,完成季登錄確認
V7504711,佛昀企業有限公司,2016年第4季,0,公噸,1.109,公噸,0,公噸,0,公噸,完成申報
V7504659,富甲屠宰場,2016年第3季,0,公噸,0,公噸,0,公噸,0.004,公噸,完成核算
V7504659,富甲屠宰場,2016年第4季,0,公噸,0,公噸,0,公噸,0.004,公噸,完成核算
V7504542,儷珍洗衣店,2016年第3季,0.15,公噸,0,公噸,0,公噸,0,公噸,完成核算
V7504542,儷珍洗衣店,2016年第4季,0.15,公噸,0,公噸,0,公噸,0,公噸,完成核算
V7504533,家新洗衣店,2016年第3季,0.05,公噸,0,公噸,0,公噸,0,公噸,完成核算
V7504533,家新洗衣店,2016年第4季,0.05,公噸,0,公噸,0,公噸,0,公噸,完成核算
V7504515,阿信洗衣部,2016年第3季,0.05,公噸,0,公噸,0,公噸,0,公噸,完成核算
V7504515,阿信洗衣部,2016年第4季,0.05,公噸,0,公噸,0,公噸,0,公噸,完成核算
V7504480,全麗潔洗衣店,2016年第3季,0.15,公噸,0,公噸,0,公噸,0,公噸,完成核算
V7504480,全麗潔洗衣店,2016年第4季,0.15,公噸,0,公噸,0,公噸,0,公噸,完成核算
V7504462,明潔洗衣店,2016年第3季,0.01,公噸,0,公噸,0,公噸,0,公噸,完成核算
V7504462,明潔洗衣店,2016年第4季,0.01,公噸,0,公噸,0,公噸,0,公噸,完成核算
V7504453,麗新快洗,2016年第3季,0.05,公噸,0,公噸,0,公噸,0,公噸,完成核算
V7504453,麗新快洗,2016年第4季,0.05,公噸,0,公噸,0,公噸,0,公噸,完成核算
V7504444,高尚洗衣店,2016年第3季,0.03,公噸,0,公噸,0,公噸,0,公噸,完成核算
V7504444,高尚洗衣店,2016年第4季,0.03,公噸,0,公噸,0,公噸,0,公噸,完成核算
V7504060,永固企業社,2016年第3季,0,公噸,0,公噸,0,公噸,0,公噸,完成季登錄確認
V7504060,永固企業社,2016年第4季,0,公噸,0,公噸,0,公噸,0,公噸,完成季登錄確認
V7503876,鴻進汽車有限公司,2016年第3季,0.184,公噸,0,公噸,0,公噸,0,公噸,完成核算
V7503876,鴻進汽車有限公司,2016年第4季,0.176,公噸,0,公噸,0,公噸,0,公噸,完成核算
V7502502,福昌行,2016年第3季,0,公噸,0,公噸,0.006,公噸,0.004,公噸,完成核算
V7502502,福昌行,2016年第4季,0,公噸,0,公噸,0.008,公噸,0.005,公噸,完成核算
V7502486,國都商務旅館,2016年第3季,0,公噸,0,公噸,0.011,公噸,0.008,公噸,完成核算
V7502486,國都商務旅館,2016年第4季,0,公噸,0,公噸,0.011,公噸,0.008,公噸,完成核算
V7502253,英倫旅店,2016年第3季,0,公噸,0,公噸,0,公噸,0.003,公噸,完成核算
V7502253,英倫旅店,2016年第4季,0,公噸,0,公噸,0,公噸,0.003,公噸,完成核算
V7502244,金龍大旅社,2016年第3季,0,公噸,0,公噸,0.008,公噸,0.005,公噸,完成核算
V7502244,金龍大旅社,2016年第4季,0,公噸,0,公噸,0.008,公噸,0.005,公噸,完成核算
V7502217,世紀旅社,2016年第3季,0,公噸,0,公噸,0.008,公噸,0.005,公噸,完成核算
V7502217,世紀旅社,2016年第4季,0,公噸,0,公噸,0.008,公噸,0.005,公噸,完成核算
V7502182,統一旅社,2016年第4季,0,公噸,0,公噸,0,公噸,0,公噸,完成核算
V7502182,統一旅社,2016年第3季,0,公噸,0,公噸,0.011,公噸,0.008,公噸,完成核算
V7502173,君安旅店,2016年第3季,0,公噸,0,公噸,0,公噸,0.001,公噸,完成核算
V7502173,君安旅店,2016年第4季,0,公噸,0,公噸,0,公噸,0.001,公噸,完成核算
V7502093,新福治大旅社,2016年第3季,0,公噸,0,公噸,0.017,公噸,0.012,公噸,完成核算
V7502093,新福治大旅社,2016年第4季,0,公噸,0,公噸,0.023,公噸,0.016,公噸,完成核算
V7502020,旅行家商務會館,2016年第3季,0,公噸,0,公噸,0,公噸,0,公噸,完成核算
V7502020,旅行家商務會館,2016年第4季,0,公噸,0,公噸,0.004,公噸,0.003,公噸,完成核算
V7502002,皇冠大旅社,2016年第3季,0,公噸,0,公噸,0.004,公噸,0.003,公噸,完成核算
V7502002,皇冠大旅社,2016年第4季,0,公噸,0,公噸,0.004,公噸,0.003,公噸,完成核算
V7501952,聯亞大飯店有限公司,2016年第4季,0,公噸,0,公噸,0.023,公噸,0.016,公噸,完成核算
V7501952,聯亞大飯店有限公司,2016年第3季,0,公噸,0,公噸,0.068,公噸,0.047,公噸,完成核算
V7501916,空軍第七三七戰術戰鬥機聯隊,2016年第3季,0,公噸,0,公噸,0,公噸,0.002,公噸,完成核算
V7501916,空軍第七三七戰術戰鬥機聯隊,2016年第4季,0,公噸,0,公噸,0,公噸,0.03,公噸,完成核算
V7501907,法務部矯正署岩灣技能訓練所,2016年第4季,0,公噸,0,公噸,0.161,公噸,0.112,公噸,完成核算
V7501907,法務部矯正署岩灣技能訓練所,2016年第3季,0,公噸,0,公噸,0.186,公噸,0.129,公噸,完成核算
V7501836,興東園大旅社股份有限公司,2016年第3季,0,公噸,0,公噸,0,公噸,0,公噸,完成核算
V7501836,興東園大旅社股份有限公司,2016年第4季,0,公噸,0,公噸,0,公噸,0,公噸,完成核算
V7501783,賴永美飼料股份有限公司,2016年第3季,0,公噸,3.714,公噸,0.025,公噸,0.017,公噸,完成核算
V7501783,賴永美飼料股份有限公司,2016年第4季,0,公噸,3.813,公噸,0.026,公噸,0.018,公噸,完成核算
V7501621,有豪企業有限公司,2016年第3季,0,公噸,0,公噸,0.01,公噸,0.256,公噸,完成核算
V7501621,有豪企業有限公司,2016年第4季,0,公噸,0,公噸,0.011,公噸,0.285,公噸,完成核算
V7501612,仲捷股份有限公司,2016年第3季,0,公噸,0,公噸,0.19,公噸,0.132,公噸,完成核算
V7501612,仲捷股份有限公司,2016年第4季,0,公噸,0,公噸,0.285,公噸,0.198,公噸,完成核算
V7501498,太煌企業有限公司,2016年第4季,0,公噸,0.001,公噸,0,公噸,0,公噸,完成申報
V7501498,太煌企業有限公司,2016年第3季,0,公噸,0.003,公噸,0,公噸,0,公噸,完成季登錄確認
V7501489,佛育企業股份有限公司吉林廠,2016年第3季,0,公噸,9.549,公噸,0,公噸,0,公噸,完成季登錄確認
V7501489,佛育企業股份有限公司吉林廠,2016年第4季,0,公噸,11.368,公噸,0,公噸,0,公噸,完成季登錄確認
V7501470,本上企業有限公司,2016年第3季,0,公噸,1.569,公噸,0,公噸,0,公噸,完成季登錄確認
V7501470,本上企業有限公司,2016年第4季,0,公噸,1.967,公噸,0,公噸,0,公噸,完成申報
V7501452,仁福汽車股份有限公司,2016年第3季,0.092,公噸,0,公噸,0,公噸,0,公噸,完成核算
V7501452,仁福汽車股份有限公司,2016年第4季,0.117,公噸,0,公噸,0,公噸,0,公噸,完成核算
V7501425,國源汽車股份有限公司臺東分公司,2016年第3季,0.209,公噸,0,公噸,0,公噸,0,公噸,完成核算
V7501425,國源汽車股份有限公司臺東分公司,2016年第4季,0.35,公噸,0,公噸,0,公噸,0,公噸,完成核算
V7501381,東部汽車股份有限公司台東分公司,2016年第3季,0.305,公噸,0,公噸,0.223,公噸,0.155,公噸,完成核算
V7501381,東部汽車股份有限公司台東分公司,2016年第4季,0.295,公噸,0,公噸,0.313,公噸,0.217,公噸,完成核算
V7501372,匯豐汽車股份有限公司,2016年第3季,0.211,公噸,0,公噸,0,公噸,0,公噸,完成核算
V7501372,匯豐汽車股份有限公司,2016年第4季,0.177,公噸,0,公噸,0,公噸,0,公噸,完成核算
V7501327,裕發汽車修理工廠,2016年第3季,0.074,公噸,0,公噸,0,公噸,0,公噸,完成核算
V7501327,裕發汽車修理工廠,2016年第4季,0.061,公噸,0,公噸,0,公噸,0,公噸,完成核算
V7501032,台東縣肉品市場股份有限公司,2016年第4季,0,公噸,0,公噸,0.09,公噸,0.062,公噸,完成核算
V7501032,台東縣肉品市場股份有限公司,2016年第3季,0,公噸,0,公噸,0.099,公噸,0.068,公噸,完成核算
V7500991,豐邑牧場,2016年第3季,0,公噸,0,公噸,0.002,公噸,0.034,公噸,完成核算
V7500991,豐邑牧場,2016年第4季,0,公噸,0,公噸,0.002,公噸,0.034,公噸,完成核算
V7500857,馬偕紀念醫院台東分院,2016年第3季,0,公噸,0.026,公噸,0.074,公噸,0.161,公噸,完成核算
V7500857,馬偕紀念醫院台東分院,2016年第4季,0,公噸,0.032,公噸,0.089,公噸,0.193,公噸,完成核算
V7500777,中華紙漿股份有限公司台東廠,2016年第3季,0.002,公噸,11.394,公噸,24.648,公噸,26.458,公噸,完成核算
V7500777,中華紙漿股份有限公司台東廠,2016年第4季,0.002,公噸,12.246,公噸,17.298,公噸,26.8,公噸,完成核算
V7500704,寶麗晶快洗中心,2016年第3季,0.03,公噸,0,公噸,0,公噸,0,公噸,完成核算
V7500704,寶麗晶快洗中心,2016年第4季,0.03,公噸,0,公噸,0,公噸,0,公噸,完成核算
V7500697,寶桑洗衣店,2016年第3季,0.03,公噸,0,公噸,0,公噸,0,公噸,完成核算
V7500660,興東興業股份有限公司,2016年第3季,0,公噸,4.396,公噸,0,公噸,0,公噸,完成季登錄確認
V7500660,興東興業股份有限公司,2016年第4季,0,公噸,6.403,公噸,0,公噸,0,公噸,完成季登錄確認
V7500580,新光洗衣部,2016年第3季,0.02,公噸,0,公噸,0,公噸,0,公噸,完成核算
V7500580,新光洗衣部,2016年第4季,0.02,公噸,0,公噸,0,公噸,0,公噸,完成核算
V7500553,順成洗衣部,2016年第3季,0.038,公噸,0,公噸,0,公噸,0,公噸,完成核算
V7500553,順成洗衣部,2016年第4季,0.038,公噸,0,公噸,0,公噸,0,公噸,完成核算
V7500393,美好洗衣店,2016年第3季,0.02,公噸,0,公噸,0,公噸,0,公噸,完成核算
V7500393,美好洗衣店,2016年第4季,0.02,公噸,0,公噸,0,公噸,0,公噸,完成核算
V7500348,華利洗衣店,2016年第3季,0.04,公噸,0,公噸,0,公噸,0,公噸,完成核算
V7500348,華利洗衣店,2016年第4季,0.04,公噸,0,公噸,0,公噸,0,公噸,完成核算
V7500277,東光洗衣店,2016年第3季,0.03,公噸,0,公噸,0,公噸,0,公噸,完成核算
V7500277,東光洗衣店,2016年第4季,0.03,公噸,0,公噸,0,公噸,0,公噸,完成核算
V7500222,快潔自助洗衣店,2016年第3季,0.01,公噸,0,公噸,0,公噸,0,公噸,完成核算
V7500222,快潔自助洗衣店,2016年第4季,0.01,公噸,0,公噸,0,公噸,0,公噸,完成核算
U9903255,弘華砂石股份有限公司,2016年第3季,0,公噸,0.354,公噸,0,公噸,0,公噸,完成季登錄確認
U9903255,弘華砂石股份有限公司,2016年第4季,0,公噸,0.804,公噸,0,公噸,0,公噸,完成季登錄確認
U97A0049,鈺峻興業有限公司,2016年第4季,0,公噸,1.06,公噸,0,公噸,0,公噸,完成季登錄確認
U97A0049,鈺峻興業有限公司,2016年第3季,0,公噸,1.145,公噸,0,公噸,0,公噸,完成季登錄確認
U97A0039,花蓮縣光豐地區農會肉品加工場,2016年第3季,0,公噸,0,公噸,0,公噸,0,公噸,完成核算
U97A0039,花蓮縣光豐地區農會肉品加工場,2016年第4季,0,公噸,0,公噸,0,公噸,0,公噸,完成核算
U9700245,立順瀝青有限公司,2016年第3季,0.154,公噸,2.551,公噸,0.932,公噸,0.696,公噸,完成核算
U9700245,立順瀝青有限公司,2016年第4季,0.288,公噸,4.636,公噸,1.502,公噸,0.998,公噸,完成核算
U9700218,政旺企業股份有限公司,2016年第4季,0,公噸,2.143,公噸,0,公噸,0,公噸,完成季登錄確認
U9700218,政旺企業股份有限公司,2016年第3季,0,公噸,3.431,公噸,0,公噸,0,公噸,完成季登錄確認
U9700058,日豐窯業股份有限公司,2016年第3季,0.057,公噸,2.848,公噸,0.29,公噸,0.68,公噸,完成核算
U9700058,日豐窯業股份有限公司,2016年第4季,0.343,公噸,19.233,公噸,1.636,公噸,3.718,公噸,完成核算
U96A0094,臺灣基督教門諾會醫療財團法人門諾醫院壽豐分院及老人照顧社區,2016年第3季,0,公噸,0,公噸,0.228,公噸,0.173,公噸,完成核算
U96A0094,臺灣基督教門諾會醫療財團法人門諾醫院壽豐分院及老人照顧社區,2016年第4季,0,公噸,0,公噸,0.342,公噸,0.237,公噸,完成核算
U9604328,木村屠宰場,2016年第4季,0,公噸,0,公噸,0.057,公噸,0.04,公噸,完成核算
U9604328,木村屠宰場,2016年第3季,0,公噸,0,公噸,0.085,公噸,0.059,公噸,完成核算
U9604079,衛生福利部玉里醫院溪口精神護理之家,2016年第3季,0,公噸,0,公噸,0,公噸,0.002,公噸,完成核算
U9604079,衛生福利部玉里醫院溪口精神護理之家,2016年第4季,0,公噸,0,公噸,0,公噸,0.006,公噸,完成核算
U9601121,遠雄悅來大飯店股份有限公司,2016年第3季,0.001,公噸,0,公噸,0.001,公噸,0.098,公噸,完成核算
U9601121,遠雄悅來大飯店股份有限公司,2016年第4季,0,公噸,0,公噸,0.001,公噸,0.102,公噸,完成核算
U9601032,鳳勝實業股份有限公司壽豐廠,2016年第3季,0,公噸,5.789,公噸,0,公噸,0,公噸,完成季登錄確認
U9601032,鳳勝實業股份有限公司壽豐廠,2016年第4季,0,公噸,8.347,公噸,0,公噸,0,公噸,申報補件
U9600124,台鼎水泥製品股份有限公司,2016年第3季,0,公噸,0,公噸,0.114,公噸,0.079,公噸,完成核算
U9600124,台鼎水泥製品股份有限公司,2016年第4季,0,公噸,0,公噸,0.114,公噸,0.079,公噸,完成核算
U95A3875,閎羽有限公司,2016年第3季,0,公噸,0,公噸,0.103,公噸,0.071,公噸,完成核算
U95A3875,閎羽有限公司,2016年第4季,0,公噸,0,公噸,0.171,公噸,0.119,公噸,完成核算
U95A3221,源雄有限公司,2016年第3季,0,公噸,0,公噸,0,公噸,0.01,公噸,完成核算
U95A3221,源雄有限公司,2016年第4季,0,公噸,0,公噸,0,公噸,0.013,公噸,完成核算
U95A2807,晶美利股份有限公司,2016年第3季,0,公噸,0,公噸,0.38,公噸,0.264,公噸,完成核算
U95A2807,晶美利股份有限公司,2016年第4季,0,公噸,0,公噸,0.494,公噸,0.343,公噸,完成核算
U95A0207,陸輝瀝青股份有限公司吉安瀝青混凝土拌合場,2016年第3季,0.262,公噸,1.636,公噸,0.31,公噸,0.557,公噸,完成核算
U95A0207,陸輝瀝青股份有限公司吉安瀝青混凝土拌合場,2016年第4季,0.478,公噸,3.033,公噸,0.661,公噸,1.083,公噸,完成核算
U95A0128,福田瀝青混凝土有限公司,2016年第3季,0,公噸,0.14,公噸,0,公噸,0,公噸,完成季登錄確認
U9505679,長雄預拌混凝土廠股份有限公司,2016年第3季,0,公噸,0.526,公噸,0,公噸,0,公噸,完成季登錄確認
U9505679,長雄預拌混凝土廠股份有限公司,2016年第4季,0,公噸,0.817,公噸,0,公噸,0,公噸,完成季登錄確認
U9505204,威神企業有限公司,2016年第3季,0,公噸,2.49,公噸,0,公噸,0,公噸,完成季登錄確認
U9505204,威神企業有限公司,2016年第4季,0,公噸,4.356,公噸,0,公噸,0,公噸,完成申報
U9505151,美爽爽旅館有限公司,2016年第3季,0,公噸,0,公噸,0,公噸,0.018,公噸,完成核算
U9505151,美爽爽旅館有限公司,2016年第4季,0,公噸,0,公噸,0,公噸,0.018,公噸,完成核算
U9501877,鴻興環保資源再生有限公司,2016年第3季,0,公噸,0,公噸,0,公噸,0,公噸,完成季登錄確認
U9501877,鴻興環保資源再生有限公司,2016年第4季,0,公噸,0,公噸,0,公噸,0,公噸,完成季登錄確認
U9501733,益鉅股份有限公司(干城廠),2016年第4季,0,公噸,1.673,公噸,0,公噸,0,公噸,完成季登錄確認
U9501733,益鉅股份有限公司(干城廠),2016年第3季,0,公噸,1.943,公噸,0,公噸,0,公噸,完成季登錄確認
U9500530,晶晶洗染股份有限公司,2016年第4季,0,公噸,0.09,公噸,1.309,公噸,0.913,公噸,完成核算(粒狀物核算中)
U9500530,晶晶洗染股份有限公司,2016年第3季,0,公噸,0.103,公噸,1.524,公噸,1.123,公噸,完成核算
U9500512,台亞預拌混凝土廠股份有限公司,2016年第4季,0,公噸,0.679,公噸,0,公噸,0,公噸,完成申報
U9500512,台亞預拌混凝土廠股份有限公司,2016年第3季,0,公噸,0.868,公噸,0,公噸,0,公噸,完成季登錄確認
U9500478,中華紙漿股份有限公司花蓮廠,2016年第3季,6.033,公噸,8.093,公噸,49.568,公噸,95.224,公噸,完成核算(粒狀物核算中)
U9500478,中華紙漿股份有限公司花蓮廠,2016年第4季,6.854,公噸,9.381,公噸,69.013,公噸,117.271,公噸,完成核算(粒狀物核算中)
U9500389,萬鑫營造股份有限公司,2016年第3季,0,公噸,0,公噸,0,公噸,0,公噸,完成核算
U9500389,萬鑫營造股份有限公司,2016年第4季,0.071,公噸,0,公噸,0.431,公噸,0.304,公噸,完成核算(粒狀物核算中)
U9500334,建安瀝青工業有限公司,2016年第3季,0,公噸,0,公噸,0,公噸,0,公噸,完成核算
U9500334,建安瀝青工業有限公司,2016年第4季,0,公噸,0,公噸,0,公噸,0,公噸,完成核算
U9500263,東宏水泥製品股份有限公司,2016年第3季,0,公噸,0,公噸,0,公噸,0,公噸,完成核算
U9500263,東宏水泥製品股份有限公司,2016年第4季,0,公噸,0,公噸,0.017,公噸,0.012,公噸,完成核算
U9403545,東潤水資源生技股份有限公司,2016年第4季,0,公噸,0,公噸,0,公噸,0,公噸,完成核算
U9403545,東潤水資源生技股份有限公司,2016年第3季,0,公噸,0,公噸,0.053,公噸,0.037,公噸,完成核算
U9403438,空軍第401戰術混合聯隊,2016年第4季,0,公噸,0,公噸,0,公噸,0.01,公噸,完成核算
U9403438,空軍第401戰術混合聯隊,2016年第3季,0,公噸,0,公噸,0,公噸,0.011,公噸,完成核算
U9400508,台灣中油股份有限公司油品行銷事業部東區營業處花蓮供油服務中心(北埔庫區),2016年第3季,15.522,公噸,0.001,公噸,0,公噸,0.011,公噸,完成核算
U9400508,台灣中油股份有限公司油品行銷事業部東區營業處花蓮供油服務中心(北埔庫區),2016年第4季,14.709,公噸,0.001,公噸,0,公噸,0.013,公噸,完成核算(粒狀物核算中)
U9400115,亞洲水泥股份有限公司花蓮製造廠,2016年第4季,0.001,公噸,298.038,公噸,142.604,公噸,1237.379,公噸,完成核算(粒狀物核算中)
U9400115,亞洲水泥股份有限公司花蓮製造廠,2016年第3季,0.001,公噸,319.675,公噸,169.729,公噸,1237.159,公噸,完成核算(粒狀物核算中)
U9303620,龍嬴建設有限公司玉里預拌廠,2016年第3季,0,公噸,0,公噸,0,公噸,0,公噸,完成季登錄確認
U9303620,龍嬴建設有限公司玉里預拌廠,2016年第4季,0,公噸,0,公噸,0,公噸,0,公噸,完成季登錄確認
U9303531,福大混凝土股份有限公司,2016年第4季,0,公噸,0,公噸,0,公噸,0,公噸,完成申報
U9303531,福大混凝土股份有限公司,2016年第3季,0,公噸,0.141,公噸,0,公噸,0,公噸,完成季登錄確認
U9303371,展信實業有限公司,2016年第4季,0,公噸,1.52,公噸,0,公噸,0,公噸,完成申報
U9303371,展信實業有限公司,2016年第3季,0,公噸,1.633,公噸,0,公噸,0,公噸,完成季登錄確認
U9303317,格全食品工業股份有限公司花蓮分公司,2016年第3季,0,公噸,0,公噸,0.393,公噸,0.271,公噸,完成核算
U9303317,格全食品工業股份有限公司花蓮分公司,2016年第4季,0,公噸,0,公噸,0.393,公噸,0.271,公噸,完成核算
U9303157,大元行,2016年第4季,0,公噸,3.091,公噸,0,公噸,0,公噸,完成季登錄確認
U9303157,大元行,2016年第3季,0,公噸,3.2,公噸,0,公噸,0,公噸,完成季登錄確認
U9300754,陸輝瀝青股份有限公司玉里瀝青混凝土拌合廠,2016年第3季,0.075,公噸,1.019,公噸,0.146,公噸,0.18,公噸,完成核算
U9300754,陸輝瀝青股份有限公司玉里瀝青混凝土拌合廠,2016年第4季,0.081,公噸,1.216,公噸,0.194,公噸,0.202,公噸,完成核算
U92A0074,新光兆豐股份有限公司花蓮分公司,2016年第3季,0,公噸,0,公噸,0.137,公噸,0.116,公噸,完成核算
U92A0074,新光兆豐股份有限公司花蓮分公司,2016年第4季,0,公噸,0,公噸,0.228,公噸,0.204,公噸,完成核算
U92A0024,立得砂石股份有限公司,2016年第4季,0,公噸,0.998,公噸,0,公噸,0,公噸,完成季登錄確認
U92A0024,立得砂石股份有限公司,2016年第3季,0,公噸,1.425,公噸,0,公噸,0,公噸,完成季登錄確認
U9290002,花蓮縣醫師公會(共同清除處理),2016年第4季,0.058,公噸,0,公噸,0.018,公噸,0.166,公噸,完成核算
U9290002,花蓮縣醫師公會(共同清除處理),2016年第3季,0.06,公噸,0,公噸,0.018,公噸,0.171,公噸,完成核算
U9203214,花蓮縣中區區域性垃圾衛生掩埋場,2016年第3季,0,公噸,0,公噸,0,公噸,0,公噸,完成季登錄確認
U9203214,花蓮縣中區區域性垃圾衛生掩埋場,2016年第4季,0,公噸,0,公噸,0,公噸,0,公噸,完成季登錄確認
U9200311,花建實業有限公司,2016年第3季,0,公噸,0.78,公噸,0,公噸,0,公噸,完成季登錄確認
U9200311,花建實業有限公司,2016年第4季,0,公噸,1.267,公噸,0,公噸,0,公噸,完成季登錄確認
U9200204,花蓮縣肉品市場股份有限公司,2016年第3季,0,公噸,0,公噸,0.201,公噸,0.148,公噸,完成核算
U9200204,花蓮縣肉品市場股份有限公司,2016年第4季,0,公噸,0,公噸,0.196,公噸,0.149,公噸,完成核算
U91A5148,宏新洗衣股份有限公司,2016年第3季,0,公噸,0,公噸,0.032,公噸,0.022,公噸,完成核算
U91A5148,宏新洗衣股份有限公司,2016年第4季,0,公噸,0,公噸,0.032,公噸,0.022,公噸,完成核算
U91A3726,銓順洗衣有限公司(二廠),2016年第3季,0,公噸,0,公噸,0.224,公噸,0.156,公噸,完成核算
U91A3726,銓順洗衣有限公司(二廠),2016年第4季,0,公噸,0,公噸,0.258,公噸,0.179,公噸,完成核算
U91A3469,德久食品有限公司,2016年第3季,0,公噸,0,公噸,0.057,公噸,0.04,公噸,完成核算
U91A3469,德久食品有限公司,2016年第4季,0,公噸,0,公噸,0.057,公噸,0.04,公噸,完成核算
U91A2025,永發屠宰場,2016年第3季,0,公噸,0,公噸,0,公噸,0.004,公噸,完成核算
U91A2025,永發屠宰場,2016年第4季,0,公噸,0,公噸,0,公噸,0.004,公噸,完成核算
U91A2015,百悅休閒飯店有限公司,2016年第3季,0,公噸,0,公噸,0,公噸,0,公噸,完成核算
U91A2015,百悅休閒飯店有限公司,2016年第4季,0,公噸,0,公噸,0,公噸,0,公噸,完成核算
U91A1899,小旅行迷你旅店,2016年第3季,0,公噸,0,公噸,0,公噸,0.005,公噸,完成核算
U91A1899,小旅行迷你旅店,2016年第4季,0,公噸,0,公噸,0,公噸,0.005,公噸,完成核算
U91A1889,洄瀾窩青年旅舍股份有限公司,2016年第3季,0,公噸,0,公噸,0,公噸,0,公噸,完成核算
U91A1889,洄瀾窩青年旅舍股份有限公司,2016年第4季,0,公噸,0,公噸,0,公噸,0,公噸,完成核算
U91A1641,花蓮海悅酒店有限公司,2016年第3季,0,公噸,0,公噸,0,公噸,0,公噸,完成核算
U91A1641,花蓮海悅酒店有限公司,2016年第4季,0,公噸,0,公噸,0,公噸,0,公噸,完成核算
U91A1077,曾記(米麻)糬股份有限公司,2016年第4季,0,公噸,0,公噸,0,公噸,0.003,公噸,完成核算
U91A1077,曾記(米麻)糬股份有限公司,2016年第3季,0,公噸,0,公噸,0,公噸,0.004,公噸,完成核算
U91A0732,台灣海洋深層水股份有限公司,2016年第4季,0,公噸,0.032,公噸,0.353,公噸,0.199,公噸,完成核算
U91A0732,台灣海洋深層水股份有限公司,2016年第3季,0,公噸,0.045,公噸,0.369,公噸,0.207,公噸,完成核算
U9107593,明水企業社明水園飯店,2016年第3季,0,公噸,0,公噸,0,公噸,0.002,公噸,完成核算
U9107593,明水企業社明水園飯店,2016年第4季,0,公噸,0,公噸,0,公噸,0.002,公噸,完成核算
U9106498,晉瑜企業股份有限公司花蓮研磨廠,2016年第3季,0,公噸,0.802,公噸,0.14,公噸,0.733,公噸,完成核算
U9106498,晉瑜企業股份有限公司花蓮研磨廠,2016年第4季,0,公噸,0.989,公噸,0.187,公噸,0.979,公噸,完成核算
U9106425,益鉅股份有限公司（花蓮港控管裝卸中心）,2016年第3季,0,公噸,3.594,公噸,0,公噸,0,公噸,完成季登錄確認
U9106425,益鉅股份有限公司（花蓮港控管裝卸中心）,2016年第4季,0,公噸,3.904,公噸,0,公噸,0,公噸,完成季登錄確認
U9106416,光華礦務股份有限公司（花蓮港控管裝卸中心）,2016年第3季,0,公噸,7.454,公噸,0,公噸,0,公噸,完成季登錄確認
U9106416,光華礦務股份有限公司（花蓮港控管裝卸中心）,2016年第4季,0,公噸,9.051,公噸,0,公噸,0,公噸,完成申報
U9106381,銓順洗衣有限公司,2016年第4季,0,公噸,0,公噸,1.045,公噸,0.725,公噸,完成核算
U9106381,銓順洗衣有限公司,2016年第3季,0,公噸,0,公噸,1.14,公噸,0.791,公噸,完成核算
U9103175,新毅格有限公司-新格大飯店,2016年第4季,0,公噸,0,公噸,0,公噸,0.003,公噸,完成核算
U9103175,新毅格有限公司-新格大飯店,2016年第3季,0,公噸,0,公噸,0,公噸,0.004,公噸,完成核算
U9102990,華王食品股份有限公司,2016年第3季,0,公噸,0,公噸,0.001,公噸,0.087,公噸,完成核算
U9102990,華王食品股份有限公司,2016年第4季,0,公噸,0,公噸,0.001,公噸,0.104,公噸,完成核算
U9102945,中國鋼鐵股份有限公司花蓮石料場,2016年第4季,0,公噸,5.794,公噸,0,公噸,0,公噸,完成季登錄確認
U9102945,中國鋼鐵股份有限公司花蓮石料場,2016年第3季,0,公噸,6.159,公噸,0,公噸,0,公噸,完成季登錄確認
U9102927,東台開發股份有限公司,2016年第4季,0.008,公噸,0.072,公噸,0.074,公噸,0.05,公噸,完成核算
U9102927,東台開發股份有限公司,2016年第3季,0.012,公噸,0.095,公噸,0.076,公噸,0.051,公噸,完成核算
U9102749,台灣中油股份有限公司油品行銷事業部東區營業處花蓮供油服務中心(花蓮庫區),2016年第3季,0.286,公噸,0,公噸,0,公噸,0.008,公噸,完成核算
U9102749,台灣中油股份有限公司油品行銷事業部東區營業處花蓮供油服務中心(花蓮庫區),2016年第4季,0.627,公噸,0,公噸,0,公噸,0.011,公噸,完成核算
U9102614,全一泡力龍企業有限公司,2016年第4季,0.005,公噸,0,公噸,0.067,公噸,0.046,公噸,完成核算
U9102614,全一泡力龍企業有限公司,2016年第3季,0.012,公噸,0,公噸,0.071,公噸,0.049,公噸,完成核算
U9102570,交通部臺灣鐵路管理局花蓮機廠,2016年第3季,0.375,公噸,0,公噸,0,公噸,0,公噸,完成核算
U9102570,交通部臺灣鐵路管理局花蓮機廠,2016年第4季,0.43,公噸,0,公噸,0,公噸,0,公噸,完成核算
U9102427,慈濟學校財團法人慈濟大學,2016年第4季,0,公噸,0,公噸,0,公噸,0.035,公噸,完成核算
U9102427,慈濟學校財團法人慈濟大學,2016年第3季,0,公噸,0,公噸,0,公噸,0.058,公噸,完成核算
U9102221,宜津企業股份有限公司花蓮分公司,2016年第3季,0,公噸,0,公噸,0.565,公噸,0.472,公噸,完成核算
U9102221,宜津企業股份有限公司花蓮分公司,2016年第4季,0,公噸,0,公噸,0.622,公噸,0.52,公噸,完成核算
U9102070,山水商務旅店,2016年第4季,0,公噸,0,公噸,0.003,公噸,0.002,公噸,完成核算
U9102070,山水商務旅店,2016年第3季,0,公噸,0,公噸,0.019,公噸,0.013,公噸,完成核算
U9102025,悅遠企業有限公司,2016年第3季,0,公噸,0,公噸,0.028,公噸,0.02,公噸,完成核算
U9102025,悅遠企業有限公司,2016年第4季,0,公噸,0,公噸,0.028,公噸,0.02,公噸,完成核算
U9102007,鴻偉商旅股份有限公司,2016年第4季,0,公噸,0,公噸,0,公噸,0.004,公噸,完成核算
U9102007,鴻偉商旅股份有限公司,2016年第3季,0,公噸,0,公噸,0,公噸,0.006,公噸,完成核算
U9101975,鈞莊綜合開發有限公司,2016年第3季,0,公噸,0,公噸,0,公噸,0,公噸,完成核算
U9101975,鈞莊綜合開發有限公司,2016年第4季,0,公噸,0,公噸,0,公噸,0,公噸,完成核算
U9101206,雲朗觀光股份有限公司花蓮分公司,2016年第3季,0,公噸,0,公噸,0.332,公噸,0.231,公噸,完成核算
U9101206,雲朗觀光股份有限公司花蓮分公司,2016年第4季,0,公噸,0,公噸,0.57,公噸,0.395,公噸,完成核算
U9101199,統帥大飯店股份有限公司,2016年第3季,0,公噸,0,公噸,0.57,公噸,0.395,公噸,完成核算
U9101199,統帥大飯店股份有限公司,2016年第4季,0,公噸,0,公噸,0.741,公噸,0.514,公噸,完成核算
U9101064,佛教慈濟醫療財團法人花蓮慈濟醫院,2016年第3季,0,公噸,0,公噸,0.002,公噸,0.215,公噸,完成核算
U9101064,佛教慈濟醫療財團法人花蓮慈濟醫院,2016年第4季,0,公噸,0,公噸,0.002,公噸,0.244,公噸,完成核算
U9101055,臺灣基督教門諾會醫療財團法人門諾醫院,2016年第3季,0,公噸,0,公噸,0.277,公噸,0.192,公噸,完成核算
U9101055,臺灣基督教門諾會醫療財團法人門諾醫院,2016年第4季,0,公噸,0,公噸,0.288,公噸,0.2,公噸,完成核算
U9101019,臺灣菸酒股份有限公司花蓮酒廠,2016年第3季,20.189,公噸,0.272,公噸,0.351,公噸,2.604,公噸,完成核算
U9101019,臺灣菸酒股份有限公司花蓮酒廠,2016年第4季,19.252,公噸,0.281,公噸,0.325,公噸,2.604,公噸,完成核算
U9100987,鳳勝實業股份有限公司花蓮廠,2016年第4季,0,公噸,0.234,公噸,0,公噸,0,公噸,完成季登錄確認
U9100987,鳳勝實業股份有限公司花蓮廠,2016年第3季,0,公噸,0.276,公噸,0,公噸,0,公噸,完成季登錄確認
U9100978,台灣水泥股份有限公司花蓮廠,2016年第3季,0.003,公噸,0,公噸,0,公噸,0,公噸,完成核算
U9100978,台灣水泥股份有限公司花蓮廠,2016年第4季,0.003,公噸,0,公噸,0,公噸,0,公噸,完成核算
U9100469,否司脫洗染店,2016年第3季,0,公噸,0,公噸,0.028,公噸,0.02,公噸,完成核算
U9100469,否司脫洗染店,2016年第4季,0,公噸,0,公噸,0.038,公噸,0.026,公噸,完成核算
U0190225,合盛礦業股份有限公司,2016年第3季,0,公噸,19.696,公噸,0,公噸,0,公噸,完成季登錄確認
U0190225,合盛礦業股份有限公司,2016年第4季,0,公噸,57.359,公噸,0,公噸,0,公噸,完成申報
U0103311,福安礦業股份有限公司福安二礦,2016年第3季,0,公噸,5.415,公噸,0,公噸,0,公噸,完成季登錄確認
U0103311,福安礦業股份有限公司福安二礦,2016年第4季,0,公噸,5.749,公噸,0,公噸,0,公噸,完成季登錄確認
U0100285,欣欣水泥企業股份有限公司,2016年第4季,0,公噸,30.569,公噸,0,公噸,0,公噸,完成申報
U0100285,欣欣水泥企業股份有限公司,2016年第3季,0,公噸,30.913,公噸,0,公噸,0,公噸,完成季登錄確認
U0100267,和平工業區專用港實業股份有限公司（疏浚養灘砂石堆置場）,2016年第3季,0,公噸,1.138,公噸,0,公噸,0,公噸,完成季登錄確認
U0100267,和平工業區專用港實業股份有限公司（疏浚養灘砂石堆置場）,2016年第4季,0,公噸,8.558,公噸,0,公噸,0,公噸,完成申報
U0100258,和平電力股份有限公司和平火力發電廠,2016年第3季,0.034,公噸,138.321,公噸,995.442,公噸,657.686,公噸,完成核算(粒狀物核算中)
U0100258,和平電力股份有限公司和平火力發電廠,2016年第4季,0.038,公噸,147.322,公噸,1029.443,公噸,717.658,公噸,完成核算(粒狀物核算中)
U0100203,富山石礦企業股份有限公司,2016年第3季,0,公噸,2.164,公噸,0,公噸,0,公噸,完成季登錄確認
U0100203,富山石礦企業股份有限公司,2016年第4季,0,公噸,5.619,公噸,0,公噸,0,公噸,完成季登錄確認
U0100187,台灣水泥股份有限公司和平分公司和平廠,2016年第3季,0.001,公噸,59.709,公噸,15.975,公噸,1152.402,公噸,完成核算(粒狀物核算中)
U0100187,台灣水泥股份有限公司和平分公司和平廠,2016年第4季,0.001,公噸,30.073,公噸,18.522,公噸,1418.241,公噸,完成核算(粒狀物核算中)
U0100169,天祥晶華飯店股份有限公司,2016年第3季,0,公噸,0.044,公噸,0.46,公噸,0.3,公噸,完成核算
U0100169,天祥晶華飯店股份有限公司,2016年第4季,0,公噸,0.048,公噸,0.499,公噸,0.325,公噸,完成核算
U0100052,幸福水泥股份有限公司（福安礦場）,2016年第3季,0,公噸,0,公噸,0,公噸,0,公噸,完成季登錄確認
U0100052,幸福水泥股份有限公司（福安礦場）,2016年第4季,0,公噸,0,公噸,0,公噸,0,公噸,完成季登錄確認
U0100043,台灣水泥股份有限公司和平石礦,2016年第3季,0,公噸,0,公噸,0,公噸,0,公噸,完成季登錄確認
U0100043,台灣水泥股份有限公司和平石礦,2016年第4季,0,公噸,0,公噸,0,公噸,0,公噸,完成季登錄確認
U0003012,錦山企業有限公司,2016年第3季,0,公噸,2.989,公噸,0,公噸,0,公噸,完成季登錄確認
U0003012,錦山企業有限公司,2016年第4季,0,公噸,4.006,公噸,0,公噸,0,公噸,完成季登錄確認
T6603013,豐惇瀝青有限公司,2016年第3季,0.165,公噸,0,公噸,0.228,公噸,0.192,公噸,完成核算
T6603013,豐惇瀝青有限公司,2016年第4季,0.219,公噸,0,公噸,0.32,公噸,0.27,公噸,完成核算
T6403120,興磊砂石有限公司,2016年第3季,0,公噸,0,公噸,0,公噸,0,公噸,完成季登錄確認
T6403120,興磊砂石有限公司,2016年第4季,0,公噸,0,公噸,0,公噸,0,公噸,完成季登錄確認
T6203040,佳林屠宰場,2016年第3季,0,公噸,0,公噸,0,公噸,0.002,公噸,完成核算
T6203040,佳林屠宰場,2016年第4季,0,公噸,0,公噸,0,公噸,0.006,公噸,完成核算
T61A0183,正龍企業有限公司南州廠,2016年第4季,0,公噸,0,公噸,0.467,公噸,0.364,公噸,完成核算
T61A0183,正龍企業有限公司南州廠,2016年第3季,0,公噸,0,公噸,0.613,公噸,0.478,公噸,完成核算
T6100071,佳辰實業股份有限公司,2016年第4季,0,公噸,0,公噸,0.001,公噸,0.011,公噸,完成核算
T6100071,佳辰實業股份有限公司,2016年第3季,0,公噸,0,公噸,0.115,公噸,0.059,公噸,完成核算
T5903489,永源飼料行,2016年第3季,0,公噸,0,公噸,0.066,公噸,0.046,公噸,完成核算
T5903489,永源飼料行,2016年第4季,0,公噸,0,公噸,0.086,公噸,0.059,公噸,完成核算
T5903229,大地亮環保服務有限公司崁頂廠,2016年第3季,0,公噸,0,公噸,0.001,公噸,0.001,公噸,完成核算
T5903229,大地亮環保服務有限公司崁頂廠,2016年第4季,0,公噸,0,公噸,0.001,公噸,0.001,公噸,完成核算
T5903194,嘉益土資場有限公司,2016年第3季,0,公噸,0.004,公噸,0,公噸,0,公噸,完成季登錄確認
T5903194,嘉益土資場有限公司,2016年第4季,0,公噸,0.004,公噸,0,公噸,0,公噸,完成季登錄確認
T5903130,嘉一香食品股份有限公司,2016年第3季,0,公噸,0,公噸,0.494,公噸,0.343,公噸,完成核算
T5903130,嘉一香食品股份有限公司,2016年第4季,0,公噸,0,公噸,0.589,公噸,0.409,公噸,完成核算
T5900246,屏東縣崁頂垃圾資源回收場,2016年第4季,21.411,公噸,1.764,公噸,2.503,公噸,38.007,公噸,完成申報
T5900246,屏東縣崁頂垃圾資源回收場,2016年第3季,21.411,公噸,4.382,公噸,3.189,公噸,39.59,公噸,完成核算
T5900228,郁仔畜牧場,2016年第4季,0,公噸,0,公噸,0,公噸,0,公噸,完成核算
T5900228,郁仔畜牧場,2016年第3季,0,公噸,0,公噸,0.01,公噸,0.007,公噸,完成核算
T58A0372,重生化妝品實業有限公司新園廠,2016年第3季,0,公噸,0,公噸,0,公噸,0,公噸,完成核算
T58A0372,重生化妝品實業有限公司新園廠,2016年第4季,0,公噸,0,公噸,0,公噸,0,公噸,完成核算
T58A0352,齊集有限公司屏東廠,2016年第4季,0,公噸,0,公噸,0,公噸,0.001,公噸,完成核算
T58A0114,東瀛建材有限公司,2016年第3季,0,公噸,0.25,公噸,0,公噸,0,公噸,完成季登錄確認
T58A0114,東瀛建材有限公司,2016年第4季,0,公噸,0.526,公噸,0,公噸,0,公噸,完成季登錄確認
T5804347,福來群企業有限公司,2016年第3季,0,公噸,0.374,公噸,0,公噸,0,公噸,完成季登錄確認
T5804347,福來群企業有限公司,2016年第4季,0,公噸,0.555,公噸,0,公噸,0,公噸,完成季登錄確認
T5804338,淯暉企業股份有限公司新園分公司,2016年第3季,0,公噸,0,公噸,0.216,公噸,0.146,公噸,完成核算
T5804338,淯暉企業股份有限公司新園分公司,2016年第4季,0,公噸,0,公噸,0.324,公噸,0.219,公噸,完成核算
T5804276,成運汽車製造股份有限公司,2016年第3季,1.617,公噸,0.001,公噸,0,公噸,0,公噸,完成核算
T5804276,成運汽車製造股份有限公司,2016年第4季,3.171,公噸,0.002,公噸,0,公噸,0,公噸,完成核算
T5801033,典立塑膠股份有限公司,2016年第3季,1.258,公噸,0,公噸,0,公噸,0,公噸,完成核算
T5801033,典立塑膠股份有限公司,2016年第4季,1.399,公噸,0,公噸,0,公噸,0,公噸,完成核算
T5801006,琦泰實業股份有限公司,2016年第3季,0.034,公噸,0,公噸,0.137,公噸,0.095,公噸,完成核算
T5801006,琦泰實業股份有限公司,2016年第4季,0.034,公噸,0,公噸,0.137,公噸,0.095,公噸,完成核算
T5800992,立益飼料有限公司,2016年第4季,0,公噸,0,公噸,0.19,公噸,0.132,公噸,完成核算
T5800992,立益飼料有限公司,2016年第3季,0,公噸,0,公噸,0.532,公噸,0.369,公噸,完成核算
T5800947,忠正股份有限公司,2016年第3季,0,公噸,0.622,公噸,0,公噸,0,公噸,完成核算
T5800947,忠正股份有限公司,2016年第4季,0,公噸,1.25,公噸,0,公噸,0,公噸,完成核算
T5800385,祐全產業股份有限公司,2016年第4季,0,公噸,0,公噸,0.023,公噸,0.045,公噸,完成核算
T5800385,祐全產業股份有限公司,2016年第3季,0,公噸,0,公噸,0.037,公噸,0.055,公噸,完成核算
T5800349,國統國際股份有限公司,2016年第4季,3.01,公噸,0.597,公噸,0.47,公噸,0.338,公噸,完成核算
T5800349,國統國際股份有限公司,2016年第3季,3.27,公噸,1.537,公噸,0.64,公噸,0.586,公噸,完成核算
T5800330,金洲海洋科技股份有限公司,2016年第4季,0.271,公噸,0,公噸,0.164,公噸,0.087,公噸,完成核算
T5800330,金洲海洋科技股份有限公司,2016年第3季,0.24,公噸,0,公噸,0.228,公噸,0.158,公噸,完成核算
T5800241,懋興鐵工廠,2016年第3季,0,公噸,0,公噸,0.001,公噸,0.001,公噸,完成核算
T5800241,懋興鐵工廠,2016年第4季,0,公噸,0,公噸,0.001,公噸,0.001,公噸,完成核算
T5800223,順益木材工業股份有限公司,2016年第4季,0.002,公噸,0,公噸,0.002,公噸,0.035,公噸,完成核算
T5800223,順益木材工業股份有限公司,2016年第3季,0.009,公噸,0,公噸,0.003,公噸,0.05,公噸,完成核算
T5800161,東立飼料工業股份有限公司,2016年第3季,0,公噸,0.569,公噸,3.492,公噸,0.746,公噸,完成核算
T5800161,東立飼料工業股份有限公司,2016年第4季,0,公噸,0.578,公噸,0.98,公噸,0.628,公噸,完成核算
T5800134,李長榮實業股份有限公司製桶工廠,2016年第3季,24.438,公噸,0,公噸,0.007,公噸,0.093,公噸,完成核算
T5800134,李長榮實業股份有限公司製桶工廠,2016年第4季,26.457,公噸,0,公噸,0.008,公噸,0.104,公噸,完成核算
T5800125,宏城企業股份有限公司新園廠,2016年第3季,0,公噸,0,公噸,0,公噸,0.078,公噸,完成核算
T5800125,宏城企業股份有限公司新園廠,2016年第4季,0,公噸,0,公噸,0,公噸,0.078,公噸,完成核算
T5800116,宏昇螺旋槳股份有限公司,2016年第3季,0,公噸,0,公噸,0.114,公噸,0.079,公噸,完成核算
T5800116,宏昇螺旋槳股份有限公司,2016年第4季,0,公噸,0,公噸,0.152,公噸,0.105,公噸,完成核算
T57A0901,金皇企業股份有限公司屏南七廠,2016年第3季,0.403,公噸,0,公噸,0,公噸,0,公噸,完成核算
T57A0901,金皇企業股份有限公司屏南七廠,2016年第4季,0.434,公噸,0,公噸,0,公噸,0,公噸,完成核算
T57A0822,金皇企業股份有限公司屏南二廠,2016年第3季,0.289,公噸,0,公噸,0,公噸,0,公噸,完成核算
T57A0822,金皇企業股份有限公司屏南二廠,2016年第4季,0.356,公噸,0,公噸,0,公噸,0,公噸,完成核算
T57A0604,合順資源科技有限公司,2016年第3季,0,公噸,0,公噸,0.095,公噸,0.066,公噸,完成核算
T57A0604,合順資源科技有限公司,2016年第4季,0.669,公噸,0,公噸,0.198,公噸,0.137,公噸,完成核算
T57A0595,金皇企業股份有限公司屏南六廠,2016年第3季,5.983,公噸,0,公噸,0,公噸,0,公噸,完成核算
T57A0595,金皇企業股份有限公司屏南六廠,2016年第4季,4.11,公噸,0,公噸,0,公噸,0,公噸,完成核算
T57A0426,環拓科技股份有限公司屏南一廠,2016年第4季,0.056,公噸,0.141,公噸,0.548,公噸,2.135,公噸,核算確認中
T57A0426,環拓科技股份有限公司屏南一廠,2016年第3季,0.007,公噸,0.172,公噸,0.744,公噸,3.295,公噸,完成核算
T57A0337,協麟實業有限公司,2016年第3季,1.014,公噸,0.002,公噸,0,公噸,0,公噸,完成核算
T57A0337,協麟實業有限公司,2016年第4季,1.048,公噸,0.002,公噸,0,公噸,0,公噸,完成核算
T57A0268,建信資源科技有限公司,2016年第4季,1.143,公噸,0,公噸,0.037,公噸,0.144,公噸,完成核算
T57A0268,建信資源科技有限公司,2016年第3季,1.205,公噸,0,公噸,0.031,公噸,0.126,公噸,完成核算
T57A0218,慶泓冷凍食品實業股份有限公司,2016年第3季,0,公噸,0,公噸,0.019,公噸,0.027,公噸,完成核算
T57A0218,慶泓冷凍食品實業股份有限公司,2016年第4季,0,公噸,0,公噸,0.027,公噸,0.039,公噸,完成核算
T57A0179,旭紘環保科技股份有限公司,2016年第4季,0.005,公噸,0.002,公噸,0.013,公噸,0.065,公噸,完成核算
T57A0179,旭紘環保科技股份有限公司,2016年第3季,0.008,公噸,0.002,公噸,0.021,公噸,0.117,公噸,完成核算
T57A0159,虹京金屬股份有限公司二廠,2016年第4季,0,公噸,0,公噸,0.104,公噸,0.072,公噸,完成核算
T57A0159,虹京金屬股份有限公司二廠,2016年第3季,0,公噸,0,公噸,0.332,公噸,0.231,公噸,完成核算
T57A0090,佑錸股份有限公司,2016年第4季,1.185,公噸,0,公噸,0.632,公噸,0.277,公噸,完成核算
T57A0090,佑錸股份有限公司,2016年第3季,1.136,公噸,0.431,公噸,0.582,公噸,0.192,公噸,完成核算
T5704806,興惟企業有限公司,2016年第3季,0.591,公噸,0.027,公噸,0.012,公噸,0.132,公噸,完成核算
T5704806,興惟企業有限公司,2016年第4季,0.624,公噸,0.032,公噸,0.518,公噸,0.496,公噸,完成核算
T5704744,申豐特用應材股份有限公司屏東廠,2016年第3季,7.103,公噸,0.644,公噸,4.249,公噸,2.593,公噸,完成核算
T5704744,申豐特用應材股份有限公司屏東廠,2016年第4季,8.905,公噸,0.716,公噸,4.729,公噸,2.908,公噸,核算確認中
T5704682,健合實業股份有限公司,2016年第3季,0.62,公噸,0.002,公噸,0.005,公噸,0.058,公噸,完成核算
T5704682,健合實業股份有限公司,2016年第4季,1.252,公噸,0.003,公噸,0.006,公噸,0.081,公噸,完成核算
T5704673,國泰化工廠股份有限公司屏南分公司,2016年第3季,0.059,公噸,1.243,公噸,2.585,公噸,2.733,公噸,完成核算
T5704673,國泰化工廠股份有限公司屏南分公司,2016年第4季,0.036,公噸,1.312,公噸,1.741,公噸,2.191,公噸,完成核算
T5704664,聿陽有限公司,2016年第4季,0,公噸,0,公噸,0.004,公噸,0.004,公噸,完成核算
T5704664,聿陽有限公司,2016年第3季,0,公噸,0,公噸,0.059,公噸,0.174,公噸,完成核算
T5704655,鴻亨科技有限公司屏南廠,2016年第3季,0.67,公噸,0,公噸,0.607,公噸,0.688,公噸,完成核算
T5704655,鴻亨科技有限公司屏南廠,2016年第4季,0.714,公噸,0,公噸,0.65,公噸,0.738,公噸,完成核算
T5704637,吟餘股份有限公司,2016年第4季,0,公噸,0.013,公噸,0.003,公噸,0.252,公噸,完成核算
T5704637,吟餘股份有限公司,2016年第3季,0,公噸,0.014,公噸,0.001,公噸,0.233,公噸,完成核算
T5704619,和協工程股份有限公司屏南廠,2016年第4季,4.29,公噸,0,公噸,0.028,公噸,0.592,公噸,核算確認中
T5704619,和協工程股份有限公司屏南廠,2016年第3季,3.759,公噸,0,公噸,0.03,公噸,0.791,公噸,完成核算
T5704593,新尚道企業有限公司,2016年第3季,0.341,公噸,0,公噸,0.729,公噸,0.534,公噸,完成核算
T5704593,新尚道企業有限公司,2016年第4季,0.38,公噸,0,公噸,0.862,公噸,0.628,公噸,完成核算
T5704584,鯤晟五金股份有限公司,2016年第3季,0.293,公噸,0,公噸,0.001,公噸,0.027,公噸,完成核算
T5704584,鯤晟五金股份有限公司,2016年第4季,0.236,公噸,0,公噸,0.002,公噸,0.031,公噸,完成核算
T5704566,承松企業有限公司屏南廠,2016年第4季,1.338,公噸,0.552,公噸,0.218,公噸,0.197,公噸,完成核算
T5704566,承松企業有限公司屏南廠,2016年第3季,1.513,公噸,0.582,公噸,0.23,公噸,0.208,公噸,完成核算
T5704173,億揚特殊印刷股份有限公司,2016年第3季,4.591,公噸,0,公噸,0,公噸,0,公噸,完成核算
T5704173,億揚特殊印刷股份有限公司,2016年第4季,4.484,公噸,0,公噸,0,公噸,0,公噸,核算確認中
T5704093,宏萊實業股份有限公司,2016年第3季,1.584,公噸,0.582,公噸,1.613,公噸,0.929,公噸,完成核算
T5704093,宏萊實業股份有限公司,2016年第4季,1.856,公噸,1.693,公噸,1.693,公噸,0.956,公噸,核算確認中
T5701029,肇興企業股份有限公司,2016年第3季,0,公噸,0,公噸,0.014,公噸,0.182,公噸,完成核算
T5701029,肇興企業股份有限公司,2016年第4季,0,公噸,0,公噸,0.02,公噸,0.257,公噸,完成核算
T5700997,惠華飼料有限公司,2016年第3季,0,公噸,0,公噸,0.066,公噸,0.046,公噸,完成核算
T5700997,惠華飼料有限公司,2016年第4季,0,公噸,0,公噸,0.076,公噸,0.053,公噸,完成核算
T5700871,金皇企業股份有限公司屏南三廠,2016年第3季,5.774,公噸,0,公噸,0,公噸,0,公噸,完成核算
T5700871,金皇企業股份有限公司屏南三廠,2016年第4季,4.579,公噸,0,公噸,0,公噸,0,公噸,完成核算
T5700817,金皇企業股份有限公司,2016年第3季,1.47,公噸,0.003,公噸,0.027,公噸,0.018,公噸,完成核算
T5700817,金皇企業股份有限公司,2016年第4季,1.564,公噸,0.004,公噸,0.04,公噸,0.028,公噸,完成核算
T5700728,大祥耐火材料股份有限公司,2016年第3季,0,公噸,0,公噸,0,公噸,0,公噸,完成核算
T5700728,大祥耐火材料股份有限公司,2016年第4季,0,公噸,0,公噸,0,公噸,0,公噸,完成核算
T5700719,盟鑫金屬有限公司屏南廠,2016年第3季,0.21,公噸,0,公噸,0.15,公噸,0.602,公噸,完成核算
T5700719,盟鑫金屬有限公司屏南廠,2016年第4季,0.2,公噸,0,公噸,0.299,公噸,0.694,公噸,核算確認中
T5700700,高興昌鋼鐵股份有限公司屏東分公司,2016年第3季,4.4,公噸,1.032,公噸,1.07,公噸,1.485,公噸,完成核算
T5700700,高興昌鋼鐵股份有限公司屏東分公司,2016年第4季,3.4,公噸,1.094,公噸,1.112,公噸,1.591,公噸,核算確認中
T5700693,大成長城企業股份有限公司,2016年第3季,0,公噸,0.001,公噸,1.9,公噸,1.318,公噸,完成核算
T5700693,大成長城企業股份有限公司,2016年第4季,0,公噸,0.001,公噸,1.9,公噸,1.318,公噸,完成核算
T5700657,憬懋企業股份有限公司,2016年第3季,0,公噸,0,公噸,0,公噸,0,公噸,完成核算
T5700657,憬懋企業股份有限公司,2016年第4季,0,公噸,0,公噸,0,公噸,0,公噸,完成核算
T5700620,長興材料工業股份有限公司屏南分公司,2016年第3季,5.927,公噸,0.285,公噸,5.779,公噸,4.792,公噸,完成核算
T5700620,長興材料工業股份有限公司屏南分公司,2016年第4季,5.795,公噸,0.523,公噸,8.015,公噸,6.713,公噸,核算確認中
T5700602,燁興企業股份有限公司屏南線材廠,2016年第3季,0,公噸,0.392,公噸,6.787,公噸,4.816,公噸,完成核算
T5700602,燁興企業股份有限公司屏南線材廠,2016年第4季,0,公噸,0.51,公噸,8.823,公噸,6.261,公噸,完成核算
T5700595,聯超實業股份有限公司屏南廠,2016年第4季,0.963,公噸,0.123,公噸,0.584,公噸,1.381,公噸,核算確認中
T5700595,聯超實業股份有限公司屏南廠,2016年第3季,0.905,公噸,0.132,公噸,0.647,公噸,1.495,公噸,完成核算
T5700586,新加坡商傑樂生技股份有限公司台灣分公司,2016年第3季,0,公噸,0.12,公噸,0.72,公噸,0.399,公噸,完成核算
T5700586,新加坡商傑樂生技股份有限公司台灣分公司,2016年第4季,0,公噸,0.15,公噸,1.041,公噸,0.595,公噸,完成核算
T5700442,華旗實業股份有限公司,2016年第3季,2.12,公噸,0,公噸,0,公噸,0,公噸,完成核算
T5700442,華旗實業股份有限公司,2016年第4季,2.229,公噸,0,公噸,0,公噸,0,公噸,核算確認中
T5700264,泓達化工股份有限公司,2016年第4季,1.38,公噸,0.04,公噸,0.345,公噸,0.36,公噸,核算確認中
T5700264,泓達化工股份有限公司,2016年第3季,1.399,公噸,0.043,公噸,0.374,公噸,0.387,公噸,完成核算
T5700139,德亨工業股份有限公司,2016年第4季,0,公噸,0,公噸,0.475,公噸,0.383,公噸,完成核算
T5700139,德亨工業股份有限公司,2016年第3季,0,公噸,0,公噸,0.667,公噸,0.446,公噸,完成核算
T5700068,帝興樹脂股份有限公司,2016年第3季,0.982,公噸,0.455,公噸,2.387,公噸,2.571,公噸,完成核算
T5700068,帝興樹脂股份有限公司,2016年第4季,0.829,公噸,0,公噸,2.652,公噸,2.844,公噸,完成核算
T5603779,高鉅企業行(與T5603662重複管編),2016年第3季,0,公噸,9.186,公噸,0,公噸,0,公噸,完成季登錄確認
T5603779,高鉅企業行(與T5603662重複管編),2016年第4季,0,公噸,10.711,公噸,0,公噸,0,公噸,完成季登錄確認
T5603484,廣榮開發企業有限公司,2016年第3季,0,公噸,5.497,公噸,0,公噸,0,公噸,完成季登錄確認
T5603484,廣榮開發企業有限公司,2016年第4季,0,公噸,5.617,公噸,0,公噸,0,公噸,完成季登錄確認
T5603313,連宏畜牧場,2016年第4季,0,公噸,0,公噸,0,公噸,0.008,公噸,完成核算
T5603313,連宏畜牧場,2016年第3季,0,公噸,0,公噸,0,公噸,0.009,公噸,完成核算
T5600367,仁雲企業社,2016年第3季,0,公噸,5.123,公噸,0,公噸,0,公噸,完成季登錄確認
T5600367,仁雲企業社,2016年第4季,0,公噸,5.404,公噸,0,公噸,0,公噸,完成季登錄確認
T5600036,嘉宏豆腐店,2016年第3季,0,公噸,0,公噸,0.004,公噸,0.088,公噸,完成核算
T5600036,嘉宏豆腐店,2016年第4季,0,公噸,0,公噸,0.005,公噸,0.092,公噸,完成核算
T55A0317,如記食品有限公司,2016年第3季,0,公噸,0,公噸,0.138,公噸,0.372,公噸,完成核算
T55A0317,如記食品有限公司,2016年第4季,0,公噸,0,公噸,0.156,公噸,0.377,公噸,完成核算
T55A0050,鑫山食品廠,2016年第3季,0,公噸,0,公噸,0.028,公噸,0.02,公噸,完成核算
T55A0050,鑫山食品廠,2016年第4季,0,公噸,0,公噸,0.028,公噸,0.02,公噸,完成核算
T5501387,萬珍農產行,2016年第3季,0,公噸,0,公噸,0.004,公噸,0.003,公噸,完成核算
T5501387,萬珍農產行,2016年第4季,0,公噸,0,公噸,0.004,公噸,0.003,公噸,完成核算
T5501378,萬津醬園,2016年第3季,0,公噸,0,公噸,0.006,公噸,0.004,公噸,完成核算
T5501378,萬津醬園,2016年第4季,0,公噸,0,公噸,0.006,公噸,0.004,公噸,完成核算
T5500200,屏東縣肉品市場股份有限公司,2016年第4季,0,公噸,0,公噸,0.095,公噸,0.066,公噸,完成核算
T5500200,屏東縣肉品市場股份有限公司,2016年第3季,0,公噸,0,公噸,0.19,公噸,0.132,公噸,完成核算
T5500184,台田醬園,2016年第3季,0,公噸,0,公噸,0.01,公噸,0.007,公噸,完成核算
T5500184,台田醬園,2016年第4季,0,公噸,0,公噸,0.01,公噸,0.007,公噸,完成核算
T5500095,力泰工業股份有限公司,2016年第3季,0.74,公噸,0,公噸,2.35,公噸,1.681,公噸,完成核算
T5500095,力泰工業股份有限公司,2016年第4季,0.76,公噸,0,公噸,2.502,公噸,1.79,公噸,完成核算
T54A2081,瑞洋生物科技有限公司,2016年第3季,0,公噸,0,公噸,0.466,公噸,0.323,公噸,完成核算
T54A2081,瑞洋生物科技有限公司,2016年第4季,0,公噸,0,公噸,1.14,公噸,0.791,公噸,完成核算
T54A1419,三冠畜牧場,2016年第3季,0,公噸,0,公噸,0.005,公噸,0.095,公噸,完成核算
T54A1419,三冠畜牧場,2016年第4季,0,公噸,0,公噸,0.005,公噸,0.105,公噸,完成核算
T54A1003,超群混凝土工業股份有限公司內埔廠,2016年第3季,0,公噸,0.41,公噸,0,公噸,0,公噸,完成季登錄確認
T54A1003,超群混凝土工業股份有限公司內埔廠,2016年第4季,0,公噸,0.437,公噸,0,公噸,0,公噸,完成季登錄確認
T54A0570,順興企業社,2016年第4季,0.027,公噸,0,公噸,0.008,公噸,0.019,公噸,完成核算
T54A0570,順興企業社,2016年第3季,0.033,公噸,0,公噸,0.01,公噸,0.024,公噸,完成核算
T54A0461,升元成農產品園,2016年第3季,0,公噸,0,公噸,0.01,公噸,0.007,公噸,完成核算
T54A0461,升元成農產品園,2016年第4季,0,公噸,0,公噸,0.01,公噸,0.007,公噸,完成核算
T5405979,全興工業股份有限公司屏東廠,2016年第3季,1.149,公噸,0,公噸,0,公噸,0,公噸,完成核算
T5405979,全興工業股份有限公司屏東廠,2016年第4季,1.366,公噸,0,公噸,0,公噸,0,公噸,完成核算
T5405737,新城國際實業股份有限公司,2016年第4季,0,公噸,0,公噸,0,公噸,0.05,公噸,完成核算
T5405737,新城國際實業股份有限公司,2016年第3季,0,公噸,0,公噸,0,公噸,0.051,公噸,完成核算
T5405684,欣屏豐食品工業有限公司,2016年第3季,0,公噸,0,公噸,0,公噸,0,公噸,完成核算
T5405684,欣屏豐食品工業有限公司,2016年第4季,0,公噸,0,公噸,0,公噸,0,公噸,完成核算
T5405675,台灣青啤股份有限公司屏東龍泉啤酒廠,2016年第4季,0,公噸,0.074,公噸,0.465,公噸,0.34,公噸,完成核算
T5405675,台灣青啤股份有限公司屏東龍泉啤酒廠,2016年第3季,0,公噸,0.148,公噸,0.931,公噸,0.68,公噸,完成核算
T5405620,威翰環保工業股份有限公司,2016年第4季,0,公噸,0.174,公噸,1.045,公噸,0.725,公噸,完成核算
T5405620,威翰環保工業股份有限公司,2016年第3季,0,公噸,0.206,公噸,1.33,公噸,0.922,公噸,完成核算
T5405175,真口味食品企業股份有限公司龍泉二廠,2016年第4季,0,公噸,0.096,公噸,0.773,公噸,0.523,公噸,完成核算
T5405175,真口味食品企業股份有限公司龍泉二廠,2016年第3季,0,公噸,0.123,公噸,1.02,公噸,0.666,公噸,完成核算
T5402576,強匠冷凍食品股份有限公司,2016年第3季,0,公噸,0,公噸,0.76,公噸,0.527,公噸,完成核算
T5402576,強匠冷凍食品股份有限公司,2016年第4季,0,公噸,0,公噸,0.76,公噸,0.527,公噸,完成核算
T5402432,億發食品股份有限公司,2016年第3季,0,公噸,0,公噸,0.171,公噸,0.119,公噸,完成核算
T5402432,億發食品股份有限公司,2016年第4季,0,公噸,0,公噸,0.342,公噸,0.237,公噸,完成核算
T5402398,高科磁技股份有限公司,2016年第4季,0.46,公噸,0,公噸,0,公噸,0.091,公噸,完成核算
T5402398,高科磁技股份有限公司,2016年第3季,0.735,公噸,0,公噸,0,公噸,0.145,公噸,完成核算
T5402281,全興飼料股份有限公司屏東廠,2016年第4季,0,公噸,0,公噸,1.382,公噸,0.783,公噸,完成核算
T5402281,全興飼料股份有限公司屏東廠,2016年第3季,0,公噸,0.145,公噸,1.641,公噸,0.904,公噸,完成核算
T5400965,台灣綠藻工業股份有限公司龍泉廠,2016年第4季,0,公噸,0.101,公噸,0.914,公噸,0.629,公噸,完成核算
T5400965,台灣綠藻工業股份有限公司龍泉廠,2016年第3季,0,公噸,0.102,公噸,0.913,公噸,0.628,公噸,完成核算
T5400572,頂新製油實業股份有限公司屏東廠,2016年第3季,0,公噸,0,公噸,0.005,公噸,0.003,公噸,完成核算
T5400572,頂新製油實業股份有限公司屏東廠,2016年第4季,0,公噸,0,公噸,0.008,公噸,0.005,公噸,完成核算
T5400536,宏益冷凍食品股份有限公司,2016年第4季,0,公噸,0,公噸,0.228,公噸,0.217,公噸,完成核算
T5400536,宏益冷凍食品股份有限公司,2016年第3季,0,公噸,0,公噸,0.304,公噸,0.249,公噸,完成核算
T5400527,維鋼工業股份有限公司,2016年第3季,0,公噸,0,公噸,0,公噸,0,公噸,完成核算
T5400527,維鋼工業股份有限公司,2016年第4季,0,公噸,0,公噸,0,公噸,0,公噸,完成核算
T5400509,復進企業股份有限公司,2016年第3季,0,公噸,0,公噸,0.028,公噸,0.02,公噸,完成核算
T5400509,復進企業股份有限公司,2016年第4季,0,公噸,0,公噸,0.038,公噸,0.026,公噸,完成核算
T5400483,臺灣菸酒股份有限公司屏東酒廠,2016年第3季,5.182,公噸,0.132,公噸,2.934,公噸,2.161,公噸,完成核算
T5400483,臺灣菸酒股份有限公司屏東酒廠,2016年第4季,6.154,公噸,0.335,公噸,2.488,公噸,1.955,公噸,完成核算
T5400438,陸仕企業股份有限公司屏東廠,2016年第4季,0,公噸,0,公噸,1.197,公噸,0.802,公噸,完成核算
T5400438,陸仕企業股份有限公司屏東廠,2016年第3季,0,公噸,0.001,公噸,1.047,公噸,0.711,公噸,完成核算
T5400429,聖恩企業股份有限公司,2016年第3季,0,公噸,0,公噸,0,公噸,0,公噸,完成核算
T5400429,聖恩企業股份有限公司,2016年第4季,0,公噸,0,公噸,0.114,公噸,0.079,公噸,完成核算
T5400410,萬家香醬園股份有限公司屏東廠,2016年第3季,0,公噸,0,公噸,0.867,公噸,0.976,公噸,完成核算
T5400410,萬家香醬園股份有限公司屏東廠,2016年第4季,0,公噸,0.001,公噸,0.657,公噸,0.849,公噸,完成核算
T5400232,偉銘木業股份有限公司,2016年第3季,0.229,公噸,0,公噸,0.002,公噸,0.057,公噸,完成核算
T5400232,偉銘木業股份有限公司,2016年第4季,0.298,公噸,0,公噸,0.002,公噸,0.061,公噸,完成核算
T5400170,國盛食品股份有限公司屏東廠,2016年第3季,0,公噸,0,公噸,0.256,公噸,0.178,公噸,完成核算
T5400170,國盛食品股份有限公司屏東廠,2016年第4季,0,公噸,0,公噸,0.256,公噸,0.178,公噸,完成核算
T5400116,全興飼料股份有限公司內埔廠,2016年第4季,0,公噸,0,公噸,0.076,公噸,0.071,公噸,完成核算
T5400116,全興飼料股份有限公司內埔廠,2016年第3季,0,公噸,0.437,公噸,0.203,公噸,0.179,公噸,完成核算
T5400107,臺灣菸酒股份有限公司內埔菸廠,2016年第3季,0.094,公噸,0,公噸,0.011,公噸,0.136,公噸,完成核算
T5400107,臺灣菸酒股份有限公司內埔菸廠,2016年第4季,0.125,公噸,0,公噸,0.057,公噸,0.383,公噸,完成核算
T53A0337,亨科企業有限公司,2016年第4季,0.203,公噸,0,公噸,0,公噸,0,公噸,完成核算
T53A0020,勤德農產食品有限公司,2016年第3季,0,公噸,0,公噸,0.014,公噸,0.175,公噸,完成核算
T53A0020,勤德農產食品有限公司,2016年第4季,0,公噸,0,公噸,0.01,公噸,0.221,公噸,完成核算
T5300442,恩盈企業股份有限公司,2016年第3季,0.069,公噸,0,公噸,0.014,公噸,0.032,公噸,完成核算
T5300442,恩盈企業股份有限公司,2016年第4季,0.069,公噸,0,公噸,0.014,公噸,0.032,公噸,完成核算
T5300415,必高暢生物科技股份有限公司,2016年第3季,0,公噸,0,公噸,0.001,公噸,0.001,公噸,完成核算
T5300415,必高暢生物科技股份有限公司,2016年第4季,0,公噸,0,公噸,0.002,公噸,0.001,公噸,完成核算
T52A0718,眾宏實業有限公司,2016年第3季,0,公噸,3.792,公噸,0,公噸,0,公噸,完成季登錄確認
T52A0718,眾宏實業有限公司,2016年第4季,0,公噸,3.792,公噸,0,公噸,0,公噸,申報補件
T52A0669,順揚砂石有限公司,2016年第3季,0,公噸,2.043,公噸,0,公噸,0,公噸,完成季登錄確認
T52A0669,順揚砂石有限公司,2016年第4季,0,公噸,3.203,公噸,0,公噸,0,公噸,完成季登錄確認
T52A0144,獲益砂石開發企業有限公司,2016年第3季,0,公噸,0,公噸,0,公噸,0,公噸,完成季登錄確認
T52A0144,獲益砂石開發企業有限公司,2016年第4季,0,公噸,0,公噸,0,公噸,0,公噸,完成季登錄確認
T5204212,大智耘實業股份有限公司,2016年第3季,0.833,公噸,0,公噸,0,公噸,0,公噸,完成核算
T5204212,大智耘實業股份有限公司,2016年第4季,0.806,公噸,0,公噸,0,公噸,0,公噸,完成核算
T5204061,高揚冷凍食品股份有限公司,2016年第3季,0,公噸,0,公噸,0.38,公噸,0.264,公噸,完成核算
T5204061,高揚冷凍食品股份有限公司,2016年第4季,0,公噸,0,公噸,0.475,公噸,0.329,公噸,完成核算
T5200858,法興耐火材料工業股份有限公司,2016年第4季,0,公噸,0,公噸,0.004,公噸,0.056,公噸,完成核算
T5200858,法興耐火材料工業股份有限公司,2016年第3季,0,公噸,0,公噸,0.005,公噸,0.061,公噸,完成核算
T5200670,遠東藍藻工業股份有限公司屏東工廠,2016年第4季,0,公噸,0,公噸,0.165,公噸,0.084,公噸,完成核算
T5200670,遠東藍藻工業股份有限公司屏東工廠,2016年第3季,0,公噸,0,公噸,0.343,公噸,0.175,公噸,完成核算
T5200634,鳳勝實業股份有限公司高樹廠,2016年第3季,0,公噸,1.491,公噸,0,公噸,0,公噸,完成季登錄確認
T5200634,鳳勝實業股份有限公司高樹廠,2016年第4季,0,公噸,1.83,公噸,0,公噸,0,公噸,完成季登錄確認
T5200634,鳳勝實業股份有限公司高樹廠,2016年第2季,0,公噸,1.986,公噸,0,公噸,0,公噸,完成申報
T5200205,宏偉冷凍食品股份有限公司,2016年第3季,0,公噸,0,公噸,0.133,公噸,0.099,公噸,完成核算
T5200205,宏偉冷凍食品股份有限公司,2016年第4季,0,公噸,0,公噸,0.199,公噸,0.149,公噸,完成核算
T51A0773,振聲農業科技股份有限公司第二場,2016年第1季,0,公噸,0,公噸,0,公噸,0,公噸,完成核算
T51A0773,振聲農業科技股份有限公司第二場,2016年第2季,0,公噸,0,公噸,0,公噸,0,公噸,完成核算
T51A0773,振聲農業科技股份有限公司第二場,2016年第3季,0,公噸,0,公噸,0,公噸,0,公噸,完成核算
T51A0773,振聲農業科技股份有限公司第二場,2016年第4季,0,公噸,0,公噸,0.059,公噸,0.039,公噸,完成核算
T51A0436,益磊砂石行,2016年第3季,0,公噸,12.849,公噸,0,公噸,0,公噸,完成季登錄確認
T51A0436,益磊砂石行,2016年第4季,0,公噸,16.155,公噸,0,公噸,0,公噸,完成季登錄確認
T51A0327,柏元企業行,2016年第3季,0,公噸,8.483,公噸,0,公噸,0,公噸,完成季登錄確認
T51A0327,柏元企業行,2016年第4季,0,公噸,11.379,公噸,0,公噸,0,公噸,完成季登錄確認
T51A0268,日高工程實業股份有限公司,2016年第3季,0.025,公噸,0,公噸,0,公噸,0,公噸,完成核算
T51A0268,日高工程實業股份有限公司,2016年第4季,0.048,公噸,0,公噸,0,公噸,0,公噸,完成核算
T51A0169,楓田實業有限公司,2016年第4季,0,公噸,0,公噸,0.238,公噸,0.351,公噸,完成核算
T51A0169,楓田實業有限公司,2016年第3季,0,公噸,0.234,公噸,0.034,公噸,0.141,公噸,完成核算
T51A0119,昱成生物科技股份有限公司,2016年第3季,0,公噸,0.002,公噸,0.841,公噸,0.942,公噸,完成核算
T51A0119,昱成生物科技股份有限公司,2016年第4季,0,公噸,0.002,公噸,0.104,公噸,0.493,公噸,完成核算
T51A0080,結凰食品有限公司,2016年第3季,0,公噸,0,公噸,0.028,公噸,0.02,公噸,完成核算
T51A0080,結凰食品有限公司,2016年第4季,0,公噸,0,公噸,0.028,公噸,0.02,公噸,完成核算
T51A0040,萬順畜牧場,2016年第3季,0,公噸,0,公噸,0.01,公噸,0.014,公噸,完成核算
T51A0040,萬順畜牧場,2016年第4季,0,公噸,0,公噸,0.001,公噸,0.024,公噸,完成核算
T5104655,佑晟金屬有限公司,2016年第4季,0,公噸,0,公噸,0.262,公噸,0.181,公噸,完成核算
T5104655,佑晟金屬有限公司,2016年第3季,0,公噸,0,公噸,0.257,公噸,0.178,公噸,完成核算
T5104208,興佑實業有限公司,2016年第4季,0,公噸,0.008,公噸,0,公噸,0,公噸,完成季登錄確認
T5104208,興佑實業有限公司,2016年第3季,0,公噸,0.01,公噸,0,公噸,0,公噸,完成季登錄確認
T5104057,振寓有限公司屏東廠,2016年第4季,0.494,公噸,0,公噸,0.556,公噸,0.974,公噸,完成核算
T5104057,振寓有限公司屏東廠,2016年第3季,0.305,公噸,0,公噸,0.304,公噸,0.547,公噸,完成核算
T5104048,鴻運企業行,2016年第3季,0,公噸,0.744,公噸,0,公噸,0,公噸,完成季登錄確認
T5104048,鴻運企業行,2016年第4季,0,公噸,2.273,公噸,0,公噸,0,公噸,完成季登錄確認
T5101449,明鴻冷凍食品股份有限公司,2016年第3季,0,公噸,0,公噸,0.095,公噸,0.066,公噸,完成核算
T5101449,明鴻冷凍食品股份有限公司,2016年第4季,0,公噸,0,公噸,0.114,公噸,0.079,公噸,完成核算
T5100362,政億窗飾材料股份有限公司,2016年第4季,1.078,公噸,0,公噸,0.001,公噸,0.018,公噸,完成核算
T5100362,政億窗飾材料股份有限公司,2016年第3季,0.957,公噸,0,公噸,0.002,公噸,0.02,公噸,完成核算
T5100335,天佑混凝土工業股份有限公司屏東工廠,2016年第3季,0,公噸,0,公噸,0.032,公噸,0.022,公噸,完成核算
T5100335,天佑混凝土工業股份有限公司屏東工廠,2016年第4季,0,公噸,0,公噸,0.04,公噸,0.028,公噸,完成核算
T5100326,振聲冷凍食品股份有限公司,2016年第4季,0,公噸,0,公噸,0.479,公噸,0.331,公噸,完成核算
T5100326,振聲冷凍食品股份有限公司,2016年第3季,0,公噸,0,公噸,0.55,公噸,0.387,公噸,完成核算
T5100031,仕和企業股份有限公司鹽埔碎石場,2016年第4季,0,公噸,13.848,公噸,0,公噸,0,公噸,完成季登錄確認
T5100031,仕和企業股份有限公司鹽埔碎石場,2016年第3季,0,公噸,14.734,公噸,0,公噸,0,公噸,完成季登錄確認
T5006636,傑生工業股份有限公司,2016年第3季,0.063,公噸,0,公噸,0.004,公噸,0.047,公噸,完成核算
T5006636,傑生工業股份有限公司,2016年第4季,0.052,公噸,0,公噸,0.004,公噸,0.051,公噸,完成核算
T5006430,偉鈞股份有限公司屏東廠,2016年第3季,0,公噸,0,公噸,0,公噸,0,公噸,完成季登錄確認
T5006430,偉鈞股份有限公司屏東廠,2016年第4季,0,公噸,0.105,公噸,0,公噸,0,公噸,完成季登錄確認
T5006243,富喬砂石有限公司,2016年第3季,0,公噸,1.295,公噸,0,公噸,0,公噸,完成季登錄確認
T5006243,富喬砂石有限公司,2016年第4季,0,公噸,1.305,公噸,0,公噸,0,公噸,完成季登錄確認
T5006225,齊泰實業有限公司,2016年第3季,0,公噸,0.172,公噸,0,公噸,0,公噸,完成季登錄確認
T5006225,齊泰實業有限公司,2016年第4季,0,公噸,1.617,公噸,0,公噸,0,公噸,完成季登錄確認
T5006083,永昇冷凍食品工業股份有限公司,2016年第3季,0,公噸,0.04,公噸,0.308,公噸,0.206,公噸,完成核算
T5006083,永昇冷凍食品工業股份有限公司,2016年第4季,0,公噸,0.064,公噸,0.488,公噸,0.327,公噸,完成核算
T5006029,吉祥砂石股份有限公司,2016年第3季,0,公噸,0.001,公噸,0,公噸,0,公噸,完成季登錄確認
T5006029,吉祥砂石股份有限公司,2016年第4季,0,公噸,0.002,公噸,0,公噸,0,公噸,完成季登錄確認
T5005844,和慶企業行,2016年第4季,0,公噸,2.198,公噸,0,公噸,0,公噸,完成季登錄確認
